make,model,price_value,price_currency,year,engine,mileage_km,city,url
Lynk,& Co 900,104900.0,AZN,2026,1.5 L,0,Bakı,https://turbo.az/autos/10010152-lynk-co-900
Li,Auto L9,125800.0,AZN,2025,1.5 L,0,Bakı,https://turbo.az/autos/10057115-li-auto-l9
CFMOTO,450 CL-C BOBBER,10300.0,AZN,2025,,99,Bakı,https://turbo.az/autos/10565336-cfmoto-450-cl-c-bobber
Hyundai,Avante,21000.0,AZN,2015,1.6 L,137000,Bakı,https://turbo.az/autos/10633040-hyundai-avante
Land,Rover Defender,121000.0,AZN,2021,3.0 L,136000,Bakı,https://turbo.az/autos/10320565-land-rover-defender
Audi,A8,8800.0,AZN,2003,3.7 L,173000,Bakı,https://turbo.az/autos/10464663-audi-a8
Mercedes,E 200,18500.0,AZN,1994,2.0 L,156600,Bakı,https://turbo.az/autos/10577381-mercedes-e-200
BMW,325,16500.0,AZN,1995,2.5 L,250000,Bakı,https://turbo.az/autos/10586458-bmw-325
Mercedes,S 320,20000.0,AZN,1993,3.2 L,166000,Bakı,https://turbo.az/autos/10606572-mercedes-s-320
Hyundai,Accent,16900.0,AZN,2017,1.6 L,199578,Bakı,https://turbo.az/autos/10616033-hyundai-accent
BMW,325,7700.0,AZN,2000,2.5 L,270000,Bakı,https://turbo.az/autos/10628993-bmw-325
Changan,CS 75 Plus,50900.0,AZN,2026,1.5 L,10,Bakı,https://turbo.az/autos/10630568-changan-cs-75-plus
Hyundai,Elantra,33499.0,AZN,2026,1.5 L,0,Bakı,https://turbo.az/autos/10465281-hyundai-elantra
Kia,Sportage,20600.0,AZN,2011,2.0 L,162676,Bakı,https://turbo.az/autos/10636260-kia-sportage
Changan,CS 55 Plus,33899.0,AZN,2026,1.5 L,0,Bakı,https://turbo.az/autos/10516300-changan-cs-55-plus
Mercedes,190,3900.0,AZN,1992,2.3 L,350000,Bakı,https://turbo.az/autos/10636287-mercedes-190
Mercedes,Atego 818,38000.0,AZN,2011,4.3 L,403000,Bakı,https://turbo.az/autos/7953875-mercedes-atego-818
Kia,Optima,20900.0,AZN,2017,1.6 L,283518,Bakı,https://turbo.az/autos/10633670-kia-optima
Toyota,Land Cruiser Prado,23800.0,AZN,2004,2.7 L,189000,Bakı,https://turbo.az/autos/10628661-toyota-land-cruiser-prado
Kia,Sorento,27300.0,AZN,2012,2.0 L,271000,Bakı,https://turbo.az/autos/10636251-kia-sorento
Nissan,Note,15500.0,AZN,2020,1.2 L,181000,Bakı,https://turbo.az/autos/10476702-nissan-note
Porsche,Cayenne,79000.0,AZN,2019,3.0 L,148000,Bakı,https://turbo.az/autos/9700309-porsche-cayenne
BMW,328,22900.0,AZN,2015,2.0 L,142000,Bakı,https://turbo.az/autos/10363043-bmw-328
Mercedes,GLC 200 4MATIC Coupe,165462.0,AZN,2026,2.0 L,0,Bakı,https://turbo.az/autos/10506173-mercedes-glc-200-4matic-coupe
Hyundai,i10,7900.0,AZN,2009,1.2 L,300000,Bakı,https://turbo.az/autos/10636290-hyundai-i10
Hyundai,Sonata,34300.0,AZN,2020,1.6 L,89600,Bakı,https://turbo.az/autos/10636283-hyundai-sonata
Chevrolet,Aveo,17200.0,AZN,2019,1.6 L,92762,Bakı,https://turbo.az/autos/10477218-chevrolet-aveo
Chevrolet,Malibu,18900.0,AZN,2020,1.5 L,130100,Biləsuvar,https://turbo.az/autos/10313836-chevrolet-malibu
Land,Rover Range Rover,53000.0,AZN,2017,3.0 L,195000,Bakı,https://turbo.az/autos/10636291-land-rover-range-rover
BMW,320,27200.0,AZN,2016,2.0 L,179500,Bakı,https://turbo.az/autos/10590380-bmw-320
Hyundai,i30,12900.0,AZN,2008,1.6 L,297000,Bakı,https://turbo.az/autos/10636289-hyundai-i30
Chevrolet,Malibu,18300.0,AZN,2018,1.5 L,172000,Gəncə,https://turbo.az/autos/10619710-chevrolet-malibu
Toyota,Camry,59000.0,AZN,2021,2.5 L,150000,Bakı,https://turbo.az/autos/10450498-toyota-camry
BENDA,Dark Flag 950,22490.0,AZN,2025,1.0 L,0,Bakı,https://turbo.az/autos/10186249-benda-dark-flag-950
Hyundai,Accent,22700.0,AZN,2018,1.6 L,241502,Gəncə,https://turbo.az/autos/10636286-hyundai-accent
Audi,A7,36504.0,AZN,2014,3.0 L,212000,Sumqayıt,https://turbo.az/autos/10336813-audi-a7
ZEEKR,9X,159630.0,AZN,2026,2.0 L,0,Bakı,https://turbo.az/autos/10051802-zeekr-9x
BMW,X3,160000.0,AZN,2025,2.0 L,0,Bakı,https://turbo.az/autos/10230262-bmw-x3
BMW,520,69999.0,AZN,2023,2.0 L,30000,Bakı,https://turbo.az/autos/10369815-bmw-520
Kia,Sportage,54800.0,AZN,2025,1.6 L,2600,Bakı,https://turbo.az/autos/10512521-kia-sportage
Hyundai,Grandeur,77000.0,AZN,2024,1.6 L,30000,Bakı,https://turbo.az/autos/10455446-hyundai-grandeur
Land,Rover Range Rover,31000.0,AZN,2011,5.0 L,191859,Cəlilabad,https://turbo.az/autos/10550343-land-rover-range-rover
Toyota,Camry,58500.0,AZN,2025,2.0 L,15900,Gəncə,https://turbo.az/autos/10568511-toyota-camry
Isuzu,NPR 66 L,29500.0,AZN,2008,4.3 L,422000,Bakı,https://turbo.az/autos/10588137-isuzu-npr-66-l
Kia,Rio,9500.0,AZN,2008,1.5 L,400000,Bakı,https://turbo.az/autos/10598266-kia-rio
Chevrolet,Trax,25000.0,AZN,2019,1.8 L,157928,Bakı,https://turbo.az/autos/10621425-chevrolet-trax
Land,Rover Range Rover,23500.0,AZN,2007,4.2 L,240000,Bakı,https://turbo.az/autos/10631442-land-rover-range-rover
BMW,528,23200.0,AZN,2012,2.0 L,290000,Bakı,https://turbo.az/autos/10635009-bmw-528
BENDA,Dark Flag 500 Commander,15490.0,AZN,2025,0.5 L,0,Bakı,https://turbo.az/autos/10186262-benda-dark-flag-500-commander
Changan,CS 75 Plus,34999.0,AZN,2026,1.5 L,0,Bakı,https://turbo.az/autos/10631869-changan-cs-75-plus
Chevrolet,Cruze,16500.0,AZN,2017,1.4 L,117000,Bakı,https://turbo.az/autos/10583420-chevrolet-cruze
LADA,(VAZ) Priora,12500.0,AZN,2015,1.6 L,310000,Şəki,https://turbo.az/autos/10636285-lada-vaz-priora
BENDA,Napoleonbob 250,8990.0,AZN,2025,0.3 L,0,Bakı,https://turbo.az/autos/9886515-benda-napoleonbob-250
Hyundai,Elantra,20800.0,AZN,2014,1.8 L,166000,Bakı,https://turbo.az/autos/10636277-hyundai-elantra
Hyundai,Sonata,25500.0,AZN,2017,2.4 L,186000,Bakı,https://turbo.az/autos/10604298-hyundai-sonata
LADA,(VAZ) 2106,2200.0,AZN,1988,1.3 L,99000,Balakən,https://turbo.az/autos/10636276-lada-vaz-2106
Kia,Rio,11800.0,AZN,2007,1.5 L,225065,Bakı,https://turbo.az/autos/10636284-kia-rio
Volkswagen,Passat,6700.0,AZN,2004,1.8 L,360000,Bakı,https://turbo.az/autos/10636274-volkswagen-passat
Changan,Uni-Z,37500.0,AZN,2026,1.5 L,0,Bakı,https://turbo.az/autos/10582866-changan-uni-z
Changan,Qiyuan Q07,44000.0,AZN,2025,1.5 L,17800,Bakı,https://turbo.az/autos/10636278-changan-qiyuan-q07
BMW,530,6000.0,AZN,1992,3.0 L,400000,Bakı,https://turbo.az/autos/10604175-bmw-530
Hyundai,Grandeur,75500.0,AZN,2024,1.6 L,47000,Bakı,https://turbo.az/autos/10585574-hyundai-grandeur
Changan,Qiyuan Q07,47900.0,AZN,2026,1.5 L,0,Bakı,https://turbo.az/autos/9753810-changan-qiyuan-q07
Chrysler,200,8400.0,AZN,2012,2.4 L,252000,Sumqayıt,https://turbo.az/autos/10159367-chrysler-200
BMW,320d,26500.0,AZN,2016,2.0 L,240000,İmişli,https://turbo.az/autos/10636273-bmw-320d
BMW,750,110500.0,AZN,2021,4.4 L,67000,Bakı,https://turbo.az/autos/10320815-bmw-750
Changan,Alsvin,17900.0,AZN,2024,1.5 L,4130,Bakı,https://turbo.az/autos/10621329-changan-alsvin
Hyundai,Elantra,23800.0,AZN,2014,1.8 L,127000,Şəki,https://turbo.az/autos/10603984-hyundai-elantra
Honda,Accord,16000.0,AZN,2013,2.4 L,328000,Gəncə,https://turbo.az/autos/10636270-honda-accord
ZEEKR,001,48450.0,AZN,2022,,17000,Bakı,https://turbo.az/autos/10636248-zeekr-001
Land,Rover Range Rover,334900.0,AZN,2022,4.4 L,25000,Bakı,https://turbo.az/autos/10138345-land-rover-range-rover
Ford,Transit,28800.0,AZN,2008,2.4 L,185000,Bakı,https://turbo.az/autos/9853360-ford-transit
ZEEKR,007,64000.0,AZN,2024,,0,Bakı,https://turbo.az/autos/8799669-zeekr-007
JAECOO,J8,59900.0,AZN,2026,1.5 L,0,Bakı,https://turbo.az/autos/10396718-jaecoo-j8
Geely,Galaxy M9,57341.0,AZN,2026,1.5 L,0,Sifarişlə,https://turbo.az/autos/10401460-geely-galaxy-m9
Audi,Q5 Sportback,138857.0,AZN,2026,2.0 L,0,Bakı,https://turbo.az/autos/10619580-audi-q5-sportback
Kia,Sorento,35400.0,AZN,2015,2.0 L,209000,Bakı,https://turbo.az/autos/9763041-kia-sorento
Toyota,HiAce,10500.0,AZN,2008,2.7 L,217500,Bakı,https://turbo.az/autos/10039171-toyota-hiace
Honda,Accord,41700.0,AZN,2024,2.0 L,49500,Bakı,https://turbo.az/autos/10481463-honda-accord
LADA,(VAZ) 2114,9400.0,AZN,2012,1.6 L,197628,Gədəbəy,https://turbo.az/autos/10581045-lada-vaz-2114
Opel,Astra,14300.0,AZN,2014,1.4 L,258000,Bakı,https://turbo.az/autos/10585727-opel-astra
Ford,Transit,24500.0,AZN,2009,2.4 L,236000,Bakı,https://turbo.az/autos/10604997-ford-transit
Mercedes,Vito,18500.0,AZN,2010,2.1 L,375000,Bakı,https://turbo.az/autos/10606809-mercedes-vito
Chevrolet,Cruze,12400.0,AZN,2014,1.4 L,270000,Bakı,https://turbo.az/autos/10634044-chevrolet-cruze
LADA,(VAZ) 21011,2900.0,AZN,1979,1.3 L,30000,Bakı,https://turbo.az/autos/10636269-lada-vaz-21011
Mercedes,C 240 4MATIC,10000.0,AZN,2003,2.6 L,228000,Bakı,https://turbo.az/autos/10619511-mercedes-c-240-4matic
Toyota,Prius,12800.0,AZN,2008,1.5 L,266000,Bakı,https://turbo.az/autos/10633280-toyota-prius
Changan,Uni-V,30000.0,AZN,2023,1.5 L,30000,Bakı,https://turbo.az/autos/10636265-changan-uni-v
Renault,Megane,6800.0,AZN,2008,1.5 L,550000,Bakı,https://turbo.az/autos/10636266-renault-megane
BMW,X5,79000.0,AZN,2021,2.0 L,56000,Bakı,https://turbo.az/autos/10377062-bmw-x5
Toyota,Camry,38900.0,AZN,2018,2.5 L,150000,Bakı,https://turbo.az/autos/10604159-toyota-camry
Volkswagen,Touareg,11500.0,AZN,2003,3.2 L,198000,Bakı,https://turbo.az/autos/10636263-volkswagen-touareg
Hyundai,i10,8900.0,AZN,2009,1.2 L,252525,Sumqayıt,https://turbo.az/autos/10636272-hyundai-i10
Mercedes,E 320,16900.0,AZN,2000,3.2 L,347000,Balakən,https://turbo.az/autos/10636262-mercedes-e-320
Mercedes,Vito,22700.0,AZN,2008,2.1 L,192000,Bakı,https://turbo.az/autos/10593956-mercedes-vito
LADA,(VAZ) 2107,5800.0,AZN,2006,1.6 L,75000,Bakı,https://turbo.az/autos/10636257-lada-vaz-2107
Toyota,Passo,9000.0,AZN,2005,1.3 L,305000,Bakı,https://turbo.az/autos/10636264-toyota-passo
Land,Rover Defender,121000.0,AZN,2021,3.0 L,136000,Bakı,https://turbo.az/autos/10320565-land-rover-defender
Toyota,Corolla,31500.0,AZN,2025,1.8 L,0,Bakı,https://turbo.az/autos/10020317-toyota-corolla
Ford,Fusion (North America),21300.0,AZN,2019,2.0 L,173500,Bakı,https://turbo.az/autos/10593869-ford-fusion-north-america
Chevrolet,Orlando,18800.0,AZN,2017,1.6 L,160720,Bakı,https://turbo.az/autos/10624385-chevrolet-orlando
LADA,(VAZ) 2107,10300.0,AZN,2008,1.7 L,18600,Şəki,https://turbo.az/autos/10636254-lada-vaz-2107
Mercedes,E 240,9600.0,AZN,1998,2.4 L,42500,Bakı,https://turbo.az/autos/10631055-mercedes-e-240
Nissan,Tiida,10500.0,AZN,2005,1.6 L,200000,Bakı,https://turbo.az/autos/10636154-nissan-tiida
LADA,(VAZ) 2106,2600.0,AZN,1987,1.6 L,76876,Lənkəran,https://turbo.az/autos/10636253-lada-vaz-2106
Chevrolet,Cruze,12000.0,AZN,2013,1.4 L,300000,Bakı,https://turbo.az/autos/10631116-chevrolet-cruze
Mercedes,GLC 300 e 4MATIC,158816.0,AZN,2025,2.0 L,0,Bakı,https://turbo.az/autos/10110107-mercedes-glc-300-e-4matic
Mercedes,S 450 4MATIC,166600.0,AZN,2020,3.0 L,46000,Bakı,https://turbo.az/autos/10603005-mercedes-s-450-4matic
ZEEKR,9X,212500.0,AZN,2026,2.0 L,0,Sifarişlə,https://turbo.az/autos/10409062-zeekr-9x
Kia,Sorento,61900.0,AZN,2023,1.6 L,28000,Bakı,https://turbo.az/autos/10582750-kia-sorento
Chevrolet,Equinox,24300.0,AZN,2018,1.5 L,115000,Bakı,https://turbo.az/autos/10590972-chevrolet-equinox
Voyah,Dream,80750.0,AZN,2023,1.5 L,79000,Bakı,https://turbo.az/autos/10602135-voyah-dream
Bestune,B70S,22300.0,AZN,2023,1.5 L,34000,Bakı,https://turbo.az/autos/10373570-bestune-b70s
Mercedes,E 220,11600.0,AZN,1998,2.2 L,325690,Biləsuvar,https://turbo.az/autos/10388004-mercedes-e-220
BMW,X5,54000.0,AZN,2014,4.4 L,170000,Zaqatala,https://turbo.az/autos/10558956-bmw-x5
Hyundai,Elantra,30500.0,AZN,2026,1.5 L,0,Bakı,https://turbo.az/autos/10579987-hyundai-elantra
Mazda,CX-9,48000.0,AZN,2020,2.5 L,134900,Bakı,https://turbo.az/autos/10604029-mazda-cx-9
BMW,528,33500.0,AZN,2015,2.0 L,146000,Bakı,https://turbo.az/autos/10619808-bmw-528
BMW,430,62500.0,AZN,2021,2.0 L,54000,Bakı,https://turbo.az/autos/10623001-bmw-430
Chevrolet,Equinox,17900.0,AZN,2018,1.5 L,151000,Bakı,https://turbo.az/autos/10633341-chevrolet-equinox
Mercedes,GLC 200 4MATIC,161678.0,AZN,2026,2.0 L,0,Bakı,https://turbo.az/autos/10506141-mercedes-glc-200-4matic
Mercedes,C 240,13300.0,AZN,1999,2.4 L,405000,Bakı,https://turbo.az/autos/10606527-mercedes-c-240
Mercedes,GLS 450 4MATIC,221209.0,AZN,2025,3.0 L,0,Bakı,https://turbo.az/autos/9540381-mercedes-gls-450-4matic
Ford,Transit,14800.0,AZN,2001,2.0 L,230500,Xaçmaz,https://turbo.az/autos/10607491-ford-transit
Mercedes,GLC 350 e 4MATIC,158743.0,AZN,2024,2.0 L,0,Bakı,https://turbo.az/autos/8885546-mercedes-glc-350-e-4matic
Mercedes,E 300,186200.0,AZN,2026,2.0 L,0,Bakı,https://turbo.az/autos/10355393-mercedes-e-300
Hyundai,Getz,7400.0,AZN,2004,1.4 L,343915,Bakı,https://turbo.az/autos/10605071-hyundai-getz
Lexus,ES 300h,51500.0,AZN,2022,2.5 L,165000,Bakı,https://turbo.az/autos/10603588-lexus-es-300h
LADA,(VAZ) 21011,3200.0,AZN,1984,1.3 L,213421,Qazax,https://turbo.az/autos/10628936-lada-vaz-21011
Audi,Q7,52999.0,AZN,2017,3.0 L,177000,Bakı,https://turbo.az/autos/10601005-audi-q7
Mercedes,E 200,177145.0,AZN,2026,2.0 L,0,Bakı,https://turbo.az/autos/10299311-mercedes-e-200
Chevrolet,Cobalt,23280.0,AZN,2024,1.5 L,185000,Bakı,https://turbo.az/autos/10611208-chevrolet-cobalt
Renault,Megane,8200.0,AZN,2009,1.5 L,359654,Bakı,https://turbo.az/autos/10603642-renault-megane
Land,Rover RR Evoque,59900.0,AZN,2021,2.0 L,101500,Bakı,https://turbo.az/autos/10221975-land-rover-rr-evoque
DAF,85 CF,33000.0,AZN,2013,13 L,1100000,Bakı,https://turbo.az/autos/10636245-daf-85-cf
Mercedes,C 200,13500.0,AZN,2000,2.0 L,320230,Ağcabədi,https://turbo.az/autos/10636233-mercedes-c-200
Audi,A6,49000.0,AZN,2015,3.0 L,42000,Bakı,https://turbo.az/autos/10636250-audi-a6
Mercedes,CLA 250 e,48000.0,AZN,2021,1.3 L,60816,Bakı,https://turbo.az/autos/10531255-mercedes-cla-250-e
Hyundai,Avante,19100.0,AZN,2016,1.6 L,196000,Sifarişlə,https://turbo.az/autos/10636255-hyundai-avante
Hyundai,Sonata,39700.0,AZN,2020,2.0 L,63345,Bakı,https://turbo.az/autos/10564538-hyundai-sonata
Lifan,320,5800.0,AZN,2011,1.3 L,449000,Astara,https://turbo.az/autos/10636224-lifan-320
Kia,Sorento,31900.0,AZN,2017,2.0 L,208000,Bakı,https://turbo.az/autos/10617152-kia-sorento
Toyota,Highlander,79998.0,AZN,2024,2.5 L,23961,Bakı,https://turbo.az/autos/10636247-toyota-highlander
Chevrolet,Cruze,15200.0,AZN,2016,1.4 L,235000,Bakı,https://turbo.az/autos/10630590-chevrolet-cruze
Li,Auto L9,125000.0,AZN,2025,1.5 L,0,Bakı,https://turbo.az/autos/9582599-li-auto-l9
Skoda,Octavia,46900.0,AZN,2024,1.5 L,0,Bakı,https://turbo.az/autos/9794751-skoda-octavia
Changan,Deepal G318,55900.0,AZN,2025,1.5 L,0,Sifarişlə,https://turbo.az/autos/10153892-changan-deepal-g318
Li,Auto L7,86700.0,AZN,2025,1.5 L,0,Bakı,https://turbo.az/autos/10426655-li-auto-l7
Hyundai,i30,15800.0,AZN,2015,1.6 L,308000,Bakı,https://turbo.az/autos/10434175-hyundai-i30
Mini,Cabrio,26000.0,AZN,2017,2.0 L,81000,Bakı,https://turbo.az/autos/10448953-mini-cabrio
Hyundai,Grandeur,31500.0,AZN,2017,2.2 L,158000,Bakı,https://turbo.az/autos/10510785-hyundai-grandeur
Mercedes,E 320,13500.0,AZN,1999,3.2 L,365000,Şəki,https://turbo.az/autos/10524366-mercedes-e-320
Chevrolet,Captiva,26500.0,AZN,2021,1.5 L,53300,Bakı,https://turbo.az/autos/10549287-chevrolet-captiva
Chevrolet,Cruze,16500.0,AZN,2017,1.4 L,117000,Bakı,https://turbo.az/autos/10583420-chevrolet-cruze
Ford,Fusion (North America),19200.0,AZN,2020,1.5 L,191000,Bakı,https://turbo.az/autos/10592828-ford-fusion-north-america
Mitsubishi,Outlander,21800.0,AZN,2013,2.4 L,186361,Sumqayıt,https://turbo.az/autos/10630467-mitsubishi-outlander
JAC,JS2,19500.0,AZN,2026,1.5 L,0,Bakı,https://turbo.az/autos/9278298-jac-js2
BENDA,CVT 350,10700.0,AZN,2026,,980,Bakı,https://turbo.az/autos/10636246-benda-cvt-350
Kia,K3,20900.0,AZN,2017,1.6 L,150250,Bakı,https://turbo.az/autos/10560241-kia-k3
Toyota,Prius,13900.0,AZN,2007,1.5 L,157000,Bakı,https://turbo.az/autos/10553178-toyota-prius
Hyundai,Sonata,33800.0,AZN,2020,1.6 L,62000,Bakı,https://turbo.az/autos/10614562-hyundai-sonata
Lexus,GX 460,53550.0,AZN,2011,4.6 L,98000,Bakı,https://turbo.az/autos/10555181-lexus-gx-460
Hyundai,Sonata,13200.0,AZN,2007,2.0 L,265000,Bakı,https://turbo.az/autos/10636113-hyundai-sonata
Nissan,X-Trail,11200.0,AZN,2003,2.5 L,465000,Bakı,https://turbo.az/autos/10636230-nissan-x-trail
LADA,(VAZ) 2107,1500.0,AZN,1985,1.5 L,15000,Bakı,https://turbo.az/autos/10582814-lada-vaz-2107
Hyundai,Santa Fe,67150.0,AZN,2024,1.6 L,20587,Bakı,https://turbo.az/autos/10598964-hyundai-santa-fe
BMW,X5,111350.0,AZN,2025,3.0 L,37015,Sifarişlə,https://turbo.az/autos/10590585-bmw-x5
Chevrolet,Niva,13500.0,AZN,2013,1.7 L,201000,Sabirabad,https://turbo.az/autos/10636249-chevrolet-niva
Mazda,CX-5,19900.0,AZN,2014,2.0 L,205000,Bakı,https://turbo.az/autos/10595975-mazda-cx-5
Ford,Fusion (North America),18400.0,AZN,2018,1.5 L,120000,Balakən,https://turbo.az/autos/10636244-ford-fusion-north-america
Mazda,3,14700.0,AZN,2014,1.5 L,298000,Bakı,https://turbo.az/autos/10595960-mazda-3
Changan,Deepal S09,76300.0,AZN,2025,1.5 L,0,Bakı,https://turbo.az/autos/10147485-changan-deepal-s09
Hyundai,Veloster,13900.0,AZN,2012,1.6 L,232000,Sumqayıt,https://turbo.az/autos/10636236-hyundai-veloster
Hyundai,Elantra,24000.0,AZN,2014,1.8 L,133000,Bakı,https://turbo.az/autos/10636243-hyundai-elantra
Mercedes,G 450 d,425000.0,AZN,2025,3.0 L,0,Bakı,https://turbo.az/autos/9857813-mercedes-g-450-d
Mercedes,X 250D 4MATIC,59500.0,AZN,2018,2.3 L,179000,Bakı,https://turbo.az/autos/10554954-mercedes-x-250d-4matic
Toyota,Prius,13500.0,AZN,2006,1.5 L,421200,Bakı,https://turbo.az/autos/10636240-toyota-prius
Lexus,LX 570,62900.0,AZN,2014,5.7 L,192000,Bakı,https://turbo.az/autos/10592175-lexus-lx-570
Geely,Galaxy A7,42500.0,AZN,2025,1.5 L,0,Bakı,https://turbo.az/autos/10607252-geely-galaxy-a7
Lexus,GS 300,14900.0,AZN,2008,3.0 L,279000,Bakı,https://turbo.az/autos/10468346-lexus-gs-300
Mercedes,AMG EQE 53 4MATIC,151659.0,AZN,2024,,0,Bakı,https://turbo.az/autos/8773709-mercedes-amg-eqe-53-4matic
Ferrari,458 Italia,338300.0,AZN,2014,4.5 L,3000,Bakı,https://turbo.az/autos/9583222-ferrari-458-italia
GWM,(Great Wall Motor) Poer,50900.0,AZN,2026,2.0 L,0,Bakı,https://turbo.az/autos/9995424-gwm-great-wall-motor-poer
Bestune,T77,26000.0,AZN,2026,1.5 L,0,Bakı,https://turbo.az/autos/10426901-bestune-t77
Chevrolet,Malibu,19000.0,AZN,2018,1.5 L,160000,Bakı,https://turbo.az/autos/8908290-chevrolet-malibu
Toyota,RAV4,66000.0,AZN,2025,2.5 L,0,Bakı,https://turbo.az/autos/9895746-toyota-rav4
Toyota,Land Cruiser Prado,80750.0,AZN,2018,3.0 L,144000,Bakı,https://turbo.az/autos/10398199-toyota-land-cruiser-prado
BMW,X5,49300.0,AZN,2016,3.0 L,252667,Bakı,https://turbo.az/autos/10501846-bmw-x5
Toyota,Camry,49500.0,AZN,2024,2.5 L,66500,Bakı,https://turbo.az/autos/10544058-toyota-camry
Mercedes,X 250D 4MATIC,59500.0,AZN,2018,2.3 L,179000,Bakı,https://turbo.az/autos/10554954-mercedes-x-250d-4matic
Opel,Astra,7900.0,AZN,2006,1.3 L,409000,Bakı,https://turbo.az/autos/10611283-opel-astra
Chevrolet,Cruze,16800.0,AZN,2015,1.8 L,213569,Bakı,https://turbo.az/autos/10627324-chevrolet-cruze
Kia,Sorento,48000.0,AZN,2023,1.6 L,162000,Bakı,https://turbo.az/autos/10589409-kia-sorento
Kia,Sorento,73500.0,AZN,2023,1.6 L,46500,Bakı,https://turbo.az/autos/10636217-kia-sorento
Nissan,Patrol,244999.0,AZN,2026,3.5 L,0,Bakı,https://turbo.az/autos/10369857-nissan-patrol
Land,Rover Range Rover,86700.0,AZN,2020,3.0 L,112000,Bakı,https://turbo.az/autos/10603769-land-rover-range-rover
Toyota,Prius,15900.0,AZN,2006,1.5 L,358000,Bakı,https://turbo.az/autos/10538895-toyota-prius
LADA,(VAZ) 2115,10500.0,AZN,2009,1.6 L,130000,Şamaxı,https://turbo.az/autos/10636235-lada-vaz-2115
LADA,(VAZ) 2106,3800.0,AZN,2004,1.6 L,100000,Bakı,https://turbo.az/autos/10636234-lada-vaz-2106
Chevrolet,Equinox,22900.0,AZN,2019,1.5 L,183000,Şəmkir,https://turbo.az/autos/10577187-chevrolet-equinox
Changan,CS 75 Plus,42500.0,AZN,2026,1.5 L,0,Bakı,https://turbo.az/autos/10636238-changan-cs-75-plus
BMW,530e,41200.0,AZN,2017,2.0 L,126486,Bakı,https://turbo.az/autos/10608597-bmw-530e
Land,Rover Range Rover,61800.0,AZN,2016,3.0 L,132000,Bakı,https://turbo.az/autos/10601453-land-rover-range-rover
BMW,530,51200.0,AZN,2021,2.0 L,150000,Bakı,https://turbo.az/autos/10618870-bmw-530
Volkswagen,Passat,4700.0,AZN,2002,1.8 L,318000,Bakı,https://turbo.az/autos/10636160-volkswagen-passat
Opel,Astra,10300.0,AZN,2008,1.3 L,338800,Bakı,https://turbo.az/autos/10516523-opel-astra
BMW,XM 50e,289000.0,AZN,2025,3.0 L,0,Bakı,https://turbo.az/autos/9723285-bmw-xm-50e
Volkswagen,Jetta,11550.0,AZN,2011,2.5 L,161000,Bakı,https://turbo.az/autos/10618889-volkswagen-jetta
Ford,Fusion (North America),14900.0,AZN,2015,1.5 L,194000,Masallı,https://turbo.az/autos/10579611-ford-fusion-north-america
Hyundai,Elantra,19400.0,AZN,2017,2.0 L,193121,Bakı,https://turbo.az/autos/10599055-hyundai-elantra
BMW,530e,183000.0,AZN,2025,2.0 L,0,Bakı,https://turbo.az/autos/10015069-bmw-530e
BMW,X7,277000.0,AZN,2026,3.0 L,0,Bakı,https://turbo.az/autos/10618343-bmw-x7
LADA,(VAZ) 2106,4000.0,AZN,1994,1.3 L,150000,Mingəçevir,https://turbo.az/autos/10636229-lada-vaz-2106
BMW,X5,235000.0,AZN,2026,3.0 L,0,Bakı,https://turbo.az/autos/10618811-bmw-x5
Kia,Carens,22900.0,AZN,2015,1.7 L,218000,Bakı,https://turbo.az/autos/10565420-kia-carens
Audi,A3,12500.0,AZN,2012,1.4 L,136000,Bakı,https://turbo.az/autos/10581816-audi-a3
ZEEKR,007 GT,84150.0,AZN,2026,,0,Bakı,https://turbo.az/autos/9797727-zeekr-007-gt
KYC,V5D EV,52900.0,AZN,2025,,0,Bakı,https://turbo.az/autos/10107808-kyc-v5d-ev
BMW,X5,200600.0,AZN,2025,3.0 L,19500,Bakı,https://turbo.az/autos/10532156-bmw-x5
Changan,CS 55 Plus,30500.0,AZN,2026,1.5 L,0,Bakı,https://turbo.az/autos/10600982-changan-cs-55-plus
Mercedes,S 55 AMG,27600.0,AZN,2004,5.4 L,150000,Bakı,https://turbo.az/autos/10414707-mercedes-s-55-amg
Mercedes,Vito,23900.0,AZN,2011,2.1 L,275000,Bakı,https://turbo.az/autos/10557291-mercedes-vito
Honda,Accord,25700.0,AZN,2019,1.5 L,193000,Bakı,https://turbo.az/autos/10585000-honda-accord
Hyundai,Elantra,16500.0,AZN,2011,1.8 L,217950,Bakı,https://turbo.az/autos/10591690-hyundai-elantra
Hyundai,Sonata,35200.0,AZN,2022,2.0 L,103000,Bakı,https://turbo.az/autos/10595039-hyundai-sonata
Lincoln,Corsair,71400.0,AZN,2022,2.5 L,25000,Bakı,https://turbo.az/autos/10610070-lincoln-corsair
BYD,Leopard 5,66000.0,AZN,2024,1.5 L,23000,Bakı,https://turbo.az/autos/10615485-byd-leopard-5
Mercedes,E 220 d,54000.0,AZN,2017,2.0 L,250000,Bakı,https://turbo.az/autos/10632848-mercedes-e-220-d
Audi,A3,12500.0,AZN,2012,1.4 L,136000,Bakı,https://turbo.az/autos/10581816-audi-a3
Hyundai,Grandeur,15800.0,AZN,2014,2.2 L,189767,Bakı,https://turbo.az/autos/10636227-hyundai-grandeur
Honda,CR-V,21900.0,AZN,2012,2.4 L,259000,Xırdalan,https://turbo.az/autos/10626663-honda-cr-v
BMW,430,30300.0,AZN,2018,2.0 L,88000,Bakı,https://turbo.az/autos/10614596-bmw-430
Lexus,ES 300h,73950.0,AZN,2023,2.5 L,49000,Bakı,https://turbo.az/autos/10599274-lexus-es-300h
Hyundai,ix35,22900.0,AZN,2010,2.0 L,199000,Xırdalan,https://turbo.az/autos/10599529-hyundai-ix35
Porsche,Cayenne Turbo,85000.0,AZN,2011,4.8 L,46000,Bakı,https://turbo.az/autos/10589146-porsche-cayenne-turbo
Toyota,Land Cruiser,126650.0,AZN,2021,3.3 L,145000,Bakı,https://turbo.az/autos/10615378-toyota-land-cruiser
Volkswagen,Passat,16500.0,AZN,2015,1.8 L,143000,Bakı,https://turbo.az/autos/10620531-volkswagen-passat
Toyota,Land Cruiser Prado,45000.0,AZN,2014,2.7 L,136519,Sumqayıt,https://turbo.az/autos/10556322-toyota-land-cruiser-prado
Volkswagen,Polo,13900.0,AZN,2014,1.6 L,189000,Xırdalan,https://turbo.az/autos/10574253-volkswagen-polo
Toyota,Corolla,40500.0,AZN,2026,1.8 L,0,Bakı,https://turbo.az/autos/10492483-toyota-corolla
Nissan,Tiida,9500.0,AZN,2008,1.5 L,400000,Bakı,https://turbo.az/autos/10636223-nissan-tiida
Toyota,Camry,65500.0,AZN,2024,2.5 L,27000,Bakı,https://turbo.az/autos/10474064-toyota-camry
Toyota,Corolla,40500.0,AZN,2026,1.8 L,0,Bakı,https://turbo.az/autos/10492691-toyota-corolla
Toyota,Camry,61500.0,AZN,2025,2.0 L,0,Bakı,https://turbo.az/autos/9599032-toyota-camry
Infiniti,QX70S,33800.0,AZN,2013,3.7 L,164000,Bakı,https://turbo.az/autos/10636216-infiniti-qx70s
Toyota,Camry,21900.0,AZN,2013,2.5 L,298000,Xırdalan,https://turbo.az/autos/10504087-toyota-camry
LADA,(VAZ) Niva,17900.0,AZN,2021,1.7 L,50000,Bakı,https://turbo.az/autos/10563540-lada-vaz-niva
BMW,540,56950.0,AZN,2018,3.0 L,138000,Bakı,https://turbo.az/autos/10551389-bmw-540
Mercedes,E 220 d,40500.0,AZN,2016,2.0 L,238000,Bakı,https://turbo.az/autos/10472418-mercedes-e-220-d
Lynk,& Co 900,108500.0,AZN,2026,2.0 L,0,Bakı,https://turbo.az/autos/10491926-lynk-co-900
Chevrolet,Cruze,10500.0,AZN,2014,1.4 L,288000,Bakı,https://turbo.az/autos/10633610-chevrolet-cruze
Toyota,Camry,61500.0,AZN,2026,2.0 L,0,Bakı,https://turbo.az/autos/10492712-toyota-camry
Changan,Qiyuan Q07,54500.0,AZN,2025,1.5 L,0,Bakı,https://turbo.az/autos/10191808-changan-qiyuan-q07
Hyundai,Elantra,25300.0,AZN,2019,2.0 L,88000,Bakı,https://turbo.az/autos/10550701-hyundai-elantra
Kia,Magentis,12500.0,AZN,2006,2.0 L,299020,Xırdalan,https://turbo.az/autos/10589890-kia-magentis
Changan,Qiyuan Q07,37000.0,AZN,2025,1.5 L,0,Bakı,https://turbo.az/autos/10624606-changan-qiyuan-q07
Kia,K5,37700.0,AZN,2022,2.0 L,150015,Bakı,https://turbo.az/autos/10454701-kia-k5
Nissan,X-Trail,15800.0,AZN,2007,2.5 L,227000,Bakı,https://turbo.az/autos/10461120-nissan-x-trail
Mercedes,GLE 350 4MATIC,92000.0,AZN,2021,2.0 L,63000,Bakı,https://turbo.az/autos/10570066-mercedes-gle-350-4matic
Mitsubishi,Pajero,25600.0,AZN,2011,3.5 L,168000,Bakı,https://turbo.az/autos/10608835-mitsubishi-pajero
Hyundai,Santa Fe,29500.0,AZN,2017,2.0 L,191185,Bakı,https://turbo.az/autos/10620041-hyundai-santa-fe
Hyundai,Elantra,18500.0,AZN,2011,1.8 L,159195,Bakı,https://turbo.az/autos/10629366-hyundai-elantra
Chevrolet,Equinox,22000.0,AZN,2019,1.5 L,190000,Sumqayıt,https://turbo.az/autos/10629911-chevrolet-equinox
Hyundai,Sonata,25600.0,AZN,2017,2.0 L,87000,Gəncə,https://turbo.az/autos/10633900-hyundai-sonata
Changan,Deepal SL03,31900.0,AZN,2025,1.5 L,0,Bakı,https://turbo.az/autos/9949184-changan-deepal-sl03
Ford,Fusion (North America),13500.0,AZN,2013,1.5 L,244038,Bakı,https://turbo.az/autos/10607658-ford-fusion-north-america
Chevrolet,Trax,16600.0,AZN,2019,1.4 L,146000,Bakı,https://turbo.az/autos/10596646-chevrolet-trax
Toyota,Land Cruiser,45900.0,AZN,2011,4.0 L,219000,Bakı,https://turbo.az/autos/10616044-toyota-land-cruiser
Mercedes,ML 320,7500.0,AZN,1997,3.2 L,234123,Bakı,https://turbo.az/autos/10484417-mercedes-ml-320
DongFeng,Aeolus A30,8800.0,AZN,2016,1.6 L,291715,Bakı,https://turbo.az/autos/10547216-dongfeng-aeolus-a30
Hyundai,Sonata,23900.0,AZN,2015,2.0 L,167000,Xırdalan,https://turbo.az/autos/10563001-hyundai-sonata
ZEEKR,X,61030.0,AZN,2026,,0,Bakı,https://turbo.az/autos/10301428-zeekr-x
BMW,525,21900.0,AZN,2009,2.5 L,167000,Xırdalan,https://turbo.az/autos/10631192-bmw-525
Ford,Fusion (North America),18300.0,AZN,2018,1.5 L,181000,Xankəndi,https://turbo.az/autos/10636207-ford-fusion-north-america
Opel,Zafira,7800.0,AZN,2001,1.6 L,332000,Bakı,https://turbo.az/autos/10314100-opel-zafira
LADA,(VAZ) 2107,7500.0,AZN,2010,1.6 L,90000,Bakı,https://turbo.az/autos/10636208-lada-vaz-2107
DongFeng,Aeolus Huge,41900.0,AZN,2026,1.5 L,0,Bakı,https://turbo.az/autos/8527806-dongfeng-aeolus-huge
BMW,528,25000.0,AZN,2016,2.0 L,168000,Bakı,https://turbo.az/autos/10599295-bmw-528
ZEEKR,X,61030.0,AZN,2026,,0,Bakı,https://turbo.az/autos/10301543-zeekr-x
Kia,Sorento,40150.0,AZN,2017,2.2 L,149000,Sifarişlə,https://turbo.az/autos/10636215-kia-sorento
Mercedes,C 180,7800.0,AZN,1998,1.8 L,525000,Bakı,https://turbo.az/autos/10601208-mercedes-c-180
Toyota,Camry,45500.0,AZN,2019,2.5 L,141855,Bakı,https://turbo.az/autos/10568302-toyota-camry
Mercedes,Atego 818,34000.0,AZN,2009,4.3 L,392000,Bakı,https://turbo.az/autos/10636200-mercedes-atego-818
Mercedes,C 240,6800.0,AZN,2001,2.6 L,274555,Sumqayıt,https://turbo.az/autos/10636213-mercedes-c-240
JAC,Sunray,69900.0,AZN,2026,2.7 L,0,Bakı,https://turbo.az/autos/8264767-jac-sunray
Volkswagen,Touareg,7400.0,AZN,2006,3.2 L,274555,Sumqayıt,https://turbo.az/autos/10513285-volkswagen-touareg
Opel,Astra,11000.0,AZN,2014,1.4 L,155400,Bakı,https://turbo.az/autos/10408589-opel-astra
Khazar,SD,9700.0,AZN,2022,1.7 L,145000,Bakı,https://turbo.az/autos/10631523-khazar-sd
Changan,Uni-K iDD,49900.0,AZN,2025,1.5 L,0,Bakı,https://turbo.az/autos/9444596-changan-uni-k-idd
Toyota,RAV4,81600.0,AZN,2026,2.5 L,0,Bakı,https://turbo.az/autos/10542311-toyota-rav4
Hyundai,Santa Fe,27500.0,AZN,2014,2.0 L,255000,Sumqayıt,https://turbo.az/autos/10547043-hyundai-santa-fe
Li,Auto L7,110000.0,AZN,2025,1.5 L,13900,Bakı,https://turbo.az/autos/10597273-li-auto-l7
Chevrolet,Cobalt,17000.0,AZN,2026,1.5 L,0,Bakı,https://turbo.az/autos/9802183-chevrolet-cobalt
Land,Rover RR Sport,76330.0,AZN,2019,2.0 L,83000,Bakı,https://turbo.az/autos/10549204-land-rover-rr-sport
BMW,330,32500.0,AZN,2016,2.0 L,136065,Xaçmaz,https://turbo.az/autos/10562335-bmw-330
Mercedes,Vito 111 CDI,26000.0,AZN,2010,2.1 L,350000,Bakı,https://turbo.az/autos/10569011-mercedes-vito-111-cdi
Hyundai,Grandeur,72000.0,AZN,2023,1.6 L,45000,Bakı,https://turbo.az/autos/10572164-hyundai-grandeur
Chevrolet,Traverse,45000.0,AZN,2022,3.6 L,155000,Bakı,https://turbo.az/autos/10577172-chevrolet-traverse
BMW,530,45000.0,AZN,2017,2.0 L,153000,Bakı,https://turbo.az/autos/10602406-bmw-530
Changan,CS 75 Plus,51900.0,AZN,2025,2.0 L,55,Bakı,https://turbo.az/autos/10630617-changan-cs-75-plus
JAC,X200,32000.0,AZN,2024,2.0 L,0,Bakı,https://turbo.az/autos/8264687-jac-x200
GWM,(Great Wall Motor) Tank 500,88000.0,AZN,2025,2.0 L,8000,Bakı,https://turbo.az/autos/10502264-gwm-great-wall-motor-tank-500
Jeep,Wrangler,85000.0,AZN,2023,2.0 L,12000,Bakı,https://turbo.az/autos/10636212-jeep-wrangler
Ford,Fusion (North America),20800.0,AZN,2019,1.5 L,125000,Bakı,https://turbo.az/autos/10631134-ford-fusion-north-america
Changan,Uni-Z,32700.0,AZN,2025,1.5 L,24000,Bakı,https://turbo.az/autos/10636210-changan-uni-z
BMW,320d,45000.0,AZN,2019,2.0 L,127000,Gəncə,https://turbo.az/autos/10523903-bmw-320d
ZEEKR,9X,142630.0,AZN,2025,2.0 L,9500,Bakı,https://turbo.az/autos/10624346-zeekr-9x
Changan,Uni-Z,36900.0,AZN,2025,1.5 L,0,Sifarişlə,https://turbo.az/autos/8902879-changan-uni-z
DongFeng,Aeolus Huge,41900.0,AZN,2026,1.5 L,0,Bakı,https://turbo.az/autos/8527847-dongfeng-aeolus-huge
Changan,Nevo A05,28900.0,AZN,2025,1.5 L,0,Bakı,https://turbo.az/autos/9565625-changan-nevo-a05
Changan,CS 75 Plus,42500.0,AZN,2026,1.5 L,0,Bakı,https://turbo.az/autos/10636209-changan-cs-75-plus
Mercedes,E 290,9200.0,AZN,1997,2.9 L,356865,Bakı,https://turbo.az/autos/10624145-mercedes-e-290
Kia,Rio X-Line,23500.0,AZN,2020,1.6 L,79000,Bakı,https://turbo.az/autos/10549353-kia-rio-x-line
Nissan,Tiida,10500.0,AZN,2008,1.6 L,274000,Bakı,https://turbo.az/autos/10392125-nissan-tiida
DongFeng,Aeolus Huge,41900.0,AZN,2026,1.5 L,0,Bakı,https://turbo.az/autos/8562266-dongfeng-aeolus-huge
Nissan,Qashqai,44900.0,AZN,2026,1.3 L,0,Bakı,https://turbo.az/autos/10623542-nissan-qashqai
Bentley,Continental GT,115260.0,AZN,2014,4.0 L,55000,Bakı,https://turbo.az/autos/10443685-bentley-continental-gt
Hyundai,Elantra,18900.0,AZN,2015,1.6 L,175000,Bakı,https://turbo.az/autos/10570452-hyundai-elantra
Hyundai,Tucson,29500.0,AZN,2020,2.0 L,133000,Bakı,https://turbo.az/autos/10301039-hyundai-tucson
Hyundai,Tucson,16500.0,AZN,2007,2.7 L,230000,Bakı,https://turbo.az/autos/10555903-hyundai-tucson
Volvo,XC60,65000.0,AZN,2021,2.0 L,63000,Bakı,https://turbo.az/autos/10568808-volvo-xc60
Kia,K5,36700.0,AZN,2022,1.6 L,88514,Bakı,https://turbo.az/autos/10613759-kia-k5
Kia,Sportage,23000.0,AZN,2012,2.0 L,215000,Bakı,https://turbo.az/autos/10418750-kia-sportage
Fiat,Doblo,10500.0,AZN,2014,1.4 L,260000,Bakı,https://turbo.az/autos/10627448-fiat-doblo
GWM,(Great Wall Motor) Poer,42900.0,AZN,2026,2.0 L,0,Bakı,https://turbo.az/autos/9786076-gwm-great-wall-motor-poer
Changan,Qiyuan Q05,26200.0,AZN,2026,,0,Sifarişlə,https://turbo.az/autos/10087440-changan-qiyuan-q05
Changan,Qiyuan A07,35500.0,AZN,2025,1.5 L,11000,Bakı,https://turbo.az/autos/10561881-changan-qiyuan-a07
Kia,K5,53500.0,AZN,2024,2.0 L,0,Bakı,https://turbo.az/autos/10590034-kia-k5
BMW,X6,29500.0,AZN,2014,4.4 L,175000,Bakı,https://turbo.az/autos/10472366-bmw-x6
Ford,Transit,26700.0,AZN,2011,2.4 L,178300,Bakı,https://turbo.az/autos/10494779-ford-transit
BMW,X5,104550.0,AZN,2023,3.0 L,51500,Bakı,https://turbo.az/autos/10581537-bmw-x5
Changan,Uni-Z,35200.0,AZN,2025,1.5 L,0,Bakı,https://turbo.az/autos/10625597-changan-uni-z
Ford,Transit,18600.0,AZN,2007,2.4 L,240000,Sumqayıt,https://turbo.az/autos/10627837-ford-transit
LADA,(VAZ) Priora,12400.0,AZN,2015,1.6 L,175000,Bakı,https://turbo.az/autos/10630641-lada-vaz-priora
Volkswagen,Caravelle,29800.0,AZN,2014,2.0 L,174000,Bakı,https://turbo.az/autos/10631713-volkswagen-caravelle
Hyundai,Sonata,18100.0,AZN,2011,2.0 L,257495,Bakı,https://turbo.az/autos/10634258-hyundai-sonata
Nissan,Qashqai,44900.0,AZN,2026,1.3 L,0,Bakı,https://turbo.az/autos/10623538-nissan-qashqai
Mercedes,E 200,57000.0,AZN,2022,2.0 L,106000,Sifarişlə,https://turbo.az/autos/10636206-mercedes-e-200
Skoda,Felicia,5500.0,AZN,1999,1.3 L,167000,Bakı,https://turbo.az/autos/10606383-skoda-felicia
Opel,Astra,9300.0,AZN,2005,1.3 L,264649,Ağcabədi,https://turbo.az/autos/10636059-opel-astra
Kia,Rio,17800.0,AZN,2018,1.6 L,102000,Bakı,https://turbo.az/autos/10573505-kia-rio
Land,Rover Defender,113000.0,AZN,2022,2.0 L,120000,Bakı,https://turbo.az/autos/10526978-land-rover-defender
Changan,Qiyuan Q05,32999.0,AZN,2025,1.5 L,0,Bakı,https://turbo.az/autos/9906869-changan-qiyuan-q05
Changan,Deepal S09,73500.0,AZN,2025,1.5 L,0,Bakı,https://turbo.az/autos/10530003-changan-deepal-s09
DongFeng,Aeolus Huge,41900.0,AZN,2026,1.5 L,0,Bakı,https://turbo.az/autos/10320862-dongfeng-aeolus-huge
Chevrolet,Lacetti,7900.0,AZN,2006,1.6 L,625000,Sumqayıt,https://turbo.az/autos/10636201-chevrolet-lacetti
Land,Rover Freelander,5500.0,AZN,2003,2.5 L,265000,Bakı,https://turbo.az/autos/10636189-land-rover-freelander
Chevrolet,Malibu,18000.0,AZN,2018,1.5 L,227000,Bakı,https://turbo.az/autos/10620860-chevrolet-malibu
Hyundai,Santa Fe,17400.0,AZN,2007,2.7 L,280000,Quba,https://turbo.az/autos/10633528-hyundai-santa-fe
Toyota,Auris,9600.0,AZN,2007,1.4 L,253000,Bakı,https://turbo.az/autos/10596461-toyota-auris
Mercedes,C 200,13600.0,AZN,1998,2.0 L,240000,İmişli,https://turbo.az/autos/10632358-mercedes-c-200
LADA,(VAZ) 2107,5300.0,AZN,2002,1.6 L,68000,Gəncə,https://turbo.az/autos/10636202-lada-vaz-2107
Changan,Qiyuan Q07,48000.0,AZN,2025,1.5 L,15000,Bakı,https://turbo.az/autos/10617964-changan-qiyuan-q07
Hyundai,Sonata,22800.0,AZN,2015,2.0 L,146000,Bakı,https://turbo.az/autos/10613938-hyundai-sonata
Hyundai,Elantra,16800.0,AZN,2012,1.8 L,174000,Gəncə,https://turbo.az/autos/10636203-hyundai-elantra
Hyundai,Accent,17200.0,AZN,2016,1.6 L,225308,Bakı,https://turbo.az/autos/10604839-hyundai-accent
Porsche,Cayenne Turbo,23700.0,AZN,2010,4.8 L,253000,Bakı,https://turbo.az/autos/10068946-porsche-cayenne-turbo
Toyota,Yaris,15500.0,AZN,2020,1.0 L,75000,Bakı,https://turbo.az/autos/10568420-toyota-yaris
KamAz,55111,19000.0,AZN,1986,11 L,300000,Bakı,https://turbo.az/autos/10602071-kamaz-55111
Land,Rover RR Velar,71400.0,AZN,2020,2.0 L,78000,Bakı,https://turbo.az/autos/10398872-land-rover-rr-velar
GWM,(Great Wall Motor) Tank 500,88900.0,AZN,2026,2.0 L,0,Bakı,https://turbo.az/autos/9354528-gwm-great-wall-motor-tank-500
BYD,Leopard 8,86500.0,AZN,2024,2.0 L,22000,Bakı,https://turbo.az/autos/10177089-byd-leopard-8
Volkswagen,ID.4 Crozz,59900.0,AZN,2026,,0,Sifarişlə,https://turbo.az/autos/10496731-volkswagen-id-4-crozz
BMW,X7,132430.0,AZN,2021,3.0 L,51431,Bakı,https://turbo.az/autos/10545271-bmw-x7
Tesla,Model Y,28000.0,AZN,2020,,182000,Bakı,https://turbo.az/autos/10306250-tesla-model-y
Kia,K5,38400.0,AZN,2023,1.6 L,70000,Bakı,https://turbo.az/autos/10425524-kia-k5
Mercedes,S 500 4MATIC,168300.0,AZN,2020,3.0 L,48500,Bakı,https://turbo.az/autos/10553262-mercedes-s-500-4matic
Ford,Transit,19000.0,AZN,2007,2.4 L,999870,Bakı,https://turbo.az/autos/10591735-ford-transit
Mercedes,C 200,6600.0,AZN,1996,2.0 L,50000,Şirvan,https://turbo.az/autos/10603449-mercedes-c-200
Opel,Omega,2700.0,AZN,1997,2.0 L,270000,Bakı,https://turbo.az/autos/10624375-opel-omega
Mercedes,S 400,79050.0,AZN,2015,3.5 L,85000,Bakı,https://turbo.az/autos/10625056-mercedes-s-400
Opel,Astra,10650.0,AZN,2005,1.4 L,286000,Sumqayıt,https://turbo.az/autos/10627980-opel-astra
Hyundai,Elantra,27000.0,AZN,2017,1.6 L,41300,Bakı,https://turbo.az/autos/10564759-hyundai-elantra
Hyundai,Sonata,24900.0,AZN,2018,2.0 L,175000,Bakı,https://turbo.az/autos/10532692-hyundai-sonata
Changan,Uni-Z,35200.0,AZN,2025,1.5 L,0,Bakı,https://turbo.az/autos/10625858-changan-uni-z
Hyundai,Santa Fe,26500.0,AZN,2013,3.3 L,208000,Bakı,https://turbo.az/autos/10601273-hyundai-santa-fe
Kia,Sorento,28500.0,AZN,2013,2.0 L,168700,Bakı,https://turbo.az/autos/10601746-kia-sorento
Toyota,Camry,20500.0,AZN,2014,2.5 L,193000,Bakı,https://turbo.az/autos/10636195-toyota-camry
Nissan,Note,16500.0,AZN,2018,1.2 L,54743,Sumqayıt,https://turbo.az/autos/10611132-nissan-note
BYD,Qin Plus,22900.0,AZN,2024,1.5 L,98000,Bakı,https://turbo.az/autos/10634074-byd-qin-plus
Porsche,Cayenne,38000.0,AZN,2012,3.6 L,170000,Bakı,https://turbo.az/autos/10422679-porsche-cayenne
Chevrolet,Spark,13500.0,AZN,2022,1.3 L,110000,Bakı,https://turbo.az/autos/10636194-chevrolet-spark
Kia,Sorento,30900.0,AZN,2016,2.0 L,222000,Sifarişlə,https://turbo.az/autos/10636197-kia-sorento
BENDA,Dark Flag 500 Commander,15490.0,AZN,2025,0.5 L,0,Bakı,https://turbo.az/autos/9887308-benda-dark-flag-500-commander
BMW,X5,52320.0,AZN,2017,2.0 L,174000,Bakı,https://turbo.az/autos/10636193-bmw-x5
BENDA,Chinchilla 350 Neo,11990.0,AZN,2025,0.4 L,0,Bakı,https://turbo.az/autos/10186255-benda-chinchilla-350-neo
Land,Rover Range Rover,111350.0,AZN,2020,3.0 L,77000,Bakı,https://turbo.az/autos/10607279-land-rover-range-rover
BENDA,Chinchilla 350 Neo,11990.0,AZN,2025,0.4 L,0,Bakı,https://turbo.az/autos/10071087-benda-chinchilla-350-neo
Hyundai,Elantra,22700.0,AZN,2019,2.0 L,209215,Bakı,https://turbo.az/autos/10461648-hyundai-elantra
LADA,(VAZ) 2107,5600.0,AZN,2005,1.6 L,45900,Dəliməmmədli,https://turbo.az/autos/10635716-lada-vaz-2107
Ford,Fusion (North America),15700.0,AZN,2016,1.5 L,135000,Sumqayıt,https://turbo.az/autos/10630919-ford-fusion-north-america
Jeep,Grand Cherokee,69000.0,AZN,2022,2.0 L,46200,Bakı,https://turbo.az/autos/10326700-jeep-grand-cherokee
LADA,(VAZ) 2106,3800.0,AZN,1993,1.3 L,80000,Tovuz,https://turbo.az/autos/10636171-lada-vaz-2106
Mercedes,E 350,74000.0,AZN,2021,2.0 L,59000,Bakı,https://turbo.az/autos/10636192-mercedes-e-350
BENDA,LFC 700 Pro,21499.0,AZN,2025,0.7 L,0,Bakı,https://turbo.az/autos/9886444-benda-lfc-700-pro
Toyota,Land Cruiser Prado,42900.0,AZN,2013,2.7 L,166000,Bakı,https://turbo.az/autos/10013073-toyota-land-cruiser-prado
BAW,212,59900.0,AZN,2026,2.0 L,0,Bakı,https://turbo.az/autos/10224790-baw-212
CFMOTO,250DUAL,4800.0,AZN,2026,0.3 L,0,Bakı,https://turbo.az/autos/10269056-cfmoto-250dual
Nissan,Patrol,241777.0,AZN,2026,3.5 L,0,Bakı,https://turbo.az/autos/10530176-nissan-patrol
BMW,530e,48800.0,AZN,2019,2.0 L,91000,Bakı,https://turbo.az/autos/10627492-bmw-530e
Mercedes,G 350,115000.0,AZN,2013,3.0 L,170000,Bakı,https://turbo.az/autos/10221740-mercedes-g-350
DongFeng,YiPai 008,54000.0,AZN,2025,1.5 L,9300,Bakı,https://turbo.az/autos/10514723-dongfeng-yipai-008
Toyota,Land Cruiser,61000.0,AZN,2013,4.0 L,182000,Bakı,https://turbo.az/autos/10578483-toyota-land-cruiser
Chevrolet,Cruze,12800.0,AZN,2015,1.4 L,209000,Sumqayıt,https://turbo.az/autos/10587592-chevrolet-cruze
Toyota,Highlander,76900.0,AZN,2022,2.5 L,26000,Bakı,https://turbo.az/autos/10607618-toyota-highlander
Changan,Deepal S07,42800.0,AZN,2025,1.5 L,500,Bakı,https://turbo.az/autos/10628983-changan-deepal-s07
Mercedes,GLS 450 4MATIC,185300.0,AZN,2024,3.0 L,28000,Bakı,https://turbo.az/autos/10632309-mercedes-gls-450-4matic
Mitsubishi,Pajero io,6500.0,AZN,1999,1.8 L,378000,Bakı,https://turbo.az/autos/10634608-mitsubishi-pajero-io
Mercedes,GL 450 4MATIC,17000.0,AZN,2007,4.7 L,323236,Bakı,https://turbo.az/autos/10277296-mercedes-gl-450-4matic
Hyundai,Sonata,22600.0,AZN,2015,2.0 L,213000,Bakı,https://turbo.az/autos/10623738-hyundai-sonata
BMW,528,22000.0,AZN,2013,2.0 L,299000,Bakı,https://turbo.az/autos/10320958-bmw-528
Harley-Davidson,Touring Electra Glide,28600.0,AZN,2018,,60000,Bakı,https://turbo.az/autos/10556469-harley-davidson-touring-electra-glide
Kia,Ceed,16200.0,AZN,2016,1.4 L,280000,Bakı,https://turbo.az/autos/10636191-kia-ceed
Changan,Deepal S07,39900.0,AZN,2025,1.5 L,0,Bakı,https://turbo.az/autos/10147416-changan-deepal-s07
Tesla,Model 3,22999.0,AZN,2022,,218880,Bakı,https://turbo.az/autos/10627193-tesla-model-3
BMW,530,47000.0,AZN,2018,2.0 L,140000,Sumqayıt,https://turbo.az/autos/10588460-bmw-530
Mercedes,C 180,11790.0,AZN,1999,1.8 L,407000,Ağstafa,https://turbo.az/autos/10636187-mercedes-c-180
Land,Rover RR Sport,44000.0,AZN,2015,3.0 L,189000,Bakı,https://turbo.az/autos/10498945-land-rover-rr-sport
Kia,Sorento,24300.0,AZN,2010,2.0 L,241000,Bakı,https://turbo.az/autos/10633491-kia-sorento
Ford,Transit,28500.0,AZN,2011,2.4 L,205000,Bərdə,https://turbo.az/autos/10636186-ford-transit
Ford,Explorer,3200.0,AZN,2003,4.0 L,555000,Bərdə,https://turbo.az/autos/10396530-ford-explorer
Mercedes,C 200,13200.0,AZN,1998,2.0 L,399923,Bakı,https://turbo.az/autos/10577128-mercedes-c-200
Toyota,Land Cruiser,51500.0,AZN,2012,4.0 L,279000,Bakı,https://turbo.az/autos/10586010-toyota-land-cruiser
BMW,530,49400.0,AZN,2017,2.0 L,154783,Bakı,https://turbo.az/autos/10186149-bmw-530
Mercedes,Viano,21000.0,AZN,2004,2.1 L,580000,Bakı,https://turbo.az/autos/10355463-mercedes-viano
Toyota,Corolla,13200.0,AZN,2008,1.4 L,323000,Ağstafa,https://turbo.az/autos/10636185-toyota-corolla
Ford,Fusion (North America),17500.0,AZN,2017,2.0 L,210904,Bakı,https://turbo.az/autos/10612105-ford-fusion-north-america
Kia,Forte,21500.0,AZN,2018,2.0 L,104000,Bakı,https://turbo.az/autos/10618924-kia-forte
Changan,Uni-Z,35300.0,AZN,2025,1.5 L,0,Bakı,https://turbo.az/autos/10418171-changan-uni-z
ZEEKR,9X,168000.0,AZN,2025,2.0 L,0,Bakı,https://turbo.az/autos/10353755-zeekr-9x
ZEEKR,9X,168000.0,AZN,2025,2.0 L,0,Bakı,https://turbo.az/autos/10353750-zeekr-9x
Changan,Oshan X5 Plus,26999.0,AZN,2025,1.5 L,0,Bakı,https://turbo.az/autos/10212926-changan-oshan-x5-plus
GAC,GS3 Emzoom,29900.0,AZN,2026,1.5 L,0,Bakı,https://turbo.az/autos/10293103-gac-gs3-emzoom
Voyah,Passion,110500.0,AZN,2026,1.5 L,0,Bakı,https://turbo.az/autos/10423509-voyah-passion
Changan,CS 75 Pro,33800.0,AZN,2026,1.5 L,0,Sifarişlə,https://turbo.az/autos/10479808-changan-cs-75-pro
Soueast,S05,28500.0,AZN,2026,1.5 L,0,Bakı,https://turbo.az/autos/10577191-soueast-s05
Mercedes,E 220,26000.0,AZN,2013,2.1 L,215000,Gəncə,https://turbo.az/autos/10059681-mercedes-e-220
Geely,Monjaro,45000.0,AZN,2025,1.5 L,47000,Bakı,https://turbo.az/autos/10198777-geely-monjaro
Mercedes,ML 63 AMG,28900.0,AZN,2008,6.2 L,183000,Bakı,https://turbo.az/autos/10482303-mercedes-ml-63-amg
Mercedes,E 320,13500.0,AZN,1999,3.2 L,365000,Şəki,https://turbo.az/autos/10524366-mercedes-e-320
Toyota,Land Cruiser Prado,48500.0,AZN,2014,2.7 L,167000,Bakı,https://turbo.az/autos/10544430-toyota-land-cruiser-prado
Kia,Sorento,41700.0,AZN,2018,2.0 L,127000,Bakı,https://turbo.az/autos/10591810-kia-sorento
Kia,Sorento,32500.0,AZN,2015,2.0 L,113000,Bakı,https://turbo.az/autos/10621079-kia-sorento
Kia,Sorento,36500.0,AZN,2018,2.0 L,160000,Bakı,https://turbo.az/autos/10629809-kia-sorento
ZEEKR,9X,168000.0,AZN,2025,2.0 L,0,Bakı,https://turbo.az/autos/10353750-zeekr-9x
Changan,Oshan X5 Plus,26999.0,AZN,2025,1.5 L,0,Bakı,https://turbo.az/autos/10212926-changan-oshan-x5-plus
Li,Auto L9,110200.0,AZN,2025,1.5 L,0,Bakı,https://turbo.az/autos/10023554-li-auto-l9
Changan,Qiyuan A07,32700.0,AZN,2025,1.5 L,0,Bakı,https://turbo.az/autos/10065296-changan-qiyuan-a07
Changan,Qiyuan A07,32800.0,AZN,2025,1.5 L,0,Bakı,https://turbo.az/autos/9782132-changan-qiyuan-a07
Geely,Galaxy M9,74000.0,AZN,2025,1.5 L,0,Bakı,https://turbo.az/autos/10058655-geely-galaxy-m9
BYD,Destroyer 05,24990.0,AZN,2025,1.5 L,0,Bakı,https://turbo.az/autos/9771042-byd-destroyer-05
Mercedes,C 200,3800.0,AZN,1993,2.0 L,820000,Bakı,https://turbo.az/autos/10636183-mercedes-c-200
Hyundai,Santa Fe,19000.0,AZN,2008,2.2 L,310000,Bakı,https://turbo.az/autos/10429791-hyundai-santa-fe
BMW,iX,74630.0,AZN,2022,,56000,Bakı,https://turbo.az/autos/10458512-bmw-ix
Chevrolet,Equinox,23400.0,AZN,2018,1.5 L,164352,Bakı,https://turbo.az/autos/10612088-chevrolet-equinox
Toyota,Camry,42500.0,AZN,2018,2.5 L,127000,Bakı,https://turbo.az/autos/10636182-toyota-camry
Chevrolet,Malibu,18000.0,AZN,2019,1.5 L,156000,Bakı,https://turbo.az/autos/10636162-chevrolet-malibu
Dodge,Durango,20500.0,AZN,2012,3.6 L,247000,Bakı,https://turbo.az/autos/10611067-dodge-durango
Kia,Sorento,45000.0,AZN,2019,2.0 L,49200,Bakı,https://turbo.az/autos/10605915-kia-sorento
Toyota,Land Cruiser Prado,32000.0,AZN,2008,2.7 L,147215,Sabirabad,https://turbo.az/autos/10613622-toyota-land-cruiser-prado
LADA,(VAZ) 2107,4800.0,AZN,2005,1.6 L,42000,Bakı,https://turbo.az/autos/10633411-lada-vaz-2107
Kia,Rio,8700.0,AZN,2006,1.4 L,280000,Sumqayıt,https://turbo.az/autos/10636181-kia-rio
Ford,Focus,12999.0,AZN,2017,1.0 L,196000,Sumqayıt,https://turbo.az/autos/10503860-ford-focus
Geely,Galaxy M9,59600.0,AZN,2025,1.5 L,0,Bakı,https://turbo.az/autos/10394069-geely-galaxy-m9
Opel,Calibra,4000.0,AZN,1996,2.0 L,288555,Bakı,https://turbo.az/autos/10239156-opel-calibra
Ford,Transit,7999.0,AZN,1999,2.5 L,344000,Bakı,https://turbo.az/autos/10612020-ford-transit
Toyota,Camry,62999.0,AZN,2026,2.0 L,0,Bakı,https://turbo.az/autos/10403543-toyota-camry
GAZ,GAZel (3302-18),12800.0,AZN,2008,2.3 L,465557,Bakı,https://turbo.az/autos/10322744-gaz-gazel-3302-18
Changan,Deepal G318,59500.0,AZN,2025,1.5 L,5600,Bakı,https://turbo.az/autos/10165029-changan-deepal-g318
Changan,Qiyuan Q07,43000.0,AZN,2025,1.5 L,10000,Bakı,https://turbo.az/autos/10225015-changan-qiyuan-q07
Hyundai,Sonata,19300.0,AZN,2011,2.0 L,243098,Xırdalan,https://turbo.az/autos/10364759-hyundai-sonata
Hyundai,Grandeur,69530.0,AZN,2023,1.6 L,49000,Bakı,https://turbo.az/autos/10568539-hyundai-grandeur
LADA,(VAZ) Priora,12900.0,AZN,2014,1.6 L,124056,Şəki,https://turbo.az/autos/10309650-lada-vaz-priora
Khazar,SD,9300.0,AZN,2021,1.7 L,320000,Bakı,https://turbo.az/autos/10489429-khazar-sd
Mercedes,Vito 115 CDI,18499.0,AZN,2008,2.1 L,620000,Bakı,https://turbo.az/autos/10501466-mercedes-vito-115-cdi
Ford,Focus,12999.0,AZN,2017,1.0 L,196000,Sumqayıt,https://turbo.az/autos/10503860-ford-focus
Lexus,LX 500d,181900.0,AZN,2022,3.3 L,102000,Bakı,https://turbo.az/autos/10605430-lexus-lx-500d
Mercedes,E 320,15000.0,AZN,2000,3.2 L,430000,Bakı,https://turbo.az/autos/10612027-mercedes-e-320
Mercedes,S 320,18500.0,AZN,1997,3.2 L,319000,Bakı,https://turbo.az/autos/10622533-mercedes-s-320
Kia,Sorento,73500.0,AZN,2023,1.6 L,46500,Bakı,https://turbo.az/autos/10636217-kia-sorento
GAZ,GAZel (3302-18),12800.0,AZN,2008,2.3 L,465557,Bakı,https://turbo.az/autos/10322744-gaz-gazel-3302-18
Mercedes,GLS 450 4MATIC,156400.0,AZN,2021,3.0 L,60200,Bakı,https://turbo.az/autos/10625759-mercedes-gls-450-4matic
Kia,K5,53500.0,AZN,2024,2.0 L,0,Bakı,https://turbo.az/autos/10590034-kia-k5
Ford,Transit,23900.0,AZN,2010,2.4 L,138000,Bakı,https://turbo.az/autos/10636175-ford-transit
Honda,Insight,24500.0,AZN,2020,1.5 L,73200,Bakı,https://turbo.az/autos/10176294-honda-insight
LADA,(VAZ) 2107,4900.0,AZN,2010,1.6 L,138074,Bakı,https://turbo.az/autos/10611576-lada-vaz-2107
Toyota,Land Cruiser,22000.0,AZN,2006,4.5 L,250068,Bakı,https://turbo.az/autos/9971546-toyota-land-cruiser
Hyundai,Santa Fe,18000.0,AZN,2010,2.4 L,164507,Bakı,https://turbo.az/autos/10495171-hyundai-santa-fe
Opel,Frontera,6500.0,AZN,1999,2.2 L,180000,Bakı,https://turbo.az/autos/10598053-opel-frontera
Opel,Astra,13600.0,AZN,2014,1.4 L,155300,Bakı,https://turbo.az/autos/10636177-opel-astra
LADA,(VAZ) Niva,18000.0,AZN,2018,1.7 L,28279,Bakı,https://turbo.az/autos/10633564-lada-vaz-niva
LADA,(VAZ) 2107,5900.0,AZN,2011,1.6 L,449756,Gəncə,https://turbo.az/autos/10633823-lada-vaz-2107
Changan,Oshan X5 Plus,27200.0,AZN,2026,1.5 L,0,Bakı,https://turbo.az/autos/10532501-changan-oshan-x5-plus
Toyota,Land Cruiser Prado,45000.0,AZN,2013,2.7 L,114000,Bakı,https://turbo.az/autos/10606944-toyota-land-cruiser-prado
LADA,(VAZ) 2115,6800.0,AZN,2011,1.6 L,120000,Masallı,https://turbo.az/autos/10636176-lada-vaz-2115
BMW,328,22900.0,AZN,2013,2.0 L,262000,Bakı,https://turbo.az/autos/10537960-bmw-328
Land,Rover Defender,130900.0,AZN,2022,2.0 L,72000,Bakı,https://turbo.az/autos/10631037-land-rover-defender
BMW,X7,210000.0,AZN,2025,3.0 L,18000,Bakı,https://turbo.az/autos/10619073-bmw-x7
Toyota,Land Cruiser Prado,24800.0,AZN,2006,4.0 L,225000,Bakı,https://turbo.az/autos/10616761-toyota-land-cruiser-prado
Saipa,Tiba,5700.0,AZN,2014,1.5 L,280000,Bakı,https://turbo.az/autos/10518295-saipa-tiba
Volkswagen,Passat,4300.0,AZN,2003,1.8 L,272000,Bakı,https://turbo.az/autos/10636082-volkswagen-passat
Toyota,RAV4,63500.0,AZN,2026,2.0 L,0,Bakı,https://turbo.az/autos/10587117-toyota-rav4
Hyundai,Elantra,50054.0,AZN,2024,1.4 L,75000,Bakı,https://turbo.az/autos/10634383-hyundai-elantra
Toyota,Prius,12000.0,AZN,2008,1.5 L,333456,Bakı,https://turbo.az/autos/10625742-toyota-prius
BYD,Seal 05,26500.0,AZN,2025,1.5 L,0,Bakı,https://turbo.az/autos/10241590-byd-seal-05
Toyota,RAV4,57500.0,AZN,2026,2.0 L,0,Sifarişlə,https://turbo.az/autos/10303314-toyota-rav4
CFMOTO,Z10,45900.0,AZN,2026,,0,Bakı,https://turbo.az/autos/10479512-cfmoto-z10
Mercedes,C 300,69700.0,AZN,2022,2.0 L,25468,Sifarişlə,https://turbo.az/autos/10612407-mercedes-c-300
Ford,F-150,75000.0,AZN,2020,2.7 L,190000,Quba,https://turbo.az/autos/10464883-ford-f-150
Land,Rover RR Velar,47600.0,AZN,2019,2.0 L,96900,Bakı,https://turbo.az/autos/10518276-land-rover-rr-velar
Mercedes,E 280,19000.0,AZN,2001,2.8 L,435000,Qazax,https://turbo.az/autos/10542589-mercedes-e-280
Kia,Sorento,48000.0,AZN,2023,1.6 L,162000,Bakı,https://turbo.az/autos/10589409-kia-sorento
Hyundai,Sonata,39800.0,AZN,2021,2.0 L,55000,Bakı,https://turbo.az/autos/10590120-hyundai-sonata
Ford,Transit,7999.0,AZN,1999,2.5 L,344000,Bakı,https://turbo.az/autos/10612020-ford-transit
Mercedes,E 200,14600.0,AZN,2005,1.8 L,206547,Masallı,https://turbo.az/autos/10628057-mercedes-e-200
Jeep,Grand Cherokee,30500.0,AZN,2012,3.6 L,222000,Quba,https://turbo.az/autos/10634370-jeep-grand-cherokee
Hyundai,Tucson,24500.0,AZN,2019,2.0 L,160000,Bakı,https://turbo.az/autos/10636172-hyundai-tucson
Toyota,Aqua,17000.0,AZN,2018,1.5 L,185000,Bakı,https://turbo.az/autos/10271315-toyota-aqua
Changan,Qiyuan A05,27200.0,AZN,2025,1.5 L,0,Bakı,https://turbo.az/autos/10055149-changan-qiyuan-a05
Mercedes,CLS 350,73500.0,AZN,2018,2.0 L,124000,Bakı,https://turbo.az/autos/10245416-mercedes-cls-350
Toyota,Camry,59900.0,AZN,2026,2.0 L,0,Bakı,https://turbo.az/autos/10351267-toyota-camry
Opel,Astra,9900.0,AZN,2005,1.4 L,255700,Gəncə,https://turbo.az/autos/10636168-opel-astra
Hyundai,Elantra,22800.0,AZN,2018,2.0 L,117000,Bakı,https://turbo.az/autos/10635624-hyundai-elantra
Hyundai,Sonata,24900.0,AZN,2015,2.0 L,156000,Bakı,https://turbo.az/autos/10602739-hyundai-sonata
Chevrolet,Trax,16000.0,AZN,2019,1.4 L,177650,Bakı,https://turbo.az/autos/10636174-chevrolet-trax
BYD,Seal 05,29750.0,AZN,2025,1.5 L,18000,Bakı,https://turbo.az/autos/10636144-byd-seal-05
Toyota,Prius,14200.0,AZN,2008,1.5 L,252150,Bakı,https://turbo.az/autos/10396365-toyota-prius
Chevrolet,Aveo,8900.0,AZN,2006,1.4 L,192392,Bakı,https://turbo.az/autos/10624443-chevrolet-aveo
Changan,CS 75 Plus,35500.0,AZN,2026,1.5 L,0,Bakı,https://turbo.az/autos/10618798-changan-cs-75-plus
BMW,320,24500.0,AZN,2016,2.0 L,184000,Bakı,https://turbo.az/autos/10622760-bmw-320
Hyundai,Santa Fe,37550.0,AZN,2018,2.0 L,107000,Sifarişlə,https://turbo.az/autos/10636173-hyundai-santa-fe
Volkswagen,ID.6 Crozz,30000.0,AZN,2023,,80290,Bakı,https://turbo.az/autos/10527209-volkswagen-id-6-crozz
Tesla,Model 3,28800.0,AZN,2023,,129000,Bakı,https://turbo.az/autos/10516294-tesla-model-3
Hyundai,Santa Fe,34800.0,AZN,2018,2.4 L,120000,Bakı,https://turbo.az/autos/10621566-hyundai-santa-fe
Honda,Civic,16500.0,AZN,2014,1.5 L,258000,Bakı,https://turbo.az/autos/10607633-honda-civic
BMW,X5 M,27200.0,AZN,2010,4.4 L,186000,Bakı,https://turbo.az/autos/10621898-bmw-x5-m
Toyota,Highlander,72700.0,AZN,2022,2.5 L,60350,Bakı,https://turbo.az/autos/10625580-toyota-highlander
Toyota,RAV4,57500.0,AZN,2022,2.5 L,54000,Bakı,https://turbo.az/autos/10614476-toyota-rav4
Land,Rover RR Velar,58310.0,AZN,2018,2.0 L,117316,Bakı,https://turbo.az/autos/10618309-land-rover-rr-velar
Changan,Qiyuan Q07,42300.0,AZN,2025,1.5 L,0,Bakı,https://turbo.az/autos/10636167-changan-qiyuan-q07
Mercedes,EQS 500 4MATIC,177264.0,AZN,2024,,0,Bakı,https://turbo.az/autos/8119085-mercedes-eqs-500-4matic
Li,Auto L7,101830.0,AZN,2025,1.5 L,0,Bakı,https://turbo.az/autos/10246101-li-auto-l7
Mitsubishi,Destinator,59900.0,AZN,2026,1.5 L,0,Sifarişlə,https://turbo.az/autos/10333885-mitsubishi-destinator
Kia,K8,47900.0,AZN,2021,1.6 L,170200,Bakı,https://turbo.az/autos/10453314-kia-k8
Harley-Davidson,Sportster SuperLow XL883L,11700.0,AZN,2011,,17011,Bakı,https://turbo.az/autos/10314508-harley-davidson-sportster-superlow-xl883l
Land,Rover RR Velar,93500.0,AZN,2022,2.0 L,40000,Bakı,https://turbo.az/autos/10589548-land-rover-rr-velar
Kia,Forte,18200.0,AZN,2015,1.8 L,205996,Bakı,https://turbo.az/autos/10591052-kia-forte
Nissan,Micra,12300.0,AZN,2013,1.2 L,50000,Bakı,https://turbo.az/autos/10596526-nissan-micra
Hongqi,H9,60690.0,AZN,2023,2.0 L,30000,Bakı,https://turbo.az/autos/10602254-hongqi-h9
BMW,530e,39900.0,AZN,2017,2.0 L,173000,Bakı,https://turbo.az/autos/10612169-bmw-530e
Chevrolet,Equinox,17900.0,AZN,2018,1.5 L,151000,Bakı,https://turbo.az/autos/10633341-chevrolet-equinox
Opel,Astra,10600.0,AZN,2008,1.4 L,282000,Bakı,https://turbo.az/autos/10634030-opel-astra
Hyundai,Sonata,35500.0,AZN,2020,1.6 L,105000,Bakı,https://turbo.az/autos/10612695-hyundai-sonata
BYD,Destroyer 05,25000.0,AZN,2025,1.5 L,0,Bakı,https://turbo.az/autos/10055188-byd-destroyer-05
Nissan,Note,18399.0,AZN,2020,1.2 L,144000,Gəncə,https://turbo.az/autos/9951469-nissan-note
Land,Rover Range Rover,76500.0,AZN,2019,3.0 L,181856,Bakı,https://turbo.az/autos/10627443-land-rover-range-rover
Mercedes,Vito 115 CDI,19500.0,AZN,2008,2.1 L,272000,Bakı,https://turbo.az/autos/10563241-mercedes-vito-115-cdi
Toyota,Camry,71400.0,AZN,2025,2.5 L,0,Bakı,https://turbo.az/autos/10393418-toyota-camry
Toyota,Land Cruiser,63000.0,AZN,2014,4.6 L,134525,Bakı,https://turbo.az/autos/10397088-toyota-land-cruiser
Kia,Sorento,22000.0,AZN,2009,2.0 L,275120,Ağdam,https://turbo.az/autos/10627560-kia-sorento
Changan,Uni-Z,49812.0,AZN,2025,1.5 L,45000,Bakı,https://turbo.az/autos/10589853-changan-uni-z
Kia,Optima,18500.0,AZN,2013,2.0 L,249448,Bakı,https://turbo.az/autos/10603714-kia-optima
Hyundai,Avante,13250.0,AZN,2009,1.6 L,387058,Bakı,https://turbo.az/autos/10636166-hyundai-avante
Mitsubishi,Galant,5600.0,AZN,2000,2.0 L,370000,Bakı,https://turbo.az/autos/10602940-mitsubishi-galant
BMW,525,24900.0,AZN,2012,2.0 L,230000,Bakı,https://turbo.az/autos/10618278-bmw-525
Ford,Transit,21900.0,AZN,2008,2.2 L,257000,Bakı,https://turbo.az/autos/10494181-ford-transit
Changan,Qiyuan A05,27000.0,AZN,2025,1.5 L,0,Bakı,https://turbo.az/autos/9241518-changan-qiyuan-a05
BMW,318,6499.0,AZN,1998,1.9 L,100000,Bərdə,https://turbo.az/autos/10632694-bmw-318
Kia,Forte,20300.0,AZN,2017,2.0 L,182000,Bakı,https://turbo.az/autos/10575538-kia-forte
Toyota,Prius,12900.0,AZN,2007,1.5 L,450000,Bakı,https://turbo.az/autos/10628416-toyota-prius
BMW,528,31200.0,AZN,2015,2.0 L,171000,Bakı,https://turbo.az/autos/10101967-bmw-528
LADA,(VAZ) 2106,2700.0,AZN,1989,1.6 L,151544,Şəmkir,https://turbo.az/autos/10636164-lada-vaz-2106
Toyota,Auris,12000.0,AZN,2009,1.4 L,250000,Bakı,https://turbo.az/autos/10636159-toyota-auris
Mercedes,S 400,8500.0,AZN,2002,4.0 L,345000,Bakı,https://turbo.az/autos/10636163-mercedes-s-400
Changan,CS 75 Plus,35500.0,AZN,2026,1.5 L,0,Bakı,https://turbo.az/autos/10631030-changan-cs-75-plus
BMW,520,5500.0,AZN,1991,2.0 L,350000,Bakı,https://turbo.az/autos/10449934-bmw-520
Mazda,CX-60,84900.0,AZN,2026,2.5 L,0,Bakı,https://turbo.az/autos/10053698-mazda-cx-60
BENDA,Redstone 1000 R2,23500.0,AZN,2026,,0,Bakı,https://turbo.az/autos/10402629-benda-redstone-1000-r2
Li,Auto L7,62900.0,AZN,2024,1.5 L,84500,Bakı,https://turbo.az/autos/10543022-li-auto-l7
Baic,BJ40,74500.0,AZN,2026,1.5 L,0,Bakı,https://turbo.az/autos/10631903-baic-bj40
Mercedes,G 63 AMG,99900.0,AZN,2013,5.5 L,115000,Bakı,https://turbo.az/autos/10223728-mercedes-g-63-amg
Kia,K7,27800.0,AZN,2017,2.4 L,68000,Bakı,https://turbo.az/autos/10257645-kia-k7
Land,Rover RR Velar,59500.0,AZN,2020,2.0 L,108000,Gəncə,https://turbo.az/autos/10482460-land-rover-rr-velar
Land,Rover Range Rover,31000.0,AZN,2011,5.0 L,191859,Cəlilabad,https://turbo.az/autos/10550343-land-rover-range-rover
Lexus,ES 300h,77000.0,AZN,2023,2.5 L,28000,Bakı,https://turbo.az/autos/10563868-lexus-es-300h
Toyota,Camry,49000.0,AZN,2022,2.5 L,87500,Bakı,https://turbo.az/autos/10591529-toyota-camry
Nissan,Patrol,32000.0,AZN,2005,3.0 L,204880,Bakı,https://turbo.az/autos/10602134-nissan-patrol
Toyota,Corolla,15500.0,AZN,2006,1.4 L,275000,Bakı,https://turbo.az/autos/10632715-toyota-corolla
Ford,Fusion (North America),17700.0,AZN,2017,1.5 L,201000,Bakı,https://turbo.az/autos/10632431-ford-fusion-north-america
BMW,i7,132000.0,AZN,2024,,16000,Bakı,https://turbo.az/autos/10636156-bmw-i7
BMW,528,27500.0,AZN,2014,2.0 L,275000,Bakı,https://turbo.az/autos/10634335-bmw-528
Hyundai,Sonata,21500.0,AZN,2016,2.0 L,210000,Bakı,https://turbo.az/autos/10633562-hyundai-sonata
BYD,Seagull,18700.0,AZN,2023,,5600,Bakı,https://turbo.az/autos/9883792-byd-seagull
Ford,F-150,134777.0,AZN,2020,3.5 L,32400,Bakı,https://turbo.az/autos/10604591-ford-f-150
BMW,330,45900.0,AZN,2020,2.0 L,116000,Bakı,https://turbo.az/autos/10636153-bmw-330
BMW,328,28000.0,AZN,2016,2.0 L,191000,Bakı,https://turbo.az/autos/10633511-bmw-328
Kia,Sorento,30450.0,AZN,2018,2.0 L,242000,Sifarişlə,https://turbo.az/autos/10636052-kia-sorento
BYD,Seal 05,33800.0,AZN,2025,1.5 L,0,Bakı,https://turbo.az/autos/10028815-byd-seal-05
BMW,530e,120530.0,AZN,2024,2.0 L,17000,Bakı,https://turbo.az/autos/9936311-bmw-530e
Mitsubishi,Mirage,10500.0,AZN,2016,1.2 L,108000,Bakı,https://turbo.az/autos/10636158-mitsubishi-mirage
Opel,Astra,3200.0,AZN,1994,1.6 L,320000,Bakı,https://turbo.az/autos/10630978-opel-astra
Ford,Transit,76400.0,AZN,2023,2.2 L,0,Bakı,https://turbo.az/autos/10547871-ford-transit
Mercedes,C 300,63410.0,AZN,2024,2.0 L,85640,Sifarişlə,https://turbo.az/autos/10612386-mercedes-c-300
Mercedes,C 300,69700.0,AZN,2022,2.0 L,25468,Sifarişlə,https://turbo.az/autos/10612407-mercedes-c-300
Opel,Astra,23500.0,AZN,2020,1.5 L,189000,Bakı,https://turbo.az/autos/10613250-opel-astra
Toyota,Camry,74900.0,AZN,2025,2.5 L,0,Bakı,https://turbo.az/autos/9981848-toyota-camry
BYD,Destroyer 05,28800.0,AZN,2025,1.5 L,0,Bakı,https://turbo.az/autos/9010507-byd-destroyer-05
Nissan,Sentra,15800.0,AZN,2016,1.8 L,200000,Şirvan,https://turbo.az/autos/10627594-nissan-sentra
Changan,Qiyuan Q07,40000.0,AZN,2025,1.5 L,0,Sumqayıt,https://turbo.az/autos/10529518-changan-qiyuan-q07
LADA,(VAZ) 2106,5800.0,AZN,1984,1.3 L,80000,Gəncə,https://turbo.az/autos/10629397-lada-vaz-2106
Hyundai,Sonata,17300.0,AZN,2011,2.0 L,257535,Bakı,https://turbo.az/autos/10605598-hyundai-sonata
JAC,JS4,22000.0,AZN,2026,1.5 L,0,Bakı,https://turbo.az/autos/9530623-jac-js4
SamAuto,HD50,149000.0,AZN,2026,5.2 L,0,Bakı,https://turbo.az/autos/9558564-samauto-hd50
Changan,Uni-Z,35800.0,AZN,2025,1.5 L,0,Bakı,https://turbo.az/autos/10254807-changan-uni-z
Volvo,XC60,112003.0,AZN,2026,2.0 L,0,Bakı,https://turbo.az/autos/10466697-volvo-xc60
Changan,Uni-Z,36500.0,AZN,2025,1.5 L,0,Bakı,https://turbo.az/autos/10568812-changan-uni-z
Nissan,Tiida,10500.0,AZN,2008,1.6 L,274000,Bakı,https://turbo.az/autos/10392125-nissan-tiida
Mazda,CX-5,40000.0,AZN,2022,2.0 L,41700,Bakı,https://turbo.az/autos/10472645-mazda-cx-5
Kia,Sportage,20200.0,AZN,2014,2.4 L,137105,Bakı,https://turbo.az/autos/10481703-kia-sportage
Hyundai,Sonata,24900.0,AZN,2018,2.0 L,175000,Bakı,https://turbo.az/autos/10532692-hyundai-sonata
Land,Rover Range Rover,111350.0,AZN,2020,3.0 L,77000,Bakı,https://turbo.az/autos/10607279-land-rover-range-rover
Mercedes,S 320,18500.0,AZN,1997,3.2 L,319000,Bakı,https://turbo.az/autos/10622533-mercedes-s-320
Toyota,Camry,59500.0,AZN,2026,2.0 L,0,Bakı,https://turbo.az/autos/10629102-toyota-camry
Changan,Qiyuan A06,28000.0,AZN,2023,1.5 L,49500,Bakı,https://turbo.az/autos/10632814-changan-qiyuan-a06
Mercedes,GLC 300,78710.0,AZN,2024,2.0 L,45062,Sifarişlə,https://turbo.az/autos/10610891-mercedes-glc-300
Hyundai,ix35,20900.0,AZN,2012,2.0 L,182000,Bakı,https://turbo.az/autos/10125609-hyundai-ix35
Kia,Stinger,31800.0,AZN,2020,2.0 L,43900,Bakı,https://turbo.az/autos/10590577-kia-stinger
Land,Rover Range Rover,55000.0,AZN,2016,3.0 L,195842,Sifarişlə,https://turbo.az/autos/10611611-land-rover-range-rover
Mercedes,E 240,10000.0,AZN,1998,2.4 L,416000,Bakı,https://turbo.az/autos/10201086-mercedes-e-240
Hyundai,Avante,21000.0,AZN,2016,1.6 L,119000,Bakı,https://turbo.az/autos/10594176-hyundai-avante
Jeep,Wrangler,77350.0,AZN,2024,2.0 L,38624,Sifarişlə,https://turbo.az/autos/10610855-jeep-wrangler
Toyota,RAV4,71900.0,AZN,2026,2.5 L,0,Bakı,https://turbo.az/autos/10476948-toyota-rav4
Jeep,Wrangler,53550.0,AZN,2023,2.0 L,46919,Sifarişlə,https://turbo.az/autos/10610802-jeep-wrangler
Toyota,Frontlander,44444.0,AZN,2025,2.0 L,0,Bakı,https://turbo.az/autos/9702055-toyota-frontlander
Toyota,Highlander,78500.0,AZN,2020,3.5 L,91000,Bakı,https://turbo.az/autos/10561598-toyota-highlander
Saipa,Tiba,5100.0,AZN,2013,1.5 L,234548,Bakı,https://turbo.az/autos/10621879-saipa-tiba
Lexus,GX 460,56000.0,AZN,2011,4.6 L,73000,Bakı,https://turbo.az/autos/10348221-lexus-gx-460
Kia,KX1,29900.0,AZN,2026,1.4 L,0,Bakı,https://turbo.az/autos/10569183-kia-kx1
Ford,Transit,29300.0,AZN,2007,2.4 L,186016,Bakı,https://turbo.az/autos/10577522-ford-transit
Mazda,CX-5,43350.0,AZN,2022,2.0 L,67000,Bakı,https://turbo.az/autos/10103559-mazda-cx-5
LADA,(VAZ) 2107,3000.0,AZN,2005,1.5 L,121212,Bakı,https://turbo.az/autos/10601922-lada-vaz-2107
Hyundai,Santa Fe,48500.0,AZN,2018,2.0 L,121000,Bakı,https://turbo.az/autos/10625615-hyundai-santa-fe
GAZ,GAZel (3302-744),22500.0,AZN,2023,2.7 L,6200,Lənkəran,https://turbo.az/autos/10488892-gaz-gazel-3302-744
Kia,Sportage,25800.0,AZN,2015,1.7 L,210000,Bakı,https://turbo.az/autos/10565857-kia-sportage
Audi,A6,46500.0,AZN,2020,2.0 L,132000,Bakı,https://turbo.az/autos/10465916-audi-a6
BYD,Destroyer 05,25700.0,AZN,2025,1.5 L,0,Bakı,https://turbo.az/autos/9748307-byd-destroyer-05
Toyota,RAV4,67700.0,AZN,2024,2.5 L,0,Bakı,https://turbo.az/autos/9962167-toyota-rav4
Mercedes,GLC 300 4MATIC,44500.0,AZN,2018,2.0 L,101000,Bakı,https://turbo.az/autos/10343534-mercedes-glc-300-4matic
UAZ,Profi,22500.0,AZN,2025,2.7 L,0,Bakı,https://turbo.az/autos/8094628-uaz-profi
BMW,iX,74630.0,AZN,2022,,56000,Bakı,https://turbo.az/autos/10458512-bmw-ix
Soueast,S05,24500.0,AZN,2026,1.5 L,0,Xırdalan,https://turbo.az/autos/10565977-soueast-s05
Hyundai,Elantra,17900.0,AZN,2012,1.6 L,199000,Sumqayıt,https://turbo.az/autos/10601082-hyundai-elantra
Hyundai,Santa Fe,50800.0,AZN,2024,1.6 L,26414,Bakı,https://turbo.az/autos/10248780-hyundai-santa-fe
BYD,Leopard 8,97400.0,AZN,2025,2.0 L,9750,Bakı,https://turbo.az/autos/10301839-byd-leopard-8
Chevrolet,Cruze,15600.0,AZN,2017,1.4 L,220000,Bakı,https://turbo.az/autos/10551944-chevrolet-cruze
BMW,X1,28000.0,AZN,2017,2.0 L,200000,Bakı,https://turbo.az/autos/10613994-bmw-x1
Mercedes,E 220 d,56950.0,AZN,2019,2.0 L,94000,Bakı,https://turbo.az/autos/10623540-mercedes-e-220-d
Toyota,Yaris,13800.0,AZN,2015,1.5 L,250000,Bakı,https://turbo.az/autos/10625440-toyota-yaris
Mercedes,C 180,9800.0,AZN,1994,1.8 L,288000,Gəncə,https://turbo.az/autos/10635650-mercedes-c-180
Hyundai,Elantra,23000.0,AZN,2017,2.0 L,175000,Bakı,https://turbo.az/autos/10636016-hyundai-elantra
BYD,Leopard 7,76700.0,AZN,2025,1.5 L,0,Bakı,https://turbo.az/autos/10077202-byd-leopard-7
Porsche,Cayenne Turbo,34000.0,AZN,2011,4.8 L,157000,Bakı,https://turbo.az/autos/10633555-porsche-cayenne-turbo
Honda,Accord,21900.0,AZN,2015,2.0 L,238000,Bakı,https://turbo.az/autos/10627782-honda-accord
Chevrolet,Malibu,20900.0,AZN,2018,1.5 L,151096,Sumqayıt,https://turbo.az/autos/10627142-chevrolet-malibu
Land,Rover RR Sport,47999.0,AZN,2016,3.0 L,163000,Bakı,https://turbo.az/autos/10605369-land-rover-rr-sport
Changan,Uni-K iDD,44800.0,AZN,2024,1.5 L,0,Bakı,https://turbo.az/autos/10026326-changan-uni-k-idd
Lexus,LX 570,46500.0,AZN,2009,5.7 L,184000,Bakı,https://turbo.az/autos/10351486-lexus-lx-570
Kia,Sportage,22900.0,AZN,2012,2.0 L,154000,Gəncə,https://turbo.az/autos/10636149-kia-sportage
Changan,Deepal S07,48700.0,AZN,2025,1.5 L,0,Bakı,https://turbo.az/autos/10078744-changan-deepal-s07
BMW,528,22500.0,AZN,2014,2.0 L,290000,Bakı,https://turbo.az/autos/10557840-bmw-528
Changan,Deepal S07,49700.0,AZN,2025,1.5 L,0,Bakı,https://turbo.az/autos/10077209-changan-deepal-s07
Nissan,Teana,13700.0,AZN,2009,2.5 L,280000,Salyan,https://turbo.az/autos/10617327-nissan-teana
Land,Rover Range Rover,108801.0,AZN,2021,3.0 L,59000,Bakı,https://turbo.az/autos/10614372-land-rover-range-rover
Saturn,Aura,7200.0,AZN,2009,2.4 L,426476,Bakı,https://turbo.az/autos/10348119-saturn-aura
Lexus,LX 570,79560.0,AZN,2014,5.7 L,210000,Bakı,https://turbo.az/autos/10415576-lexus-lx-570
Toyota,Corolla,35700.0,AZN,2024,1.8 L,0,Bakı,https://turbo.az/autos/9946072-toyota-corolla
Opel,Astra,7000.0,AZN,1999,2.0 L,312821,Sumqayıt,https://turbo.az/autos/10636148-opel-astra
Kia,Cerato,15500.0,AZN,2011,2.0 L,270300,Bakı,https://turbo.az/autos/10545196-kia-cerato
Volkswagen,Jetta,10500.0,AZN,2010,1.6 L,239000,Bakı,https://turbo.az/autos/10411534-volkswagen-jetta
Kia,KX1,27000.0,AZN,2026,1.4 L,0,Bakı,https://turbo.az/autos/10494279-kia-kx1
Mercedes,GLC 300 4MATIC,31400.0,AZN,2017,2.0 L,148000,Bakı,https://turbo.az/autos/10422362-mercedes-glc-300-4matic
Ford,Transit,29400.0,AZN,2010,2.4 L,230000,Bakı,https://turbo.az/autos/10604004-ford-transit
Kia,Cerato,15800.0,AZN,2012,1.6 L,246000,Bakı,https://turbo.az/autos/10610463-kia-cerato
BMW,X5,19500.0,AZN,2008,4.8 L,251553,Yevlax,https://turbo.az/autos/10624428-bmw-x5
GWM,(Great Wall Motor) Tank 500,84999.0,AZN,2023,2.0 L,21000,Bakı,https://turbo.az/autos/8152531-gwm-great-wall-motor-tank-500
Toyota,Camry,62999.0,AZN,2026,2.0 L,0,Bakı,https://turbo.az/autos/10403543-toyota-camry
Kia,K5,34500.0,AZN,2020,1.6 L,101000,Bakı,https://turbo.az/autos/10591007-kia-k5
Toyota,Land Cruiser,210800.0,AZN,2026,3.5 L,0,Bakı,https://turbo.az/autos/10635708-toyota-land-cruiser
Mercedes,E 220 d,44600.0,AZN,2016,2.0 L,169000,Bakı,https://turbo.az/autos/9004802-mercedes-e-220-d
Ford,Transit,22500.0,AZN,2010,2.4 L,224000,Sumqayıt,https://turbo.az/autos/10403222-ford-transit
BMW,530,43800.0,AZN,2019,2.0 L,139700,Bakı,https://turbo.az/autos/10567455-bmw-530
BMW,320,27200.0,AZN,2016,2.0 L,179500,Bakı,https://turbo.az/autos/10590380-bmw-320
Hyundai,Santa Fe,18600.0,AZN,2010,3.5 L,214000,Bakı,https://turbo.az/autos/10604050-hyundai-santa-fe
Chevrolet,Aveo,14000.0,AZN,2015,1.6 L,168000,Bakı,https://turbo.az/autos/10611748-chevrolet-aveo
Hyundai,Grandeur,71999.0,AZN,2023,1.6 L,39993,Bakı,https://turbo.az/autos/10628854-hyundai-grandeur
Mercedes,200 E,6300.0,AZN,1992,2.0 L,263000,Şamaxı,https://turbo.az/autos/10631108-mercedes-200-e
Hyundai,Tucson,28900.0,AZN,2019,2.0 L,170000,Bakı,https://turbo.az/autos/10602882-hyundai-tucson
Hyundai,Avante,20400.0,AZN,2018,1.6 L,83000,Bakı,https://turbo.az/autos/10564138-hyundai-avante
Mercedes,Sprinter 315,36400.0,AZN,2007,2.2 L,183000,Bakı,https://turbo.az/autos/10280310-mercedes-sprinter-315
Kia,Sorento,47500.0,AZN,2020,2.2 L,195500,Bakı,https://turbo.az/autos/10633540-kia-sorento
Land,Rover RR Sport,28400.0,AZN,2011,3.0 L,229000,Bakı,https://turbo.az/autos/10602853-land-rover-rr-sport
Mercedes,V 250,102000.0,AZN,2021,2.1 L,22000,Bakı,https://turbo.az/autos/9831725-mercedes-v-250
Ford,Transit,25500.0,AZN,2013,2.2 L,300000,Gəncə,https://turbo.az/autos/10636146-ford-transit
Mercedes,Sprinter 515,38400.0,AZN,2008,2.2 L,287000,Bakı,https://turbo.az/autos/10587638-mercedes-sprinter-515
Land,Rover Discovery Sport,30500.0,AZN,2018,2.0 L,169112,Sumqayıt,https://turbo.az/autos/10483116-land-rover-discovery-sport
BMW,530,11800.0,AZN,2000,3.0 L,400000,Bakı,https://turbo.az/autos/10319333-bmw-530
Nissan,Sunny,11900.0,AZN,2008,1.6 L,252200,Bakı,https://turbo.az/autos/10616421-nissan-sunny
LADA,(VAZ) Priora,9400.0,AZN,2013,1.6 L,220000,Ağdaş,https://turbo.az/autos/10636133-lada-vaz-priora
Mercedes,Sprinter 315,33400.0,AZN,2007,2.2 L,174000,Bakı,https://turbo.az/autos/10508273-mercedes-sprinter-315
Changan,Deepal S07,55555.0,AZN,2025,1.5 L,0,Bakı,https://turbo.az/autos/10078670-changan-deepal-s07
BMW,528,22800.0,AZN,2012,2.0 L,219289,Bakı,https://turbo.az/autos/10636021-bmw-528
Kia,Stinger,31900.0,AZN,2017,2.0 L,178000,Bakı,https://turbo.az/autos/10624320-kia-stinger
Mercedes,Sprinter 515,36400.0,AZN,2007,2.2 L,207000,Bakı,https://turbo.az/autos/10411888-mercedes-sprinter-515
Nissan,Qashqai,15500.0,AZN,2010,2.0 L,157929,Bakı,https://turbo.az/autos/10579977-nissan-qashqai
Iveco,Daily 50C15,99500.0,AZN,2026,3.0 L,0,Bakı,https://turbo.az/autos/10497336-iveco-daily-50c15
Lexus,RX 350h,128350.0,AZN,2025,2.5 L,6500,Bakı,https://turbo.az/autos/10512152-lexus-rx-350h
Mercedes,Sprinter 315,30400.0,AZN,2008,2.2 L,194000,Bakı,https://turbo.az/autos/10567699-mercedes-sprinter-315
BMW,120,10999.0,AZN,2005,2.0 L,300000,Bakı,https://turbo.az/autos/10406487-bmw-120
Ford,Fusion (North America),15900.0,AZN,2015,1.5 L,208000,Gəncə,https://turbo.az/autos/10609346-ford-fusion-north-america
Toyota,RAV4,55000.0,AZN,2021,2.5 L,114000,Ağsu,https://turbo.az/autos/10631803-toyota-rav4
Kia,EV3,55400.0,AZN,2024,,0,Bakı,https://turbo.az/autos/9159391-kia-ev3
Kia,Sportage,54800.0,AZN,2025,1.6 L,2600,Bakı,https://turbo.az/autos/10512521-kia-sportage
Changan,Qiyuan A05,26900.0,AZN,2025,1.5 L,0,Bakı,https://turbo.az/autos/10582546-changan-qiyuan-a05
Changan,Uni-Z,33800.0,AZN,2025,1.5 L,0,Bakı,https://turbo.az/autos/10620826-changan-uni-z
Kia,K5,24000.0,AZN,2016,2.0 L,113000,Bakı,https://turbo.az/autos/9671256-kia-k5
Jeep,Grand Cherokee,30500.0,AZN,2014,3.0 L,204500,Bakı,https://turbo.az/autos/10286871-jeep-grand-cherokee
Kia,Optima,24300.0,AZN,2020,1.6 L,181000,Bakı,https://turbo.az/autos/10571237-kia-optima
Mercedes,Vito 111 CDI,21500.0,AZN,2007,2.1 L,389926,Bakı,https://turbo.az/autos/10610695-mercedes-vito-111-cdi
BMW,530e,35014.0,AZN,2018,2.0 L,191512,Bakı,https://turbo.az/autos/10616457-bmw-530e
Opel,Astra,10500.0,AZN,2006,1.3 L,341217,Sumqayıt,https://turbo.az/autos/10619497-opel-astra
Lincoln,MKZ,27000.0,AZN,2018,2.0 L,188000,Bakı,https://turbo.az/autos/10630368-lincoln-mkz
Hyundai,Sonata,34300.0,AZN,2020,1.6 L,89600,Bakı,https://turbo.az/autos/10636283-hyundai-sonata
Mercedes,Sprinter 515,35400.0,AZN,2008,2.2 L,183000,Bakı,https://turbo.az/autos/10192319-mercedes-sprinter-515
Mercedes,Atego 816,35000.0,AZN,2010,4.3 L,223996,Bakı,https://turbo.az/autos/10021627-mercedes-atego-816
Toyota,Corolla,33900.0,AZN,2023,1.6 L,40000,Bakı,https://turbo.az/autos/10285816-toyota-corolla
Hyundai,Accent,18999.0,AZN,2019,1.6 L,170000,Bakı,https://turbo.az/autos/10547188-hyundai-accent
Kia,Sorento,35900.0,AZN,2017,2.0 L,169819,Bakı,https://turbo.az/autos/10609507-kia-sorento
Changan,Uni-Z,36500.0,AZN,2025,1.5 L,0,Bakı,https://turbo.az/autos/9669119-changan-uni-z
Infiniti,QX30,24900.0,AZN,2018,2.0 L,60500,Sumqayıt,https://turbo.az/autos/10317698-infiniti-qx30
BMW,328,27500.0,AZN,2015,2.0 L,79000,Bakı,https://turbo.az/autos/10617617-bmw-328
Hyundai,Santa Fe,22500.0,AZN,2009,2.0 L,147000,Bakı,https://turbo.az/autos/10623238-hyundai-santa-fe
BMW,325,28900.0,AZN,2017,2.0 L,185000,Bakı,https://turbo.az/autos/10614200-bmw-325
Lexus,LX 570,181050.0,AZN,2019,5.7 L,29000,Bakı,https://turbo.az/autos/10568109-lexus-lx-570
Hyundai,Sonata,30900.0,AZN,2021,1.6 L,81000,Bakı,https://turbo.az/autos/10616385-hyundai-sonata
Ford,Fusion (North America),24200.0,AZN,2018,2.0 L,99000,Bakı,https://turbo.az/autos/10634584-ford-fusion-north-america
Changan,Qiyuan A05,28800.0,AZN,2025,1.5 L,0,Bakı,https://turbo.az/autos/10283789-changan-qiyuan-a05
Zhongtong,LCK6721D,125000.0,AZN,2025,3.0 L,0,Bakı,https://turbo.az/autos/10499560-zhongtong-lck6721d
BMW,528,24900.0,AZN,2014,2.0 L,267151,Bakı,https://turbo.az/autos/10216774-bmw-528
Toyota,Camry,58500.0,AZN,2025,2.0 L,15900,Gəncə,https://turbo.az/autos/10568511-toyota-camry
Chevrolet,Cruze,11500.0,AZN,2011,1.4 L,260000,Gəncə,https://turbo.az/autos/10477805-chevrolet-cruze
Land,Rover Range Rover,98900.0,AZN,2019,3.0 L,127500,Şəmkir,https://turbo.az/autos/10636143-land-rover-range-rover
Hyundai,Elantra,20000.0,AZN,2015,1.8 L,128748,Bakı,https://turbo.az/autos/10307402-hyundai-elantra
Toyota,Land Cruiser,40000.0,AZN,2012,4.0 L,205000,Bakı,https://turbo.az/autos/10608517-toyota-land-cruiser
Changan,Eado,28500.0,AZN,2025,1.5 L,0,Bakı,https://turbo.az/autos/10608514-changan-eado
DongFeng,Captain V,64500.0,AZN,2026,2.3 L,0,Bakı,https://turbo.az/autos/10499480-dongfeng-captain-v
Fiat,Punto,8300.0,AZN,2007,1.3 L,230369,Bakı,https://turbo.az/autos/10449922-fiat-punto
Changan,Qiyuan Q07,42400.0,AZN,2025,1.5 L,0,Bakı,https://turbo.az/autos/9747402-changan-qiyuan-q07
Changan,Oshan X5 Plus,27000.0,AZN,2026,1.5 L,0,Bakı,https://turbo.az/autos/10315395-changan-oshan-x5-plus
ZEEKR,X,61030.0,AZN,2026,,0,Bakı,https://turbo.az/autos/10330527-zeekr-x
Volvo,XC90,137023.0,AZN,2026,2.0 L,0,Bakı,https://turbo.az/autos/10365970-volvo-xc90
Land,Rover Range Rover,22700.0,AZN,2005,4.2 L,245000,Yevlax,https://turbo.az/autos/10024538-land-rover-range-rover
Honda,Insight,26900.0,AZN,2021,1.5 L,151000,Bakı,https://turbo.az/autos/10241404-honda-insight
Hyundai,Grandeur,24500.0,AZN,2012,3.0 L,230000,Bakı,https://turbo.az/autos/10446988-hyundai-grandeur
Volkswagen,Passat CC,19800.0,AZN,2015,2.0 L,170000,Bakı,https://turbo.az/autos/10583723-volkswagen-passat-cc
Chevrolet,Malibu,18300.0,AZN,2020,1.5 L,205000,Bakı,https://turbo.az/autos/10589043-chevrolet-malibu
Toyota,Corolla,24500.0,AZN,2016,1.6 L,119000,Bakı,https://turbo.az/autos/10605985-toyota-corolla
Fiat,Doblo,12500.0,AZN,2013,1.4 L,260000,Bakı,https://turbo.az/autos/10611603-fiat-doblo
Hyundai,ix35,20900.0,AZN,2012,2.0 L,249000,Sumqayıt,https://turbo.az/autos/10624279-hyundai-ix35
Chevrolet,Cruze,13200.0,AZN,2014,1.4 L,280510,Gəncə,https://turbo.az/autos/10613606-chevrolet-cruze
Hyundai,Santa Fe,15000.0,AZN,2009,2.7 L,230000,Bakı,https://turbo.az/autos/10326934-hyundai-santa-fe
BMW,X5,73900.0,AZN,2020,3.0 L,89000,Bakı,https://turbo.az/autos/10285761-bmw-x5
Harley-Davidson,Night Rod,49800.0,AZN,2013,,22531,Bakı,https://turbo.az/autos/10344065-harley-davidson-night-rod
Ford,Fusion (North America),17900.0,AZN,2019,1.5 L,162000,Bakı,https://turbo.az/autos/10636141-ford-fusion-north-america
BMW,520d,48000.0,AZN,2018,2.0 L,178000,Bakı,https://turbo.az/autos/10593313-bmw-520d
Land,Rover Range Rover,124100.0,AZN,2020,3.0 L,112000,Bakı,https://turbo.az/autos/9966308-land-rover-range-rover
Mercedes,Vito 115 CDI,18900.0,AZN,2008,2.1 L,413000,Bakı,https://turbo.az/autos/10623702-mercedes-vito-115-cdi
Land,Rover RR Sport,74500.0,AZN,2020,3.0 L,134000,Bakı,https://turbo.az/autos/10630626-land-rover-rr-sport
Hyundai,Grandeur,24500.0,AZN,2012,2.4 L,195000,Bakı,https://turbo.az/autos/10602194-hyundai-grandeur
LADA,(VAZ) Granta,6000.0,AZN,2013,1.6 L,222000,Bakı,https://turbo.az/autos/10636138-lada-vaz-granta
BMW,528,9200.0,AZN,1998,2.8 L,373584,Bakı,https://turbo.az/autos/10636137-bmw-528
Toyota,Land Cruiser,89250.0,AZN,2018,4.0 L,185000,Bakı,https://turbo.az/autos/10549520-toyota-land-cruiser
Hyundai,Sonata,47000.0,AZN,2024,2.0 L,14000,Bakı,https://turbo.az/autos/10618661-hyundai-sonata
Mercedes,E 240,12000.0,AZN,1999,2.4 L,255000,Masallı,https://turbo.az/autos/10636135-mercedes-e-240
Mercedes,AMG GT 53 4MATIC+,144500.0,AZN,2019,3.0 L,70000,Bakı,https://turbo.az/autos/9825142-mercedes-amg-gt-53-4matic
Lexus,LX 500d,214625.0,AZN,2022,3.3 L,33500,Bakı,https://turbo.az/autos/10354995-lexus-lx-500d
Dacia,Dokker,13500.0,AZN,2013,1.2 L,200081,Bakı,https://turbo.az/autos/10385267-dacia-dokker
Toyota,Prius,10700.0,AZN,2008,1.5 L,295000,Bakı,https://turbo.az/autos/10636127-toyota-prius
Lexus,RX 300,75000.0,AZN,2022,2.0 L,29000,Bakı,https://turbo.az/autos/10636136-lexus-rx-300
Changan,Uni-Z,36300.0,AZN,2025,1.5 L,0,Bakı,https://turbo.az/autos/10628215-changan-uni-z
DongFeng,YiPai 008,61900.0,AZN,2025,1.5 L,0,Bakı,https://turbo.az/autos/9853739-dongfeng-yipai-008
BMW,325,7700.0,AZN,2000,2.5 L,270000,Bakı,https://turbo.az/autos/10628993-bmw-325
Kia,Optima,28500.0,AZN,2018,2.0 L,98170,Zaqatala,https://turbo.az/autos/10604417-kia-optima
Wuling,Starlight S,36000.0,AZN,2025,1.5 L,0,Bakı,https://turbo.az/autos/9646944-wuling-starlight-s
GAC,GS3 Emzoom,29900.0,AZN,2026,1.5 L,0,Bakı,https://turbo.az/autos/10293168-gac-gs3-emzoom
Toyota,Camry,23500.0,AZN,2012,2.5 L,224000,Bakı,https://turbo.az/autos/10577968-toyota-camry
Changan,CS 55 Plus,34800.0,AZN,2025,1.5 L,0,Bakı,https://turbo.az/autos/10606552-changan-cs-55-plus
LADA,(VAZ) Priora,12900.0,AZN,2014,1.6 L,124056,Şəki,https://turbo.az/autos/10309650-lada-vaz-priora
Toyota,Land Cruiser,48900.0,AZN,2013,4.0 L,196973,Bakı,https://turbo.az/autos/10315419-toyota-land-cruiser
Kawasaki,VN 650 Vulcan S,14900.0,AZN,2022,,5687,Bakı,https://turbo.az/autos/10453673-kawasaki-vn-650-vulcan-s
Mercedes,GLE 53 AMG 4MATIC+ Coupe,141100.0,AZN,2021,3.0 L,69000,Bakı,https://turbo.az/autos/10527774-mercedes-gle-53-amg-4matic-coupe
Ford,Fusion (North America),20800.0,AZN,2020,1.5 L,214300,Bakı,https://turbo.az/autos/10593899-ford-fusion-north-america
Toyota,Corolla,20500.0,AZN,2014,1.6 L,213000,Bakı,https://turbo.az/autos/10595632-toyota-corolla
Hyundai,Tucson,42000.0,AZN,2023,1.6 L,31000,Bakı,https://turbo.az/autos/10596024-hyundai-tucson
Mitsubishi,Pajero io,6500.0,AZN,1999,1.8 L,378000,Bakı,https://turbo.az/autos/10634608-mitsubishi-pajero-io
BMW,X5,27500.0,AZN,2010,4.4 L,216000,Bakı,https://turbo.az/autos/10633095-bmw-x5
Kia,Sportage,26500.0,AZN,2015,2.0 L,150000,Bakı,https://turbo.az/autos/10615682-kia-sportage
Kia,Sportage,15900.0,AZN,2007,2.0 L,215000,Bakı,https://turbo.az/autos/10614970-kia-sportage
DongFeng,Aeolus Mage HEV,38900.0,AZN,2026,1.5 L,0,Bakı,https://turbo.az/autos/8899516-dongfeng-aeolus-mage-hev
Opel,Astra,10500.0,AZN,2006,1.4 L,258625,Bakı,https://turbo.az/autos/10617570-opel-astra
Mercedes,GL 500 4MATIC,32000.0,AZN,2011,5.5 L,157000,Bakı,https://turbo.az/autos/10636129-mercedes-gl-500-4matic
Mercedes,G 55 AMG,66300.0,AZN,2008,5.5 L,241000,Bakı,https://turbo.az/autos/10437641-mercedes-g-55-amg
Chevrolet,Cruze,17000.0,AZN,2015,1.4 L,29000,Bakı,https://turbo.az/autos/10454225-chevrolet-cruze
Opel,Astra,7900.0,AZN,2006,1.3 L,409000,Bakı,https://turbo.az/autos/10611283-opel-astra
Hyundai,Santa Fe,27800.0,AZN,2013,2.0 L,100000,Gəncə,https://turbo.az/autos/10636132-hyundai-santa-fe
DongFeng,Z9,59900.0,AZN,2026,1.5 L,0,Bakı,https://turbo.az/autos/9824555-dongfeng-z9
Daewoo,Matiz,5800.0,AZN,2005,0.8 L,147000,Bakı,https://turbo.az/autos/10636131-daewoo-matiz
Mercedes,Actros 1846,50000.0,AZN,2010,13 L,1250000,Bakı,https://turbo.az/autos/10569862-mercedes-actros-1846
Kia,Sorento,24500.0,AZN,2011,2.0 L,279679,Goranboy,https://turbo.az/autos/10636130-kia-sorento
Land,Rover Range Rover,107100.0,AZN,2020,3.0 L,137500,Bakı,https://turbo.az/autos/10585172-land-rover-range-rover
DongFeng,YiPai 007,44900.0,AZN,2026,1.5 L,0,Bakı,https://turbo.az/autos/10185916-dongfeng-yipai-007
Ford,Maverick,43900.0,AZN,2023,2.5 L,80625,Bakı,https://turbo.az/autos/10598980-ford-maverick
Mercedes,E 220 d,56950.0,AZN,2019,2.0 L,94000,Bakı,https://turbo.az/autos/10623540-mercedes-e-220-d
Toyota,Camry,38800.0,AZN,2021,2.5 L,51000,Bakı,https://turbo.az/autos/10527031-toyota-camry
Hyundai,Sonata,25900.0,AZN,2017,2.0 L,83000,Bakı,https://turbo.az/autos/10588692-hyundai-sonata
Hyundai,Tucson,25800.0,AZN,2017,2.0 L,148000,Bakı,https://turbo.az/autos/10545716-hyundai-tucson
DongFeng,Aeolus Shine GS,30900.0,AZN,2025,1.5 L,0,Bakı,https://turbo.az/autos/8561722-dongfeng-aeolus-shine-gs
Chevrolet,Aveo,8000.0,AZN,2012,1.4 L,555000,Bakı,https://turbo.az/autos/10557263-chevrolet-aveo
Hyundai,Elantra,21500.0,AZN,2017,2.0 L,167372,Bakı,https://turbo.az/autos/10473440-hyundai-elantra
Changan,Uni-V iDD,34250.0,AZN,2024,1.5 L,0,Bakı,https://turbo.az/autos/10070850-changan-uni-v-idd
Changan,Qiyuan Q05,27000.0,AZN,2026,,0,Sifarişlə,https://turbo.az/autos/10072288-changan-qiyuan-q05
Toyota,Corolla,39999.0,AZN,2026,1.8 L,0,Bakı,https://turbo.az/autos/10499087-toyota-corolla
Hyundai,Avante,18800.0,AZN,2015,1.6 L,154000,Bakı,https://turbo.az/autos/10618437-hyundai-avante
Mercedes,CLA 200,51500.0,AZN,2019,1.3 L,37000,Sabirabad,https://turbo.az/autos/10101882-mercedes-cla-200
Jeep,Grand Cherokee,47500.0,AZN,2016,3.6 L,110000,Bakı,https://turbo.az/autos/10586860-jeep-grand-cherokee
Hyundai,Accent,19500.0,AZN,2017,1.4 L,130000,Bakı,https://turbo.az/autos/10591802-hyundai-accent
Hyundai,Sonata,22800.0,AZN,2015,2.0 L,146000,Bakı,https://turbo.az/autos/10613938-hyundai-sonata
Chevrolet,Trax,25000.0,AZN,2019,1.8 L,157928,Bakı,https://turbo.az/autos/10621425-chevrolet-trax
Toyota,Land Cruiser Prado,25500.0,AZN,2007,2.7 L,237000,Bakı,https://turbo.az/autos/10625357-toyota-land-cruiser-prado
Opel,Astra,8200.0,AZN,1998,1.6 L,400000,Bakı,https://turbo.az/autos/10630463-opel-astra
Chevrolet,Cruze,10500.0,AZN,2014,1.4 L,288000,Bakı,https://turbo.az/autos/10633610-chevrolet-cruze
BMW,X7,164050.0,AZN,2020,4.4 L,29000,Bakı,https://turbo.az/autos/10415619-bmw-x7
Toyota,Prius,9900.0,AZN,2006,1.5 L,300000,Bakı,https://turbo.az/autos/10628552-toyota-prius
BMW,X6,34800.0,AZN,2010,3.0 L,163000,Bakı,https://turbo.az/autos/10249554-bmw-x6
DongFeng,YiPai 008,61900.0,AZN,2025,1.5 L,0,Bakı,https://turbo.az/autos/9833467-dongfeng-yipai-008
Ford,Fusion (North America),22500.0,AZN,2017,1.5 L,166938,Bakı,https://turbo.az/autos/10581502-ford-fusion-north-america
DongFeng,Z9,71900.0,AZN,2026,1.5 L,0,Sifarişlə,https://turbo.az/autos/9824539-dongfeng-z9
Changan,Qiyuan A06,26500.0,AZN,2023,1.5 L,73000,Bakı,https://turbo.az/autos/10636128-changan-qiyuan-a06
Hyundai,Veloster,24999.0,AZN,2019,1.6 L,116000,Bakı,https://turbo.az/autos/10524875-hyundai-veloster
LADA,(VAZ) 2107,5000.0,AZN,2007,1.6 L,200000,Goranboy,https://turbo.az/autos/10636117-lada-vaz-2107
Mercedes,Viano,28000.0,AZN,2008,2.1 L,643000,Bakı,https://turbo.az/autos/10628161-mercedes-viano
Chevrolet,Aveo,8900.0,AZN,2012,1.4 L,191000,Sumqayıt,https://turbo.az/autos/10626141-chevrolet-aveo
Chevrolet,Cobalt,16000.0,AZN,2022,1.5 L,91157,Bakı,https://turbo.az/autos/10449531-chevrolet-cobalt
Changan,Uni-Z,35200.0,AZN,2025,1.5 L,0,Bakı,https://turbo.az/autos/10278315-changan-uni-z
Ford,Fusion (North America),17600.0,AZN,2017,1.5 L,165000,Bakı,https://turbo.az/autos/10523755-ford-fusion-north-america
Land,Rover Range Rover,95000.0,AZN,2021,3.0 L,91000,Bakı,https://turbo.az/autos/10620925-land-rover-range-rover
Dodge,Caravan,7300.0,AZN,2000,3.0 L,180000,Gəncə,https://turbo.az/autos/10636125-dodge-caravan
Ford,Transit,19000.0,AZN,2007,2.4 L,999870,Bakı,https://turbo.az/autos/10591735-ford-transit
LADA,(VAZ) 2107,4200.0,AZN,1999,1.6 L,55250,İsmayıllı,https://turbo.az/autos/10636124-lada-vaz-2107
Kia,Optima,17500.0,AZN,2012,2.4 L,161200,Gəncə,https://turbo.az/autos/10630423-kia-optima
Toyota,Camry,40300.0,AZN,2020,2.5 L,140000,Bakı,https://turbo.az/autos/10632215-toyota-camry
Tesla,Model Y,49000.0,AZN,2024,,11000,Bakı,https://turbo.az/autos/10627834-tesla-model-y
Zoomlion,ZTC300V532-1,230000.0,AZN,2025,6.5 L,0,Bakı,https://turbo.az/autos/10514193-zoomlion-ztc300v532-1
BMW,530,39000.0,AZN,2017,2.0 L,161700,Bakı,https://turbo.az/autos/10504593-bmw-530
LADA,(VAZ) Niva,4500.0,AZN,2008,1.7 L,86000,İmişli,https://turbo.az/autos/10633373-lada-vaz-niva
DFSK,C-32 S,27900.0,AZN,2025,1.6 L,0,Bakı,https://turbo.az/autos/9958130-dfsk-c-32-s
Mikilon,Hammer 250 Touring,7500.0,AZN,2026,0.3 L,0,Bakı,https://turbo.az/autos/10245745-mikilon-hammer-250-touring
Changan,Eado,29900.0,AZN,2026,1.5 L,0,Bakı,https://turbo.az/autos/10288358-changan-eado
Toyota,RAV4,57815.0,AZN,2026,2.0 L,0,Sifarişlə,https://turbo.az/autos/10602522-toyota-rav4
Land,Rover Range Rover,63300.0,AZN,2016,3.0 L,165000,Bakı,https://turbo.az/autos/10422657-land-rover-range-rover
Chevrolet,Trax,19700.0,AZN,2019,1.4 L,101000,Bakı,https://turbo.az/autos/10471991-chevrolet-trax
Land,Rover Defender,131750.0,AZN,2020,2.0 L,52000,Bakı,https://turbo.az/autos/10497295-land-rover-defender
Opel,Astra,3000.0,AZN,1996,1.8 L,545702,Bakı,https://turbo.az/autos/10536680-opel-astra
BMW,328,22900.0,AZN,2013,2.0 L,262000,Bakı,https://turbo.az/autos/10537960-bmw-328
BMW,735,8000.0,AZN,2002,3.6 L,270000,Bakı,https://turbo.az/autos/10543756-bmw-735
Mazda,CX-9,48000.0,AZN,2020,2.5 L,134900,Bakı,https://turbo.az/autos/10604029-mazda-cx-9
Toyota,Camry,49900.0,AZN,2024,2.0 L,68800,Bakı,https://turbo.az/autos/10631838-toyota-camry
Changan,Uni-Z,32900.0,AZN,2025,1.5 L,0,Bakı,https://turbo.az/autos/10598117-changan-uni-z
Opel,Zafira,8600.0,AZN,1999,1.8 L,285000,Sumqayıt,https://turbo.az/autos/10619615-opel-zafira
BMW,X5,45000.0,AZN,2018,3.0 L,240000,Bakı,https://turbo.az/autos/10559593-bmw-x5
Toyota,Auris,12800.0,AZN,2007,1.4 L,374369,Yevlax,https://turbo.az/autos/10636090-toyota-auris
Audi,A8,42000.0,AZN,2014,4.0 L,184000,Bakı,https://turbo.az/autos/9570025-audi-a8
Kia,Sportage,20200.0,AZN,2014,2.4 L,137105,Bakı,https://turbo.az/autos/10481703-kia-sportage
Lynk,& Co 900,113900.0,AZN,2026,2.0 L,0,Bakı,https://turbo.az/autos/10591130-lynk-co-900
Kia,Sportage,22500.0,AZN,2011,2.0 L,155000,Bakı,https://turbo.az/autos/10636120-kia-sportage
Hyundai,Sonata,33600.0,AZN,2020,1.6 L,101000,Bakı,https://turbo.az/autos/10620575-hyundai-sonata
Changan,Deepal S09,76300.0,AZN,2025,1.5 L,0,Bakı,https://turbo.az/autos/10315780-changan-deepal-s09
Changan,Deepal S07,53000.0,AZN,2025,1.5 L,0,Bakı,https://turbo.az/autos/10060684-changan-deepal-s07
BYD,Qin Plus,25000.0,AZN,2025,1.5 L,0,Bakı,https://turbo.az/autos/9685499-byd-qin-plus
Toyota,Corolla,24500.0,AZN,2016,1.6 L,119000,Bakı,https://turbo.az/autos/10605985-toyota-corolla
BMW,X5,19800.0,AZN,2005,3.0 L,204310,Bakı,https://turbo.az/autos/10613275-bmw-x5
BMW,320,17800.0,AZN,2014,2.0 L,285000,Bakı,https://turbo.az/autos/10636122-bmw-320
Suzuki,Jimny,55250.0,AZN,2025,1.5 L,0,Sifarişlə,https://turbo.az/autos/10132153-suzuki-jimny
Dayun,DY200-22A,2300.0,AZN,2024,,26500,Bakı,https://turbo.az/autos/10636123-dayun-dy200-22a
Haojue,EX 125,2762.0,AZN,2025,0.1 L,0,Bakı,https://turbo.az/autos/10001916-haojue-ex-125
BMW,X5,54000.0,AZN,2015,3.0 L,99000,Bakı,https://turbo.az/autos/10613627-bmw-x5
Mercedes,C 240,11220.0,AZN,2000,2.6 L,354000,Bakı,https://turbo.az/autos/10616166-mercedes-c-240
Toyota,Aqua,14900.0,AZN,2016,1.5 L,125000,Bakı,https://turbo.az/autos/10590932-toyota-aqua
Mercedes,C 180,11500.0,AZN,1997,1.8 L,420000,Bakı,https://turbo.az/autos/10636103-mercedes-c-180
Chevrolet,Malibu,16900.0,AZN,2017,1.5 L,145000,Xırdalan,https://turbo.az/autos/10636106-chevrolet-malibu
Kia,Sportage,22800.0,AZN,2013,2.0 L,201000,Bakı,https://turbo.az/autos/10631008-kia-sportage
Lynk,& Co 900,104900.0,AZN,2026,1.5 L,0,Bakı,https://turbo.az/autos/9759474-lynk-co-900
Porsche,Panamera Turbo,123250.0,AZN,2017,4.0 L,67000,Bakı,https://turbo.az/autos/9828626-porsche-panamera-turbo
Mercedes,GLS 450 4MATIC,227134.0,AZN,2025,3.0 L,0,Bakı,https://turbo.az/autos/9832465-mercedes-gls-450-4matic
BMW,X5,256000.0,AZN,2026,3.0 L,0,Sifarişlə,https://turbo.az/autos/10568193-bmw-x5
Ford,Transit,28800.0,AZN,2008,2.4 L,185000,Bakı,https://turbo.az/autos/9853360-ford-transit
Audi,A5,43500.0,AZN,2021,2.0 L,75200,Bakı,https://turbo.az/autos/10421149-audi-a5
BMW,430,107100.0,AZN,2024,2.0 L,11850,Bakı,https://turbo.az/autos/10499838-bmw-430
Kia,K7,37500.0,AZN,2019,2.2 L,146000,Bakı,https://turbo.az/autos/10562090-kia-k7
BMW,430,49500.0,AZN,2019,2.0 L,108000,Bakı,https://turbo.az/autos/10586565-bmw-430
Hyundai,Elantra,38500.0,AZN,2026,1.6 L,4200,Bakı,https://turbo.az/autos/10621800-hyundai-elantra
Can-Am,Ryker,27000.0,AZN,2019,,18500,Bakı,https://turbo.az/autos/10624666-can-am-ryker
Honda,Insight,11800.0,AZN,2011,1.3 L,250000,Bakı,https://turbo.az/autos/10632987-honda-insight
Kia,Ceed,14500.0,AZN,2007,1.6 L,212000,Bakı,https://turbo.az/autos/10514818-kia-ceed
Hyundai,Accent,16900.0,AZN,2017,1.6 L,199578,Bakı,https://turbo.az/autos/10616033-hyundai-accent
Kia,Sportage,42500.0,AZN,2024,2.0 L,11700,Bakı,https://turbo.az/autos/10589992-kia-sportage
Hyundai,Accent,19000.0,AZN,2018,1.4 L,88060,Bakı,https://turbo.az/autos/10636118-hyundai-accent
Chevrolet,Equinox,22800.0,AZN,2018,1.5 L,225111,Bakı,https://turbo.az/autos/10558474-chevrolet-equinox
Land,Rover Range Rover,66000.0,AZN,2016,3.0 L,140300,Bakı,https://turbo.az/autos/10588075-land-rover-range-rover
Mercedes,E 53 AMG 4MATIC+,210000.0,AZN,2022,3.0 L,22000,Bakı,https://turbo.az/autos/10636114-mercedes-e-53-amg-4matic
Hyundai,Elantra,18800.0,AZN,2012,1.8 L,256187,Bakı,https://turbo.az/autos/10366264-hyundai-elantra
Hyundai,Grandeur,12500.0,AZN,2007,2.7 L,305000,Bakı,https://turbo.az/autos/10636100-hyundai-grandeur
Chevrolet,Equinox,21300.0,AZN,2018,1.5 L,185000,Bakı,https://turbo.az/autos/10624191-chevrolet-equinox
Mercedes,Axor 1840,35500.0,AZN,2008,12 L,727215,Bakı,https://turbo.az/autos/10545747-mercedes-axor-1840
Mercedes,E 300 e,68000.0,AZN,2021,2.0 L,120000,Bakı,https://turbo.az/autos/10628182-mercedes-e-300-e
Mercedes,ML 320,8000.0,AZN,2002,3.2 L,271523,Bakı,https://turbo.az/autos/10636095-mercedes-ml-320
Mercedes,Vito,27600.0,AZN,2016,1.6 L,245000,Bakı,https://turbo.az/autos/10251462-mercedes-vito
Volkswagen,Jetta,12800.0,AZN,2012,2.0 L,209215,Bakı,https://turbo.az/autos/10636115-volkswagen-jetta
Kia,Optima,18500.0,AZN,2012,2.0 L,112000,Bakı,https://turbo.az/autos/10619657-kia-optima
Hyundai,Sonata,18200.0,AZN,2010,2.4 L,300000,Bakı,https://turbo.az/autos/10583338-hyundai-sonata
Mercedes,ML 350 4MATIC,13800.0,AZN,2005,3.5 L,312000,Bakı,https://turbo.az/autos/10634578-mercedes-ml-350-4matic
Ford,Fusion (North America),16900.0,AZN,2017,1.5 L,169000,Bakı,https://turbo.az/autos/10570542-ford-fusion-north-america
Kia,K8,47900.0,AZN,2021,1.6 L,170200,Bakı,https://turbo.az/autos/10453314-kia-k8
Mercedes,E 240,17800.0,AZN,2003,2.6 L,302506,Bakı,https://turbo.az/autos/10623000-mercedes-e-240
Mercedes,E 220,9200.0,AZN,1998,2.2 L,500100,Bakı,https://turbo.az/autos/10636109-mercedes-e-220
Hyundai,Santa Fe,29900.0,AZN,2015,2.0 L,178000,Bakı,https://turbo.az/autos/10582687-hyundai-santa-fe
Mercedes,E 240,12000.0,AZN,1998,2.4 L,367591,Bakı,https://turbo.az/autos/10636111-mercedes-e-240
JMC,Conquer 4x2,39900.0,AZN,2026,2.9 L,0,Bakı,https://turbo.az/autos/8994402-jmc-conquer-4x2
Audi,Q5,137507.0,AZN,2026,2.0 L,0,Sifarişlə,https://turbo.az/autos/10301048-audi-q5
Mercedes,C 43 AMG 4MATIC,98430.0,AZN,2023,2.0 L,39500,Bakı,https://turbo.az/autos/10424770-mercedes-c-43-amg-4matic
Mini,Countryman,16900.0,AZN,2013,1.6 L,168000,Sumqayıt,https://turbo.az/autos/10624504-mini-countryman
Porsche,Cayenne GTS,38900.0,AZN,2014,4.8 L,220000,Bakı,https://turbo.az/autos/10083004-porsche-cayenne-gts
BMW,530e,42000.0,AZN,2018,2.0 L,95000,Bakı,https://turbo.az/autos/10459726-bmw-530e
Ford,Fusion (North America),17800.0,AZN,2016,1.5 L,283000,Bakı,https://turbo.az/autos/10548586-ford-fusion-north-america
Kia,K7,37230.0,AZN,2020,2.2 L,150000,Bakı,https://turbo.az/autos/10555570-kia-k7
Ford,Transit,28500.0,AZN,2010,2.4 L,187000,Bakı,https://turbo.az/autos/10598265-ford-transit
Kia,Sorento,36000.0,AZN,2015,2.0 L,201000,Naxçıvan,https://turbo.az/autos/10603089-kia-sorento
Mercedes,Sprinter 313,26900.0,AZN,2007,2.2 L,213715,Bakı,https://turbo.az/autos/10623747-mercedes-sprinter-313
Hyundai,Elantra,25800.0,AZN,2018,2.0 L,109435,Bakı,https://turbo.az/autos/10625399-hyundai-elantra
Geely,Monjaro,47500.0,AZN,2026,1.5 L,0,Sifarişlə,https://turbo.az/autos/9836528-geely-monjaro
Volkswagen,Golf,6800.0,AZN,2001,1.6 L,332000,Bakı,https://turbo.az/autos/10635946-volkswagen-golf
Lexus,GX 460,49999.0,AZN,2014,4.6 L,187000,Bakı,https://turbo.az/autos/10633898-lexus-gx-460
BMW,M760e,266900.0,AZN,2024,3.0 L,31400,Bakı,https://turbo.az/autos/10466903-bmw-m760e
Geely,Monjaro,47500.0,AZN,2026,1.5 L,0,Sifarişlə,https://turbo.az/autos/10058767-geely-monjaro
Volkswagen,Jetta,9250.0,AZN,2007,2.5 L,304233,Bakı,https://turbo.az/autos/10625964-volkswagen-jetta
Haval,H2,19000.0,AZN,2015,1.5 L,133000,Bakı,https://turbo.az/autos/10636104-haval-h2
Mercedes,C 43 AMG 4MATIC,42000.0,AZN,2016,3.0 L,152000,Bakı,https://turbo.az/autos/10524551-mercedes-c-43-amg-4matic
BMW,750e,236300.0,AZN,2023,3.0 L,35600,Bakı,https://turbo.az/autos/10542389-bmw-750e
LADA,(VAZ) 2107,5999.0,AZN,2006,1.6 L,10000,Gəncə,https://turbo.az/autos/10636102-lada-vaz-2107
Changan,CS 55 Plus,34500.0,AZN,2026,1.5 L,0,Bakı,https://turbo.az/autos/10596533-changan-cs-55-plus
LADA,(VAZ) 2106,2500.0,AZN,1985,1.5 L,500000,Bakı,https://turbo.az/autos/10636108-lada-vaz-2106
Hyundai,Santa Fe,29900.0,AZN,2017,2.0 L,114000,Bakı,https://turbo.az/autos/10636101-hyundai-santa-fe
Opel,Vectra,3600.0,AZN,1998,1.8 L,343750,Bakı,https://turbo.az/autos/10634983-opel-vectra
Mercedes,E 300 e,134300.0,AZN,2024,2.0 L,28100,Bakı,https://turbo.az/autos/10587991-mercedes-e-300-e
Hyundai,Tucson,45500.0,AZN,2021,2.0 L,34000,Bakı,https://turbo.az/autos/10571052-hyundai-tucson
Toyota,RAV4,58800.0,AZN,2024,2.5 L,39000,Bakı,https://turbo.az/autos/10626343-toyota-rav4
Toyota,Camry,59500.0,AZN,2026,2.5 L,0,Bakı,https://turbo.az/autos/10628168-toyota-camry
BMW,i8,110500.0,AZN,2016,1.5 L,22700,Bakı,https://turbo.az/autos/10499482-bmw-i8
Hyundai,Santa Fe,19800.0,AZN,2008,2.2 L,270000,Xaçmaz,https://turbo.az/autos/10636099-hyundai-santa-fe
Saipa,132,3500.0,AZN,2013,1.3 L,255647,Bakı,https://turbo.az/autos/10578895-saipa-132
Lexus,ES 300h,69700.0,AZN,2023,2.5 L,59700,Bakı,https://turbo.az/autos/10452163-lexus-es-300h
Ducati,Panigale Lamborghini,180370.0,AZN,2026,,0,Bakı,https://turbo.az/autos/10551624-ducati-panigale-lamborghini
Mercedes,E 220,17900.0,AZN,2010,2.1 L,330000,Xırdalan,https://turbo.az/autos/10610476-mercedes-e-220
Mercedes,E 240,11800.0,AZN,2000,2.4 L,295036,Xırdalan,https://turbo.az/autos/10036821-mercedes-e-240
BMW,520,115800.0,AZN,2025,2.0 L,0,Bakı,https://turbo.az/autos/10279789-bmw-520
Nissan,Qashqai,51900.0,AZN,2026,1.5 L,0,Bakı,https://turbo.az/autos/10590010-nissan-qashqai
BMW,230,61000.0,AZN,2023,2.0 L,15000,Bakı,https://turbo.az/autos/10606060-bmw-230
Land,Rover RR Sport,67830.0,AZN,2019,3.0 L,92000,Bakı,https://turbo.az/autos/10492388-land-rover-rr-sport
BMW,320d,29300.0,AZN,2015,2.0 L,225000,Bakı,https://turbo.az/autos/10509147-bmw-320d
Chevrolet,Cobalt,17000.0,AZN,2026,1.5 L,0,Bakı,https://turbo.az/autos/10564858-chevrolet-cobalt
Toyota,Auris,19500.0,AZN,2016,1.4 L,250000,Bakı,https://turbo.az/autos/10564882-toyota-auris
Hyundai,Sonata,43600.0,AZN,2023,2.0 L,34500,Bakı,https://turbo.az/autos/10600495-hyundai-sonata
Chevrolet,Spark,11900.0,AZN,2016,1.4 L,163000,Bakı,https://turbo.az/autos/10612967-chevrolet-spark
Toyota,Prius,16600.0,AZN,2014,1.8 L,182300,Bakı,https://turbo.az/autos/10633079-toyota-prius
Hyundai,Sonata,18100.0,AZN,2011,2.0 L,257495,Bakı,https://turbo.az/autos/10634258-hyundai-sonata
Kia,K3,19500.0,AZN,2014,1.6 L,220000,Bakı,https://turbo.az/autos/10593735-kia-k3
BMW,X5,202300.0,AZN,2025,3.0 L,9000,Bakı,https://turbo.az/autos/10577582-bmw-x5
Toyota,Prius,12500.0,AZN,2007,1.5 L,326000,Sumqayıt,https://turbo.az/autos/10632283-toyota-prius
Daewoo,Leganza,2600.0,AZN,1998,1.8 L,190000,Bakı,https://turbo.az/autos/10608574-daewoo-leganza
LADA,(VAZ) Granta,13700.0,AZN,2024,1.6 L,92000,Cəlilabad,https://turbo.az/autos/10595280-lada-vaz-granta
Land,Rover Range Rover,95000.0,AZN,2019,3.0 L,61000,Bakı,https://turbo.az/autos/10455627-land-rover-range-rover
Hyundai,Santa Fe,20800.0,AZN,2007,2.2 L,184787,Salyan,https://turbo.az/autos/10633842-hyundai-santa-fe
Voyah,Taishan,153000.0,AZN,2026,1.5 L,0,Bakı,https://turbo.az/autos/10141795-voyah-taishan
Mercedes,C 200,11000.0,AZN,1995,2.0 L,283000,Bakı,https://turbo.az/autos/10622826-mercedes-c-200
Nissan,Murano,9500.0,AZN,2004,3.5 L,393260,Bakı,https://turbo.az/autos/10635960-nissan-murano
Kia,Optima,16800.0,AZN,2011,2.0 L,284854,Bakı,https://turbo.az/autos/10636087-kia-optima
Kia,Ceed,13000.0,AZN,2007,1.4 L,232618,Xırdalan,https://turbo.az/autos/10593050-kia-ceed
BMW,528,25000.0,AZN,2015,2.0 L,241897,Bakı,https://turbo.az/autos/10624339-bmw-528
Li,Auto L7,95900.0,AZN,2025,1.5 L,3121,Bakı,https://turbo.az/autos/10571235-li-auto-l7
Opel,Astra,10600.0,AZN,2006,1.4 L,298000,Bakı,https://turbo.az/autos/10074944-opel-astra
Toyota,Corolla,44500.0,AZN,2025,1.8 L,115,Bakı,https://turbo.az/autos/10048576-toyota-corolla
Chevrolet,Cruze,11500.0,AZN,2012,1.4 L,245000,Yevlax,https://turbo.az/autos/10599946-chevrolet-cruze
Li,Auto L9,67830.0,AZN,2023,1.5 L,73000,Bakı,https://turbo.az/autos/10631522-li-auto-l9
LADA,(VAZ) 2106,3700.0,AZN,2005,1.6 L,143000,Sumqayıt,https://turbo.az/autos/10626423-lada-vaz-2106
Lynk,& Co 09,84900.0,AZN,2025,2.0 L,0,Bakı,https://turbo.az/autos/8947930-lynk-co-09
Opel,Astra,7500.0,AZN,2006,1.3 L,540000,Siyəzən,https://turbo.az/autos/10623301-opel-astra
Kia,Forte,22800.0,AZN,2020,2.0 L,123950,Bakı,https://turbo.az/autos/10585486-kia-forte
Land,Rover Range Rover,372300.0,AZN,2024,4.4 L,33600,Bakı,https://turbo.az/autos/10542464-land-rover-range-rover
Mercedes,C 220,5500.0,AZN,1995,2.2 L,143000,Sumqayıt,https://turbo.az/autos/10626450-mercedes-c-220
Audi,Q7,47900.0,AZN,2018,2.0 L,151000,Bakı,https://turbo.az/autos/10104704-audi-q7
Land,Rover Range Rover,302600.0,AZN,2023,4.4 L,50000,Bakı,https://turbo.az/autos/10302826-land-rover-range-rover
Changan,Oshan X5 Plus,26900.0,AZN,2026,1.5 L,0,Bakı,https://turbo.az/autos/10353684-changan-oshan-x5-plus
BMW,535,22900.0,AZN,2012,3.0 L,271000,Bakı,https://turbo.az/autos/10614822-bmw-535
Tesla,Model 3,84900.0,AZN,2025,,23000,Bakı,https://turbo.az/autos/10103811-tesla-model-3
BMW,528,29920.0,AZN,2016,2.0 L,90000,Bakı,https://turbo.az/autos/10540485-bmw-528
Li,Auto L9,89000.0,AZN,2024,1.5 L,15000,Bakı,https://turbo.az/autos/10560033-li-auto-l9
Volkswagen,Passat CC,19800.0,AZN,2015,2.0 L,170000,Bakı,https://turbo.az/autos/10583723-volkswagen-passat-cc
Land,Rover RR Velar,93500.0,AZN,2022,2.0 L,40000,Bakı,https://turbo.az/autos/10589548-land-rover-rr-velar
Genesis,G70,49999.0,AZN,2022,2.0 L,40000,Bakı,https://turbo.az/autos/10624738-genesis-g70
BMW,528,23900.0,AZN,2013,2.0 L,280000,Bakı,https://turbo.az/autos/10625105-bmw-528
Opel,Vectra,3600.0,AZN,1997,1.6 L,471619,Bakı,https://turbo.az/autos/10633257-opel-vectra
Changan,CS 55 Plus,29500.0,AZN,2026,1.5 L,0,Bakı,https://turbo.az/autos/10591004-changan-cs-55-plus
Mercedes,E 250,31500.0,AZN,2015,2.1 L,270000,Bakı,https://turbo.az/autos/10636098-mercedes-e-250
Ford,Fusion (North America),13200.0,AZN,2016,1.5 L,245000,Bakı,https://turbo.az/autos/10636097-ford-fusion-north-america
BMW,740,37910.0,AZN,2012,3.0 L,126000,Bakı,https://turbo.az/autos/10560636-bmw-740
Toyota,Land Cruiser Prado,28500.0,AZN,2011,2.7 L,270000,Bakı,https://turbo.az/autos/10625917-toyota-land-cruiser-prado
Kia,Optima,12500.0,AZN,2012,2.0 L,300000,Sumqayıt,https://turbo.az/autos/10636089-kia-optima
Hyundai,Elantra,59510.0,AZN,2026,1.6 L,3348,Bakı,https://turbo.az/autos/10606603-hyundai-elantra
Hyundai,Santa Fe,30800.0,AZN,2016,2.0 L,217000,Bakı,https://turbo.az/autos/10596469-hyundai-santa-fe
Changan,Qiyuan A06,27700.0,AZN,2023,1.5 L,43000,Bakı,https://turbo.az/autos/10598711-changan-qiyuan-a06
Chevrolet,Cruze,16000.0,AZN,2016,1.4 L,219000,Quba,https://turbo.az/autos/10636091-chevrolet-cruze
Chevrolet,Cobalt,22188.0,AZN,2023,1.5 L,151000,Şamaxı,https://turbo.az/autos/10636094-chevrolet-cobalt
Mercedes,C 240,9800.0,AZN,2000,2.4 L,495000,Xırdalan,https://turbo.az/autos/10601403-mercedes-c-240
Tesla,Model Y,39000.0,AZN,2023,,69000,Bakı,https://turbo.az/autos/10586839-tesla-model-y
Changan,Oshan X5 Plus,27000.0,AZN,2026,1.5 L,0,Bakı,https://turbo.az/autos/10315395-changan-oshan-x5-plus
Mercedes,B 170,7600.0,AZN,2005,1.7 L,135650,Salyan,https://turbo.az/autos/10636083-mercedes-b-170
Chevrolet,Equinox,21900.0,AZN,2018,1.5 L,115500,Bakı,https://turbo.az/autos/10191091-chevrolet-equinox
Renault,Megane,8000.0,AZN,2007,1.5 L,300000,Bakı,https://turbo.az/autos/10636077-renault-megane
Mercedes,SL 43 AMG,227800.0,AZN,2023,2.0 L,5000,Bakı,https://turbo.az/autos/9767596-mercedes-sl-43-amg
Chevrolet,Trax,18800.0,AZN,2019,1.4 L,65996,Bakı,https://turbo.az/autos/10559588-chevrolet-trax
Voyah,Taishan,150450.0,AZN,2026,1.5 L,0,Bakı,https://turbo.az/autos/10284237-voyah-taishan
Mercedes,E 320,15500.0,AZN,2000,3.2 L,350000,Quba,https://turbo.az/autos/10636088-mercedes-e-320
Mercedes,C 180,10800.0,AZN,1998,1.8 L,126000,Tovuz,https://turbo.az/autos/10615661-mercedes-c-180
Opel,Vectra,5900.0,AZN,1998,1.6 L,324521,Sumqayıt,https://turbo.az/autos/10606486-opel-vectra
Chevrolet,Equinox,20900.0,AZN,2018,1.5 L,145000,Bakı,https://turbo.az/autos/10563477-chevrolet-equinox
Suzuki,GSX-8R,26700.0,AZN,2026,0.8 L,0,Sifarişlə,https://turbo.az/autos/9145915-suzuki-gsx-8r
Voyah,Taishan,153000.0,AZN,2026,1.5 L,0,Bakı,https://turbo.az/autos/10141795-voyah-taishan
Changan,Oshan X5 Plus,26999.0,AZN,2025,1.5 L,0,Bakı,https://turbo.az/autos/10212926-changan-oshan-x5-plus
Mazda,CX-90,118900.0,AZN,2026,3.3 L,0,Sifarişlə,https://turbo.az/autos/10600910-mazda-cx-90
Mercedes,Sprinter 315,32300.0,AZN,2008,2.2 L,237000,Bakı,https://turbo.az/autos/10394176-mercedes-sprinter-315
Toyota,RAV4,65000.0,AZN,2025,2.5 L,10000,Bakı,https://turbo.az/autos/10404005-toyota-rav4
LADA,(VAZ) 2107,3800.0,AZN,2002,1.6 L,77584,Bakı,https://turbo.az/autos/10541810-lada-vaz-2107
Land,Rover RR Sport,19400.0,AZN,2008,2.7 L,290000,Bakı,https://turbo.az/autos/10587476-land-rover-rr-sport
Mercedes,C 200,6600.0,AZN,1996,2.0 L,50000,Şirvan,https://turbo.az/autos/10603449-mercedes-c-200
Jeep,Wrangler,72800.0,AZN,2022,2.0 L,26500,Bakı,https://turbo.az/autos/10606093-jeep-wrangler
SEAT,Ibiza,5900.0,AZN,2012,1.4 L,370000,Bakı,https://turbo.az/autos/10616433-seat-ibiza
Chevrolet,Cruze,15800.0,AZN,2016,1.4 L,200200,Bakı,https://turbo.az/autos/10618933-chevrolet-cruze
Ford,Fusion (North America),19900.0,AZN,2020,1.5 L,97062,Bakı,https://turbo.az/autos/10606720-ford-fusion-north-america
Kia,Sorento,38800.0,AZN,2018,2.2 L,193000,Bakı,https://turbo.az/autos/10599674-kia-sorento
Mercedes,Vito 116 CDI,53500.0,AZN,2019,2.1 L,293000,Sumqayıt,https://turbo.az/autos/10568889-mercedes-vito-116-cdi
Kia,Sorento,30400.0,AZN,2013,2.4 L,148508,Sumqayıt,https://turbo.az/autos/10636084-kia-sorento
Chevrolet,Equinox,23700.0,AZN,2018,1.5 L,90214,Bakı,https://turbo.az/autos/10636057-chevrolet-equinox
Ford,Transit,19500.0,AZN,2003,2.4 L,600000,Bakı,https://turbo.az/autos/10567368-ford-transit
Mazda,2,11300.0,AZN,2013,1.5 L,287000,Sumqayıt,https://turbo.az/autos/10636081-mazda-2
BMW,740,43350.0,AZN,2015,3.0 L,122000,Bakı,https://turbo.az/autos/8175108-bmw-740
Skoda,Fabia,13900.0,AZN,2015,1.2 L,198800,Bakı,https://turbo.az/autos/10603836-skoda-fabia
Kia,Sorento,39900.0,AZN,2016,2.0 L,232000,Bakı,https://turbo.az/autos/10632683-kia-sorento
Kia,Sportage,54900.0,AZN,2026,1.6 L,0,Bakı,https://turbo.az/autos/10568372-kia-sportage
Land,Rover RR Sport,21000.0,AZN,2009,2.7 L,270000,Bakı,https://turbo.az/autos/10115661-land-rover-rr-sport
Nissan,X-Trail,15800.0,AZN,2008,2.5 L,260000,Bakı,https://turbo.az/autos/10636080-nissan-x-trail
Mercedes,G 55 AMG,83300.0,AZN,2011,5.5 L,108000,Bakı,https://turbo.az/autos/10399480-mercedes-g-55-amg
KamAz,65201,35000.0,AZN,2008,11 L,250000,Mingəçevir,https://turbo.az/autos/10481968-kamaz-65201
BMW,535,18500.0,AZN,2012,3.0 L,214236,Bakı,https://turbo.az/autos/10630782-bmw-535
Hyundai,Accent,8800.0,AZN,2005,1.5 L,333671,Bakı,https://turbo.az/autos/10605982-hyundai-accent
Toyota,Camry,43000.0,AZN,2023,2.5 L,112000,Bakı,https://turbo.az/autos/10618768-toyota-camry
Anyang,Kinland AK-G C2+2,13900.0,AZN,2026,,0,Bakı,https://turbo.az/autos/10592163-anyang-kinland-ak-g-c2-2
Nissan,Note,16500.0,AZN,2018,1.2 L,71000,Sumqayıt,https://turbo.az/autos/10110779-nissan-note
GWM,(Great Wall Motor) Poer,42900.0,AZN,2026,2.0 L,0,Bakı,https://turbo.az/autos/10360087-gwm-great-wall-motor-poer
LADA,(VAZ) 2107,4600.0,AZN,2005,1.6 L,150000,Bakı,https://turbo.az/autos/10630766-lada-vaz-2107
GWM,(Great Wall Motor) Poer,50900.0,AZN,2026,2.0 L,0,Bakı,https://turbo.az/autos/10447554-gwm-great-wall-motor-poer
Li,Auto Mega,118830.0,AZN,2025,,0,Bakı,https://turbo.az/autos/9242599-li-auto-mega
ZEEKR,9X,183600.0,AZN,2026,2.0 L,0,Bakı,https://turbo.az/autos/10098663-zeekr-9x
Changan,Uni-Z,33800.0,AZN,2026,1.5 L,0,Sifarişlə,https://turbo.az/autos/10219841-changan-uni-z
BMW,535,22900.0,AZN,2012,3.0 L,271000,Bakı,https://turbo.az/autos/10614822-bmw-535
CFMOTO,CFORCE C4,12400.0,AZN,2026,,0,Bakı,https://turbo.az/autos/10625359-cfmoto-cforce-c4
Toyota,Corolla,44500.0,AZN,2025,1.8 L,115,Bakı,https://turbo.az/autos/10048576-toyota-corolla
DAF,105 XF,76500.0,AZN,2011,12 L,1202207,Bakı,https://turbo.az/autos/10295272-daf-105-xf
Kia,Sportage,24500.0,AZN,2015,2.0 L,179000,Bakı,https://turbo.az/autos/10568696-kia-sportage
Ford,Fusion (North America),16900.0,AZN,2017,1.5 L,169000,Bakı,https://turbo.az/autos/10570542-ford-fusion-north-america
BMW,530,40900.0,AZN,2017,2.0 L,84000,Bakı,https://turbo.az/autos/10572627-bmw-530
Isuzu,NPR 66 L,20900.0,AZN,2006,4.3 L,971000,Bakı,https://turbo.az/autos/10588148-isuzu-npr-66-l
Dach,Apollo,19500.0,AZN,2026,,0,Bakı,https://turbo.az/autos/10604274-dach-apollo
Chevrolet,Malibu,16500.0,AZN,2017,1.5 L,193296,Gəncə,https://turbo.az/autos/10634385-chevrolet-malibu
Toyota,Prius,12600.0,AZN,2007,1.5 L,564314,Sumqayıt,https://turbo.az/autos/10634515-toyota-prius
BMW,528,24000.0,AZN,2016,2.0 L,265000,Bakı,https://turbo.az/autos/10625409-bmw-528
Mercedes,Vito 111,24500.0,AZN,2007,2.1 L,286042,Bakı,https://turbo.az/autos/10560433-mercedes-vito-111
Li,Auto L7,93330.0,AZN,2025,1.5 L,0,Bakı,https://turbo.az/autos/9223310-li-auto-l7
Kia,Sportage,18500.0,AZN,2007,2.0 L,139000,Bakı,https://turbo.az/autos/10636075-kia-sportage
Hyundai,Palisade,52900.0,AZN,2020,2.2 L,164632,Bakı,https://turbo.az/autos/10605835-hyundai-palisade
Li,Auto L7,92500.0,AZN,2025,1.5 L,0,Bakı,https://turbo.az/autos/10570425-li-auto-l7
Li,Auto L9,119500.0,AZN,2025,1.5 L,0,Bakı,https://turbo.az/autos/10604783-li-auto-l9
BMW,520,115000.0,AZN,2024,2.0 L,26173,Bakı,https://turbo.az/autos/10550613-bmw-520
BMW,230,61000.0,AZN,2023,2.0 L,15000,Bakı,https://turbo.az/autos/10606060-bmw-230
Mercedes,C 300,74800.0,AZN,2023,2.0 L,6956,Bakı,https://turbo.az/autos/10550559-mercedes-c-300
Mercedes,CLE 53 AMG 4MATIC+,187000.0,AZN,2025,3.0 L,2500,Bakı,https://turbo.az/autos/10605084-mercedes-cle-53-amg-4matic
Volvo,XC90,67900.0,AZN,2023,2.0 L,30526,Bakı,https://turbo.az/autos/10497677-volvo-xc90
Li,Auto L6,84830.0,AZN,2025,1.5 L,0,Bakı,https://turbo.az/autos/10368455-li-auto-l6
Mercedes,E 220 d,56500.0,AZN,2017,2.0 L,175000,Bakı,https://turbo.az/autos/10311263-mercedes-e-220-d
Ford,Escape,20800.0,AZN,2017,1.5 L,114000,Bakı,https://turbo.az/autos/10474406-ford-escape
Li,Auto L6,85935.0,AZN,2025,1.5 L,0,Bakı,https://turbo.az/autos/10368452-li-auto-l6
Hyundai,Elantra,34800.0,AZN,2024,1.5 L,42000,Bakı,https://turbo.az/autos/10630927-hyundai-elantra
Jeep,Grand Cherokee,70000.0,AZN,2022,2.0 L,36600,Bakı,https://turbo.az/autos/10636072-jeep-grand-cherokee
Hyundai,Santa Fe,18900.0,AZN,2007,2.2 L,226000,Bakı,https://turbo.az/autos/10420292-hyundai-santa-fe
Changan,Qiyuan A07,32999.0,AZN,2025,1.5 L,0,Bakı,https://turbo.az/autos/10608431-changan-qiyuan-a07
BMW,X5,14800.0,AZN,2006,4.4 L,388000,Sumqayıt,https://turbo.az/autos/10567639-bmw-x5
Kia,Rio,11300.0,AZN,2007,1.4 L,251000,Bakı,https://turbo.az/autos/10615532-kia-rio
LADA,(VAZ) Granta,8800.0,AZN,2021,1.6 L,88000,Bakı,https://turbo.az/autos/10636071-lada-vaz-granta
Changan,Uni-Z,35800.0,AZN,2025,1.5 L,0,Bakı,https://turbo.az/autos/10254807-changan-uni-z
Changan,Uni-Z,33600.0,AZN,2025,1.5 L,0,Bakı,https://turbo.az/autos/10609250-changan-uni-z
Lynk,& Co 06,39900.0,AZN,2025,1.5 L,0,Bakı,https://turbo.az/autos/10625361-lynk-co-06
Land,Rover Defender,195330.0,AZN,2023,3.0 L,27000,Bakı,https://turbo.az/autos/10634162-land-rover-defender
Toyota,Aqua,17000.0,AZN,2018,1.5 L,185000,Bakı,https://turbo.az/autos/10271315-toyota-aqua
BMW,750,110500.0,AZN,2021,4.4 L,67000,Bakı,https://turbo.az/autos/10320815-bmw-750
Hyundai,Elantra,19800.0,AZN,2020,2.0 L,140000,Bakı,https://turbo.az/autos/10480698-hyundai-elantra
Chevrolet,Camaro,28500.0,AZN,2016,2.0 L,175000,Bakı,https://turbo.az/autos/10549947-chevrolet-camaro
BMW,M4,153000.0,AZN,2024,3.0 L,20000,Bakı,https://turbo.az/autos/10579684-bmw-m4
Hyundai,i30,14900.0,AZN,2009,1.6 L,272000,Bakı,https://turbo.az/autos/10589664-hyundai-i30
Mercedes,S 320,7500.0,AZN,2001,3.2 L,443668,Gəncə,https://turbo.az/autos/10621782-mercedes-s-320
Kia,Rio,11400.0,AZN,2009,1.4 L,280000,Bakı,https://turbo.az/autos/10631158-kia-rio
Mercedes,E 220 d,35900.0,AZN,2016,2.0 L,257000,Bakı,https://turbo.az/autos/10618301-mercedes-e-220-d
Hyundai,Santa Fe,30000.0,AZN,2014,2.0 L,265000,Gəncə,https://turbo.az/autos/10557440-hyundai-santa-fe
BMW,735,12500.0,AZN,2003,3.6 L,347000,Sumqayıt,https://turbo.az/autos/10057620-bmw-735
Kia,Forte,20700.0,AZN,2015,2.0 L,98000,Bakı,https://turbo.az/autos/10603537-kia-forte
Nissan,X-Trail,11400.0,AZN,2002,2.0 L,239000,Sumqayıt,https://turbo.az/autos/10214869-nissan-x-trail
Changan,Deepal S07,41500.0,AZN,2025,1.5 L,0,Bakı,https://turbo.az/autos/10600776-changan-deepal-s07
Kia,Rio,18100.0,AZN,2017,1.6 L,77000,Bakı,https://turbo.az/autos/10636069-kia-rio
Hyundai,Santa Fe,19500.0,AZN,2007,2.2 L,266000,Bakı,https://turbo.az/autos/10468599-hyundai-santa-fe
Kia,Sorento,28900.0,AZN,2015,2.0 L,191000,Bakı,https://turbo.az/autos/10618531-kia-sorento
Hyundai,Avante,21900.0,AZN,2017,1.6 L,222400,Bakı,https://turbo.az/autos/10509375-hyundai-avante
Opel,Astra,8500.0,AZN,2008,1.3 L,310000,Bakı,https://turbo.az/autos/10636068-opel-astra
Kia,Ceed SW,12600.0,AZN,2008,1.6 L,261162,Bakı,https://turbo.az/autos/10614790-kia-ceed-sw
Chevrolet,Cruze,16000.0,AZN,2016,1.4 L,131500,Bakı,https://turbo.az/autos/10635676-chevrolet-cruze
GWM,(Great Wall Motor) Tank 500,88900.0,AZN,2026,2.0 L,0,Bakı,https://turbo.az/autos/10536087-gwm-great-wall-motor-tank-500
GWM,(Great Wall Motor) Tank 300,59900.0,AZN,2026,2.0 L,0,Bakı,https://turbo.az/autos/10536072-gwm-great-wall-motor-tank-300
Mercedes,E 320,15000.0,AZN,1999,3.2 L,264000,Şəki,https://turbo.az/autos/10563441-mercedes-e-320
Mercedes,ML 350 4MATIC,20000.0,AZN,2009,3.5 L,200000,Bakı,https://turbo.az/autos/10530114-mercedes-ml-350-4matic
GAC,S7,66900.0,AZN,2026,1.5 L,0,Bakı,https://turbo.az/autos/9543914-gac-s7
Toyota,Corolla,20900.0,AZN,2015,1.6 L,192000,Bakı,https://turbo.az/autos/10577379-toyota-corolla
Kia,Sorento,33400.0,AZN,2016,2.0 L,182000,Bakı,https://turbo.az/autos/10594340-kia-sorento
Chevrolet,Cruze,14800.0,AZN,2016,1.4 L,232000,Bakı,https://turbo.az/autos/10636066-chevrolet-cruze
Mercedes,C 180,9200.0,AZN,1997,1.8 L,224000,Bakı,https://turbo.az/autos/10564055-mercedes-c-180
Opel,Astra,6800.0,AZN,1998,1.6 L,501782,Xudat,https://turbo.az/autos/10636074-opel-astra
Volkswagen,Polo,15900.0,AZN,2018,1.6 L,158290,Bakı,https://turbo.az/autos/10628634-volkswagen-polo
BYD,Seal 05,33800.0,AZN,2025,1.5 L,0,Bakı,https://turbo.az/autos/9597841-byd-seal-05
Toyota,Land Cruiser,65777.0,AZN,2014,4.5 L,192200,Bakı,https://turbo.az/autos/9989249-toyota-land-cruiser
Toyota,Land Cruiser Prado,49900.0,AZN,2013,3.0 L,296796,Xırdalan,https://turbo.az/autos/10409329-toyota-land-cruiser-prado
Changan,Uni-Z,32800.0,AZN,2025,1.5 L,0,Bakı,https://turbo.az/autos/10634050-changan-uni-z
Mercedes,G 400,63000.0,AZN,2005,4.0 L,154000,Bakı,https://turbo.az/autos/10440511-mercedes-g-400
BMW,X5,105060.0,AZN,2022,3.0 L,29000,Bakı,https://turbo.az/autos/10573006-bmw-x5
Kia,Sorento,48000.0,AZN,2023,1.6 L,162000,Bakı,https://turbo.az/autos/10589409-kia-sorento
Mercedes,E 220,22900.0,AZN,2013,2.1 L,238000,Bakı,https://turbo.az/autos/10602233-mercedes-e-220
LADA,(VAZ) 2115,7500.0,AZN,2011,1.5 L,244000,Sumqayıt,https://turbo.az/autos/10618769-lada-vaz-2115
Infiniti,QX80,74800.0,AZN,2015,5.6 L,99000,Bakı,https://turbo.az/autos/10629915-infiniti-qx80
Volkswagen,Passat,7700.0,AZN,2006,2.0 L,264069,Bakı,https://turbo.az/autos/10632831-volkswagen-passat
Mercedes,190,6200.0,AZN,1992,1.8 L,465000,Bakı,https://turbo.az/autos/10635762-mercedes-190
BMW,525,11800.0,AZN,1995,2.5 L,400000,Bakı,https://turbo.az/autos/10630610-bmw-525
Hyundai,Avante,20900.0,AZN,2014,1.6 L,187000,Bakı,https://turbo.az/autos/10568618-hyundai-avante
Hyundai,Sonata,18500.0,AZN,2015,2.0 L,196666,Bakı,https://turbo.az/autos/10448178-hyundai-sonata
Mercedes,EQS 580 4MATIC,144500.0,AZN,2024,,3000,Bakı,https://turbo.az/autos/10576841-mercedes-eqs-580-4matic
Kia,Rio,18700.0,AZN,2019,1.6 L,222170,Bakı,https://turbo.az/autos/10556173-kia-rio
Changan,Qiyuan A06,22900.0,AZN,2023,1.5 L,23129,Bakı,https://turbo.az/autos/10609295-changan-qiyuan-a06
BMW,745Le,115000.0,AZN,2019,3.0 L,39200,Bakı,https://turbo.az/autos/10385892-bmw-745le
Victory,Cross Country Tour,23900.0,AZN,2011,1.8 L,40100,Bakı,https://turbo.az/autos/10269770-victory-cross-country-tour
Mercedes,S 500 4MATIC,186150.0,AZN,2020,3.0 L,52000,Bakı,https://turbo.az/autos/10604747-mercedes-s-500-4matic
Hyundai,Accent,19300.0,AZN,2018,1.6 L,122354,Bakı,https://turbo.az/autos/10622188-hyundai-accent
Jeep,Wrangler,61500.0,AZN,2023,2.0 L,84000,Bakı,https://turbo.az/autos/10615276-jeep-wrangler
Hyundai,Tucson,28500.0,AZN,2017,2.0 L,82000,Bakı,https://turbo.az/autos/10597039-hyundai-tucson
BMW,M340,80000.0,AZN,2020,3.0 L,83000,Bakı,https://turbo.az/autos/10633431-bmw-m340
Infiniti,Q50,21500.0,AZN,2016,2.1 L,140000,Bakı,https://turbo.az/autos/10627172-infiniti-q50
Toyota,Prius,16600.0,AZN,2014,1.8 L,182300,Bakı,https://turbo.az/autos/10633079-toyota-prius
Iran,Khodro Samand,2900.0,AZN,2006,1.8 L,256000,Bakı,https://turbo.az/autos/10636061-iran-khodro-samand
Toyota,Prius,13900.0,AZN,2007,1.5 L,303951,Bakı,https://turbo.az/autos/10492452-toyota-prius
Toyota,Land Cruiser Prado,15800.0,AZN,1996,3.0 L,524000,Naxçıvan,https://turbo.az/autos/10632361-toyota-land-cruiser-prado
Tesla,Model 3,34500.0,AZN,2023,,37600,Bakı,https://turbo.az/autos/10636063-tesla-model-3
BMW,528,23000.0,AZN,2012,2.0 L,260000,Bakı,https://turbo.az/autos/10636062-bmw-528
BMW,528,25900.0,AZN,2015,2.0 L,226200,Bakı,https://turbo.az/autos/10624154-bmw-528
Ford,Transit,20500.0,AZN,2009,2.2 L,280000,Bakı,https://turbo.az/autos/10576585-ford-transit
Volkswagen,Passat,4300.0,AZN,1999,1.8 L,304000,Bakı,https://turbo.az/autos/10631821-volkswagen-passat
Toyota,Corolla,53200.0,AZN,2026,1.8 L,0,Gəncə,https://turbo.az/autos/10625749-toyota-corolla
Hyundai,Sonata,39000.0,AZN,2019,2.0 L,135000,Bakı,https://turbo.az/autos/9727789-hyundai-sonata
Land,Rover Range Rover,66000.0,AZN,2016,3.0 L,140300,Bakı,https://turbo.az/autos/10588075-land-rover-range-rover
Kia,Forte,22500.0,AZN,2020,2.0 L,145807,Bakı,https://turbo.az/autos/10595389-kia-forte
Land,Rover RR Sport,47999.0,AZN,2016,3.0 L,163000,Bakı,https://turbo.az/autos/10605369-land-rover-rr-sport
Land,Rover Range Rover,73100.0,AZN,2014,5.0 L,164000,Bakı,https://turbo.az/autos/9269719-land-rover-range-rover
Jeep,Wrangler,75000.0,AZN,2024,2.0 L,47000,Bakı,https://turbo.az/autos/10534333-jeep-wrangler
Mercedes,Vito,23900.0,AZN,2011,2.1 L,275000,Bakı,https://turbo.az/autos/10557291-mercedes-vito
Mercedes,GLE 350 4MATIC,92000.0,AZN,2021,2.0 L,63000,Bakı,https://turbo.az/autos/10570066-mercedes-gle-350-4matic
Hyundai,Venue,27666.0,AZN,2023,1.6 L,44600,Bakı,https://turbo.az/autos/10613879-hyundai-venue
Volkswagen,Passat,4300.0,AZN,1999,1.8 L,304000,Bakı,https://turbo.az/autos/10631821-volkswagen-passat
Kia,Optima,20900.0,AZN,2017,1.6 L,283518,Bakı,https://turbo.az/autos/10633670-kia-optima
Toyota,Prius,10800.0,AZN,2008,1.5 L,513000,Gəncə,https://turbo.az/autos/10635590-toyota-prius
Toyota,Corolla,53200.0,AZN,2026,1.8 L,0,Gəncə,https://turbo.az/autos/10625749-toyota-corolla
Hyundai,Elantra,17750.0,AZN,2015,1.8 L,181000,Bakı,https://turbo.az/autos/10636065-hyundai-elantra
Volvo,XC90,137023.0,AZN,2026,2.0 L,0,Bakı,https://turbo.az/autos/10365970-volvo-xc90
Hyundai,Sonata,15300.0,AZN,2009,2.0 L,330000,Sumqayıt,https://turbo.az/autos/10629767-hyundai-sonata
Changan,Qiyuan A06,31500.0,AZN,2023,1.5 L,35600,Bakı,https://turbo.az/autos/10628091-changan-qiyuan-a06
Changan,Qiyuan Q07,42500.0,AZN,2025,1.5 L,2000,Bakı,https://turbo.az/autos/10624790-changan-qiyuan-q07
Volvo,XC90,137023.0,AZN,2026,2.0 L,0,Bakı,https://turbo.az/autos/10365952-volvo-xc90
BMW,X7,275000.0,AZN,2026,3.0 L,0,Bakı,https://turbo.az/autos/10562792-bmw-x7
BYD,Seal 06,34600.0,AZN,2025,1.5 L,0,Bakı,https://turbo.az/autos/10280335-byd-seal-06
GAZ,GAZel (33021),14900.0,AZN,2011,2.9 L,460000,Ağsu,https://turbo.az/autos/10634707-gaz-gazel-33021
Toyota,Camry,57900.0,AZN,2025,2.0 L,0,Bakı,https://turbo.az/autos/10059102-toyota-camry
SEAT,Ibiza,6500.0,AZN,2011,1.6 L,285000,Bakı,https://turbo.az/autos/10595954-seat-ibiza
Toyota,Land Cruiser Prado,104550.0,AZN,2026,2.7 L,0,Lənkəran,https://turbo.az/autos/9923331-toyota-land-cruiser-prado
Opel,Vectra,3000.0,AZN,1995,1.6 L,390000,Zaqatala,https://turbo.az/autos/10636056-opel-vectra
Changan,Qiyuan Q07,46900.0,AZN,2025,1.5 L,0,Bakı,https://turbo.az/autos/10613487-changan-qiyuan-q07
DAF,105 XF,55000.0,AZN,2015,11 L,1020000,Bakı,https://turbo.az/autos/9891879-daf-105-xf
Dodge,Journey,15900.0,AZN,2012,3.6 L,144928,Bakı,https://turbo.az/autos/10631185-dodge-journey
BYD,Sea Lion 06,51600.0,AZN,2025,,0,Bakı,https://turbo.az/autos/10145112-byd-sea-lion-06
BMW,318,10500.0,AZN,1999,1.9 L,408000,Bakı,https://turbo.az/autos/10625949-bmw-318
Kia,Sorento,28500.0,AZN,2014,2.0 L,290000,Bakı,https://turbo.az/autos/10633468-kia-sorento
BYD,Sea Lion 06,46200.0,AZN,2025,,0,Bakı,https://turbo.az/autos/10131610-byd-sea-lion-06
Kia,Sorento,32400.0,AZN,2015,2.0 L,206000,Bakı,https://turbo.az/autos/10636055-kia-sorento
Nissan,Juke,16800.0,AZN,2014,1.6 L,141000,Bakı,https://turbo.az/autos/10551628-nissan-juke
Hyundai,Santa Fe,18900.0,AZN,2008,2.0 L,121900,Bakı,https://turbo.az/autos/10631040-hyundai-santa-fe
JAC,T8,43500.0,AZN,2025,2.0 L,0,Bakı,https://turbo.az/autos/6094351-jac-t8
Hyundai,Venue,34900.0,AZN,2026,1.6 L,0,Bakı,https://turbo.az/autos/9565778-hyundai-venue
Toyota,Crown Kluger,75000.0,AZN,2023,2.5 L,75022,Bakı,https://turbo.az/autos/10494149-toyota-crown-kluger
Hyundai,Elantra,21800.0,AZN,2017,2.0 L,93000,Bakı,https://turbo.az/autos/10527027-hyundai-elantra
BYD,Destroyer 05,25000.0,AZN,2025,1.5 L,0,Bakı,https://turbo.az/autos/10055188-byd-destroyer-05
LADA,(VAZ) Niva Travel,17800.0,AZN,2022,1.7 L,47000,Bakı,https://turbo.az/autos/10600557-lada-vaz-niva-travel
Hyundai,Elantra,17300.0,AZN,2014,1.8 L,186515,Bakı,https://turbo.az/autos/10601203-hyundai-elantra
Mercedes,Sprinter 316,39666.0,AZN,2016,2.2 L,500000,Bakı,https://turbo.az/autos/10606454-mercedes-sprinter-316
Mercedes,E 220,33500.0,AZN,2015,2.1 L,155000,Bakı,https://turbo.az/autos/10607424-mercedes-e-220
Toyota,Highlander,66300.0,AZN,2022,2.5 L,120000,Bakı,https://turbo.az/autos/10621457-toyota-highlander
Infiniti,Q50,21500.0,AZN,2016,2.1 L,140000,Bakı,https://turbo.az/autos/10627172-infiniti-q50
Kia,Sorento,32900.0,AZN,2016,2.0 L,159000,Bakı,https://turbo.az/autos/10627671-kia-sorento
Opel,Antara,11900.0,AZN,2007,2.0 L,344477,Bakı,https://turbo.az/autos/10610425-opel-antara
Chevrolet,Captiva,26500.0,AZN,2021,1.5 L,53300,Bakı,https://turbo.az/autos/10549287-chevrolet-captiva
Kia,Sorento,27200.0,AZN,2013,2.0 L,228700,Bakı,https://turbo.az/autos/10598908-kia-sorento
Ford,Fusion (North America),21700.0,AZN,2016,2.0 L,283000,Bakı,https://turbo.az/autos/10628112-ford-fusion-north-america
Tofas,Sahin,5300.0,AZN,2004,1.6 L,120000,Şəki,https://turbo.az/autos/10616422-tofas-sahin
Chevrolet,Malibu,17900.0,AZN,2018,1.5 L,134218,Bakı,https://turbo.az/autos/10634124-chevrolet-malibu
Toyota,Corolla,35500.0,AZN,2025,1.8 L,0,Bakı,https://turbo.az/autos/10507689-toyota-corolla
Toyota,Land Cruiser,61000.0,AZN,2013,4.0 L,182000,Bakı,https://turbo.az/autos/10578483-toyota-land-cruiser
LADA,(VAZ) 2107,3900.0,AZN,2004,1.6 L,24868,Gəncə,https://turbo.az/autos/10631176-lada-vaz-2107
Honda,Today AF61,1200.0,AZN,2003,,9000,Xaçmaz,https://turbo.az/autos/10636054-honda-today-af61
Hyundai,Santa Fe,59000.0,AZN,2025,1.6 L,18000,Bakı,https://turbo.az/autos/10564469-hyundai-santa-fe
Haval,Raptor,52900.0,AZN,2026,2.0 L,0,Bakı,https://turbo.az/autos/10494488-haval-raptor
Changan,Qiyuan Q07,47500.0,AZN,2025,1.5 L,0,Bakı,https://turbo.az/autos/10625842-changan-qiyuan-q07
BYD,Destroyer 05,25500.0,AZN,2025,1.5 L,0,Bakı,https://turbo.az/autos/9536201-byd-destroyer-05
Changan,Qiyuan Q07,42700.0,AZN,2025,1.5 L,0,Bakı,https://turbo.az/autos/10123790-changan-qiyuan-q07
BMW,530,15000.0,AZN,2000,3.0 L,207500,Bakı,https://turbo.az/autos/10625074-bmw-530
Chevrolet,Cruze,13300.0,AZN,2014,1.4 L,236000,Gəncə,https://turbo.az/autos/10623256-chevrolet-cruze
Kia,Sorento,19500.0,AZN,2011,2.4 L,247532,Bakı,https://turbo.az/autos/10636053-kia-sorento
Honda,Accord,30900.0,AZN,2019,2.0 L,138000,Bakı,https://turbo.az/autos/10621128-honda-accord
Nissan,Note,16000.0,AZN,2015,1.2 L,48574,Xırdalan,https://turbo.az/autos/10629614-nissan-note
Mercedes,Sprinter 316,37900.0,AZN,2011,2.2 L,236740,Bakı,https://turbo.az/autos/10624510-mercedes-sprinter-316
Ford,Fusion (North America),11500.0,AZN,2017,1.5 L,159000,Ağdaş,https://turbo.az/autos/10636050-ford-fusion-north-america
Hyundai,Elantra,20900.0,AZN,2020,2.0 L,196340,Sumqayıt,https://turbo.az/autos/10588789-hyundai-elantra
Changan,Oshan X5 Plus,25300.0,AZN,2026,1.5 L,0,Bakı,https://turbo.az/autos/10625734-changan-oshan-x5-plus
Toyota,Land Cruiser,65777.0,AZN,2014,4.5 L,192200,Bakı,https://turbo.az/autos/9989249-toyota-land-cruiser
Baic,BJ30,46900.0,AZN,2025,1.5 L,0,Bakı,https://turbo.az/autos/10167800-baic-bj30
Avatr,07,72900.0,AZN,2026,1.5 L,0,Bakı,https://turbo.az/autos/10527552-avatr-07
Nissan,Patrol,130050.0,AZN,2023,4.0 L,57000,Bakı,https://turbo.az/autos/10588166-nissan-patrol
Toyota,Camry,47500.0,AZN,2022,2.5 L,76000,Bakı,https://turbo.az/autos/9800298-toyota-camry
Land,Rover Range Rover,22700.0,AZN,2005,4.2 L,245000,Yevlax,https://turbo.az/autos/10024538-land-rover-range-rover
Jeep,Grand Cherokee,38930.0,AZN,2013,3.6 L,250000,Bakı,https://turbo.az/autos/10522767-jeep-grand-cherokee
Kia,Forte,27500.0,AZN,2021,2.0 L,75000,Bakı,https://turbo.az/autos/10571635-kia-forte
Hyundai,Elantra,23800.0,AZN,2014,1.8 L,127000,Şəki,https://turbo.az/autos/10603984-hyundai-elantra
Hyundai,Elantra,17800.0,AZN,2015,1.8 L,127000,Bakı,https://turbo.az/autos/10605866-hyundai-elantra
Land,Rover Range Rover,76500.0,AZN,2019,3.0 L,181856,Bakı,https://turbo.az/autos/10627443-land-rover-range-rover
BYD,Destroyer 05,24300.0,AZN,2025,1.5 L,55000,Bakı,https://turbo.az/autos/10634012-byd-destroyer-05
Lynk,& Co 900,100000.0,AZN,2025,1.5 L,0,Bakı,https://turbo.az/autos/9845161-lynk-co-900
Chevrolet,Orlando,17500.0,AZN,2012,1.8 L,186000,Sumqayıt,https://turbo.az/autos/10599179-chevrolet-orlando
Audi,A5,21000.0,AZN,2013,2.0 L,190000,Bakı,https://turbo.az/autos/10636043-audi-a5
Honda,Accord,38500.0,AZN,2023,2.0 L,68000,Bakı,https://turbo.az/autos/10636051-honda-accord
LADA,(VAZ) 21099,2900.0,AZN,1999,1.5 L,453280,Sumqayıt,https://turbo.az/autos/10636049-lada-vaz-21099
FAW,J6P dumper 8x4,90000.0,AZN,2024,11 L,0,Bakı,https://turbo.az/autos/7374552-faw-j6p-dumper-8x4
Renault,Megane,6700.0,AZN,2006,1.5 L,428000,Bakı,https://turbo.az/autos/10635997-renault-megane
Chevrolet,Malibu,18900.0,AZN,2017,1.5 L,144000,Bakı,https://turbo.az/autos/10299740-chevrolet-malibu
ZIL,130,9500.0,AZN,1991,8.5 L,154222,Biləsuvar,https://turbo.az/autos/10633023-zil-130
Mercedes,G 65 AMG,34000.0,AZN,2013,6.0 L,155000,Bakı,https://turbo.az/autos/10595129-mercedes-g-65-amg
Toyota,Land Cruiser Prado,35900.0,AZN,2012,2.7 L,167000,Bakı,https://turbo.az/autos/10621081-toyota-land-cruiser-prado
Mercedes,GLE 350 4MATIC,93500.0,AZN,2021,2.0 L,62000,Bakı,https://turbo.az/autos/10549187-mercedes-gle-350-4matic
Changan,Oshan X5 Plus,25300.0,AZN,2026,1.5 L,0,Bakı,https://turbo.az/autos/10625729-changan-oshan-x5-plus
Ford,Transit,18500.0,AZN,2014,2.2 L,500000,Cəlilabad,https://turbo.az/autos/10598098-ford-transit
Chevrolet,Cruze,12500.0,AZN,2015,1.4 L,221000,Bakı,https://turbo.az/autos/10619881-chevrolet-cruze
Toyota,Prius,9800.0,AZN,2006,1.5 L,411000,Şirvan,https://turbo.az/autos/10636048-toyota-prius
Kia,Optima,25000.0,AZN,2017,2.0 L,205996,Sumqayıt,https://turbo.az/autos/10636046-kia-optima
Mercedes,E 220,9700.0,AZN,2001,2.2 L,836000,Bakı,https://turbo.az/autos/10582526-mercedes-e-220
Toyota,Prius,11000.0,AZN,2008,1.5 L,402000,Bakı,https://turbo.az/autos/10635848-toyota-prius
Mercedes,Sprinter 316,69700.0,AZN,2019,2.2 L,500000,Bakı,https://turbo.az/autos/10625295-mercedes-sprinter-316
UAZ,Profi,36500.0,AZN,2025,2.7 L,0,Bakı,https://turbo.az/autos/8224775-uaz-profi
Hyundai,Accent,16800.0,AZN,2017,1.6 L,312922,Bakı,https://turbo.az/autos/10636040-hyundai-accent
Ford,Edge,16000.0,AZN,2013,3.5 L,42596,Mingəçevir,https://turbo.az/autos/9843467-ford-edge
BMW,i5,130000.0,AZN,2024,,0,Bakı,https://turbo.az/autos/9398301-bmw-i5
Mitsubishi,Eclipse Cross,47500.0,AZN,2025,2.0 L,0,Bakı,https://turbo.az/autos/9779023-mitsubishi-eclipse-cross
Bentley,Bentayga,663755.0,AZN,2025,4.0 L,0,Bakı,https://turbo.az/autos/9841231-bentley-bentayga
Changan,CS 75,33800.0,AZN,2026,1.5 L,0,Sifarişlə,https://turbo.az/autos/10181166-changan-cs-75
Ford,Fusion (North America),14900.0,AZN,2014,1.5 L,313822,Bakı,https://turbo.az/autos/10506061-ford-fusion-north-america
Chevrolet,Trax,16000.0,AZN,2018,1.4 L,150000,Bakı,https://turbo.az/autos/10347950-chevrolet-trax
Hyundai,Aerotown,35500.0,AZN,2010,12 L,290000,Bakı,https://turbo.az/autos/10504123-hyundai-aerotown
Tesla,Model 3,46500.0,AZN,2024,,22222,Bakı,https://turbo.az/autos/10543388-tesla-model-3
BMW,X5,45000.0,AZN,2018,3.0 L,240000,Bakı,https://turbo.az/autos/10559593-bmw-x5
BENDA,LFC 700 Pro,19000.0,AZN,2026,,2500,Bakı,https://turbo.az/autos/10560537-benda-lfc-700-pro
Ford,Mustang,35500.0,AZN,2017,2.3 L,120000,Bakı,https://turbo.az/autos/10628762-ford-mustang
Mercedes,E 320,11900.0,AZN,2000,3.2 L,365000,Bakı,https://turbo.az/autos/10629575-mercedes-e-320
Toyota,Prius,10500.0,AZN,2006,1.5 L,482803,Sumqayıt,https://turbo.az/autos/10633458-toyota-prius
Chevrolet,Malibu,19000.0,AZN,2018,1.5 L,160000,Bakı,https://turbo.az/autos/8908290-chevrolet-malibu
Mazda,EZ-60,60900.0,AZN,2026,1.5 L,0,Bakı,https://turbo.az/autos/10534531-mazda-ez-60
BMW,X3,167300.0,AZN,2025,2.0 L,0,Bakı,https://turbo.az/autos/10310123-bmw-x3
BMW,X3,153000.0,AZN,2025,2.0 L,0,Bakı,https://turbo.az/autos/9669858-bmw-x3
Changan,Uni-Z,35200.0,AZN,2025,1.5 L,0,Bakı,https://turbo.az/autos/10625724-changan-uni-z
Hyundai,Elantra,24600.0,AZN,2019,2.0 L,56562,Bakı,https://turbo.az/autos/10634525-hyundai-elantra
LADA,(VAZ) 2107,6200.0,AZN,2010,1.6 L,75600,Bakı,https://turbo.az/autos/10627411-lada-vaz-2107
Changan,Qiyuan Q05,30800.0,AZN,2025,1.5 L,6000,Bakı,https://turbo.az/autos/10636037-changan-qiyuan-q05
Changan,Benni,7800.0,AZN,2014,1.0 L,66500,Bakı,https://turbo.az/autos/10636038-changan-benni
Hyundai,i30,15900.0,AZN,2012,1.6 L,226000,Bakı,https://turbo.az/autos/10627665-hyundai-i30
Mercedes,Axor 1840,42500.0,AZN,2011,12 L,910000,Cəbrayıl,https://turbo.az/autos/10597793-mercedes-axor-1840
Hyundai,i30,11900.0,AZN,2007,1.6 L,215037,Bakı,https://turbo.az/autos/10624732-hyundai-i30
Ford,Transit,24900.0,AZN,2009,2.4 L,243406,Bakı,https://turbo.az/autos/10633364-ford-transit
Opel,Vectra,4500.0,AZN,1996,1.8 L,357000,Bakı,https://turbo.az/autos/10636028-opel-vectra
GAZ,GAZel (33021),8000.0,AZN,1996,2.4 L,220000,Sabirabad,https://turbo.az/autos/10547219-gaz-gazel-33021
Suzuki,GSX 1300 R Hayabusa,46600.0,AZN,2026,,0,Sifarişlə,https://turbo.az/autos/10447795-suzuki-gsx-1300-r-hayabusa
Changan,Deepal S07,41200.0,AZN,2025,1.5 L,0,Bakı,https://turbo.az/autos/10158401-changan-deepal-s07
Changan,CS 55 Plus,32000.0,AZN,2025,1.5 L,0,Bakı,https://turbo.az/autos/10588634-changan-cs-55-plus
BMW,X6,27500.0,AZN,2010,4.4 L,189000,Bakı,https://turbo.az/autos/10585925-bmw-x6
Daewoo,Gentra,6400.0,AZN,2013,1.5 L,260000,Bakı,https://turbo.az/autos/10615521-daewoo-gentra
Hyundai,Santa Fe,30500.0,AZN,2013,2.0 L,180000,Yevlax,https://turbo.az/autos/10636035-hyundai-santa-fe
Audi,A5,17900.0,AZN,2013,2.0 L,227000,Bakı,https://turbo.az/autos/10628092-audi-a5
KamAz,65115,43000.0,AZN,2008,11 L,259586,Bakı,https://turbo.az/autos/10147319-kamaz-65115
Changan,Qiyuan Q07,43200.0,AZN,2025,1.5 L,0,Bakı,https://turbo.az/autos/10588616-changan-qiyuan-q07
Mazda,3,49200.0,AZN,2026,2.0 L,0,Sifarişlə,https://turbo.az/autos/10054577-mazda-3
Hyundai,Elantra,22800.0,AZN,2016,2.0 L,108000,Bakı,https://turbo.az/autos/10591033-hyundai-elantra
Mazda,CX-90,75900.0,AZN,2023,3.3 L,42000,Bakı,https://turbo.az/autos/10606698-mazda-cx-90
Changan,Deepal S07,39900.0,AZN,2025,1.5 L,0,Bakı,https://turbo.az/autos/10608635-changan-deepal-s07
Toyota,Highlander,82000.0,AZN,2023,2.5 L,34400,Sumqayıt,https://turbo.az/autos/10342048-toyota-highlander
BMW,525,5300.0,AZN,1997,2.5 L,333300,Bakı,https://turbo.az/autos/10360971-bmw-525
Toyota,Highlander,83000.0,AZN,2023,2.5 L,22500,Bakı,https://turbo.az/autos/10564435-toyota-highlander
Mercedes,GLE 350 4MATIC,92000.0,AZN,2021,2.0 L,63000,Bakı,https://turbo.az/autos/10570066-mercedes-gle-350-4matic
Mercedes,E 200,18500.0,AZN,1994,2.0 L,156600,Bakı,https://turbo.az/autos/10577381-mercedes-e-200
Toyota,Prius,19500.0,AZN,2019,1.8 L,103000,Xaçmaz,https://turbo.az/autos/10585562-toyota-prius
Hyundai,Elantra,16700.0,AZN,2014,1.8 L,273588,Bakı,https://turbo.az/autos/10589325-hyundai-elantra
Hyundai,Santa Fe,43500.0,AZN,2019,2.0 L,99000,Bakı,https://turbo.az/autos/10591786-hyundai-santa-fe
Toyota,Land Cruiser Prado,44900.0,AZN,2013,2.7 L,138000,Bakı,https://turbo.az/autos/10589140-toyota-land-cruiser-prado
Kia,K5,24000.0,AZN,2016,2.0 L,113000,Bakı,https://turbo.az/autos/9671256-kia-k5
Hyundai,Terracan,11000.0,AZN,2003,2.9 L,448532,Bakı,https://turbo.az/autos/10484115-hyundai-terracan
Kia,Sportage,47700.0,AZN,2023,1.6 L,53009,Bakı,https://turbo.az/autos/10621116-kia-sportage
Changan,Qiyuan Q07,42400.0,AZN,2025,1.5 L,0,Bakı,https://turbo.az/autos/10445563-changan-qiyuan-q07
Changan,Oshan X5 Plus,27100.0,AZN,2026,1.5 L,0,Bakı,https://turbo.az/autos/10601338-changan-oshan-x5-plus
Toyota,Land Cruiser Prado,35900.0,AZN,2010,2.7 L,170000,Bakı,https://turbo.az/autos/10619738-toyota-land-cruiser-prado
Changan,Qiyuan Q07,47000.0,AZN,2025,1.5 L,0,Bakı,https://turbo.az/autos/10469137-changan-qiyuan-q07
Dodge,Durango,22000.0,AZN,2012,3.6 L,257000,Bakı,https://turbo.az/autos/10543698-dodge-durango
BENDA,Napoleonbob 250,7500.0,AZN,2024,,1500,Bakı,https://turbo.az/autos/10636034-benda-napoleonbob-250
Toyota,Land Cruiser,57900.0,AZN,2013,4.0 L,156166,Sumqayıt,https://turbo.az/autos/10486065-toyota-land-cruiser
Changan,Uni-Z,33300.0,AZN,2025,1.5 L,0,Bakı,https://turbo.az/autos/10475182-changan-uni-z
Jaguar,F-Type,57800.0,AZN,2018,2.0 L,78000,Bakı,https://turbo.az/autos/10454691-jaguar-f-type
Kia,K5,25900.0,AZN,2017,1.7 L,128000,Bakı,https://turbo.az/autos/10394419-kia-k5
Kia,Sorento,33800.0,AZN,2014,2.0 L,249000,Bakı,https://turbo.az/autos/10636024-kia-sorento
BYD,Seal 05,23900.0,AZN,2025,1.5 L,0,Sumqayıt,https://turbo.az/autos/10496585-byd-seal-05
Volkswagen,Polo,20600.0,AZN,2021,1.6 L,121000,Bakı,https://turbo.az/autos/10581320-volkswagen-polo
Mercedes,C 200,6900.0,AZN,1995,2.0 L,666000,Bakı,https://turbo.az/autos/10636031-mercedes-c-200
LADA,(VAZ) 2104,6800.0,AZN,2007,1.6 L,26000,Bakı,https://turbo.az/autos/10617475-lada-vaz-2104
Mercedes,E 240,8300.0,AZN,1998,2.4 L,325963,Bakı,https://turbo.az/autos/10633367-mercedes-e-240
Land,Rover RR Evoque,31900.0,AZN,2016,2.0 L,101000,Bakı,https://turbo.az/autos/10606333-land-rover-rr-evoque
Honda,Civic,12900.0,AZN,2008,1.3 L,180000,Bakı,https://turbo.az/autos/10498931-honda-civic
LADA,(VAZ) 2107,5200.0,AZN,2007,1.5 L,225178,Gəncə,https://turbo.az/autos/10636030-lada-vaz-2107
Ford,Transit,9500.0,AZN,1993,2.5 L,387548,Şəki,https://turbo.az/autos/10570868-ford-transit
CFMOTO,UFORCE 1000 XL,29000.0,AZN,2025,1.0 L,0,Bakı,https://turbo.az/autos/10262760-cfmoto-uforce-1000-xl
BMW,750e,236300.0,AZN,2023,3.0 L,35600,Bakı,https://turbo.az/autos/10542389-bmw-750e
Soueast,S05,28500.0,AZN,2026,1.5 L,0,Bakı,https://turbo.az/autos/10573170-soueast-s05
BYD,Leopard 7,76000.0,AZN,2026,1.5 L,0,Bakı,https://turbo.az/autos/10630831-byd-leopard-7
Hyundai,Tucson,32400.0,AZN,2019,2.0 L,39023,Bakı,https://turbo.az/autos/10245713-hyundai-tucson
Kia,Forte,27600.0,AZN,2019,2.0 L,74000,Bakı,https://turbo.az/autos/10424808-kia-forte
Hyundai,Grandeur,77000.0,AZN,2024,1.6 L,30000,Bakı,https://turbo.az/autos/10455446-hyundai-grandeur
Volkswagen,ID.6 Crozz,30000.0,AZN,2023,,80290,Bakı,https://turbo.az/autos/10527209-volkswagen-id-6-crozz
BMW,520 GT,24300.0,AZN,2015,2.0 L,266480,Bakı,https://turbo.az/autos/10570354-bmw-520-gt
Land,Rover Defender,161500.0,AZN,2023,3.0 L,65000,Bakı,https://turbo.az/autos/10593886-land-rover-defender
Mercedes,Sprinter 316,39666.0,AZN,2016,2.2 L,500000,Bakı,https://turbo.az/autos/10606454-mercedes-sprinter-316
Chevrolet,Cruze,11900.0,AZN,2012,1.4 L,268000,Bakı,https://turbo.az/autos/10630247-chevrolet-cruze
LADA,(VAZ) 2107,4850.0,AZN,2005,1.6 L,125000,Bakı,https://turbo.az/autos/10620807-lada-vaz-2107
Iran,Khodro Samand,2900.0,AZN,2007,1.8 L,50000,Neftçala,https://turbo.az/autos/10636029-iran-khodro-samand
Kia,KX1,34500.0,AZN,2026,1.4 L,0,Bakı,https://turbo.az/autos/10636032-kia-kx1
Mercedes,C 180,9800.0,AZN,1994,1.8 L,288000,Gəncə,https://turbo.az/autos/10635650-mercedes-c-180
Hyundai,Elantra,23000.0,AZN,2017,2.0 L,175000,Bakı,https://turbo.az/autos/10636016-hyundai-elantra
Hyundai,Sonata,20500.0,AZN,2011,2.4 L,190000,Bakı,https://turbo.az/autos/10562286-hyundai-sonata
iCar,V23,32700.0,AZN,2025,,9000,Sifarişlə,https://turbo.az/autos/10362652-icar-v23
Opel,Astra,11200.0,AZN,2007,1.3 L,384234,Sumqayıt,https://turbo.az/autos/10614263-opel-astra
BMW,528,24500.0,AZN,2014,2.0 L,246442,Bakı,https://turbo.az/autos/10474814-bmw-528
iCar,V23,32700.0,AZN,2025,,12000,Sifarişlə,https://turbo.az/autos/10362633-icar-v23
Kia,Cerato,19555.0,AZN,2014,1.6 L,177000,Bakı,https://turbo.az/autos/10630581-kia-cerato
Hyundai,Santa Fe,16700.0,AZN,2007,2.7 L,160000,Bakı,https://turbo.az/autos/10565947-hyundai-santa-fe
Changan,Qiyuan Q05,29800.0,AZN,2025,1.5 L,30800,Bakı,https://turbo.az/autos/10636009-changan-qiyuan-q05
Lexus,LX 570,99999.0,AZN,2016,5.7 L,182800,Bakı,https://turbo.az/autos/10357141-lexus-lx-570
Lifan,V16,5700.0,AZN,2023,,10128,Bakı,https://turbo.az/autos/10636027-lifan-v16
Kia,Sorento,27800.0,AZN,2016,2.0 L,171756,İsmayıllı,https://turbo.az/autos/10620891-kia-sorento
LADA,(VAZ) 2106,2500.0,AZN,1995,1.6 L,250000,Goranboy,https://turbo.az/autos/10636026-lada-vaz-2106
Mercedes,V 250,44444.0,AZN,2016,2.2 L,272700,Bakı,https://turbo.az/autos/8981394-mercedes-v-250
Lexus,LX 450d,99999.0,AZN,2016,4.5 L,262600,Bakı,https://turbo.az/autos/10631516-lexus-lx-450d
LADA,(VAZ) 2107,4400.0,AZN,2006,1.6 L,18900,Sabirabad,https://turbo.az/autos/10628595-lada-vaz-2107
Renault,Sandero Stepway,20500.0,AZN,2021,1.6 L,159500,Bakı,https://turbo.az/autos/10590557-renault-sandero-stepway
Mitsubishi,L200,17500.0,AZN,2010,2.5 L,620000,Bakı,https://turbo.az/autos/10461227-mitsubishi-l200
Hyundai,Elantra,20900.0,AZN,2014,1.8 L,222000,Bakı,https://turbo.az/autos/10607559-hyundai-elantra
Toyota,RAV4,82500.0,AZN,2026,2.5 L,0,Bakı,https://turbo.az/autos/10414139-toyota-rav4
Mercedes,EQS 450 4MATIC,181940.0,AZN,2024,,0,Bakı,https://turbo.az/autos/9098564-mercedes-eqs-450-4matic
DFSK,Fengon 380,26700.0,AZN,2025,1.5 L,0,Bakı,https://turbo.az/autos/9959359-dfsk-fengon-380
Changan,Qiyuan Q07,47500.0,AZN,2025,1.5 L,0,Bakı,https://turbo.az/autos/10549633-changan-qiyuan-q07
Changan,Oshan X5 Plus,27300.0,AZN,2026,1.5 L,0,Bakı,https://turbo.az/autos/10596860-changan-oshan-x5-plus
Hyundai,ix35,20900.0,AZN,2012,2.0 L,182000,Bakı,https://turbo.az/autos/10125609-hyundai-ix35
Opel,Astra,8300.0,AZN,1998,1.6 L,555000,Sumqayıt,https://turbo.az/autos/10372594-opel-astra
Kia,Sorento,21000.0,AZN,2013,2.4 L,218522,İmişli,https://turbo.az/autos/10532825-kia-sorento
Mercedes,E 350,18100.0,AZN,2007,3.5 L,263000,Bakı,https://turbo.az/autos/10533716-mercedes-e-350
Mercedes,E 220 d,43500.0,AZN,2017,2.0 L,200000,Bakı,https://turbo.az/autos/10594834-mercedes-e-220-d
Mercedes,C 180,5900.0,AZN,1995,1.8 L,150000,Bakı,https://turbo.az/autos/10629474-mercedes-c-180
BMW,535,18500.0,AZN,2012,3.0 L,214236,Bakı,https://turbo.az/autos/10630782-bmw-535
Chevrolet,Cruze,12400.0,AZN,2014,1.4 L,270000,Bakı,https://turbo.az/autos/10634044-chevrolet-cruze
Toyota,Highlander,118500.0,AZN,2025,2.5 L,0,Bakı,https://turbo.az/autos/10008837-toyota-highlander
Audi,Q8,177067.0,AZN,2025,3.0 L,0,Bakı,https://turbo.az/autos/10300867-audi-q8
Hyundai,Sonata,13300.0,AZN,2009,2.4 L,240000,Bakı,https://turbo.az/autos/10577920-hyundai-sonata
Mercedes,C 220,9800.0,AZN,2000,2.2 L,350468,Bakı,https://turbo.az/autos/10636022-mercedes-c-220
Ford,Fusion (North America),19400.0,AZN,2019,1.5 L,137000,Bakı,https://turbo.az/autos/10625819-ford-fusion-north-america
Audi,Q5 Sportback,138856.0,AZN,2026,2.0 L,0,Bakı,https://turbo.az/autos/10331752-audi-q5-sportback
BMW,X5,157250.0,AZN,2025,3.0 L,4000,Bakı,https://turbo.az/autos/10613757-bmw-x5
Mercedes,GLC 300 4MATIC Coupe,78250.0,AZN,2018,2.0 L,179000,Bakı,https://turbo.az/autos/10619053-mercedes-glc-300-4matic-coupe
Changan,CS 75 Plus,43500.0,AZN,2026,2.0 L,0,Bakı,https://turbo.az/autos/10625708-changan-cs-75-plus
Audi,A8,234382.0,AZN,2026,3.0 L,0,Bakı,https://turbo.az/autos/9457092-audi-a8
Ford,Edge,25600.0,AZN,2019,2.0 L,289682,Bakı,https://turbo.az/autos/10636015-ford-edge
Audi,Q5,136720.0,AZN,2026,2.0 L,0,Bakı,https://turbo.az/autos/10301061-audi-q5
Changan,Qiyuan Q07,46500.0,AZN,2025,1.5 L,0,Bakı,https://turbo.az/autos/9910797-changan-qiyuan-q07
Hyundai,Aerotown,35500.0,AZN,2010,12 L,290000,Bakı,https://turbo.az/autos/10504123-hyundai-aerotown
Toyota,Corolla Cross,38900.0,AZN,2025,2.0 L,0,Bakı,https://turbo.az/autos/9985914-toyota-corolla-cross
Toyota,Camry,71500.0,AZN,2025,2.5 L,0,Bakı,https://turbo.az/autos/10003636-toyota-camry
Kia,Forte,18500.0,AZN,2016,1.8 L,250000,Şəki,https://turbo.az/autos/10636020-kia-forte
BYD,Destroyer 05,24300.0,AZN,2025,1.5 L,55000,Bakı,https://turbo.az/autos/10634012-byd-destroyer-05
Changan,CS 75 Plus,35000.0,AZN,2026,1.5 L,0,Bakı,https://turbo.az/autos/10618656-changan-cs-75-plus
Chevrolet,Equinox,30500.0,AZN,2018,2.0 L,169000,Bakı,https://turbo.az/autos/10347446-chevrolet-equinox
Mercedes,C 240,11800.0,AZN,1999,2.4 L,364000,Bakı,https://turbo.az/autos/10636019-mercedes-c-240
Honda,Accord,14400.0,AZN,2011,2.4 L,386000,Bakı,https://turbo.az/autos/10089180-honda-accord
Kia,Soul,17800.0,AZN,2015,1.6 L,94000,Bakı,https://turbo.az/autos/10632911-kia-soul
Mercedes,GLE 350 4MATIC,90100.0,AZN,2020,2.0 L,84000,Bakı,https://turbo.az/autos/10613136-mercedes-gle-350-4matic
Changan,Uni-Z,35800.0,AZN,2025,1.5 L,0,Bakı,https://turbo.az/autos/10494383-changan-uni-z
BMW,i7 50 xDrive,244000.0,AZN,2026,,0,Sifarişlə,https://turbo.az/autos/10567775-bmw-i7-50-xdrive
BYD,Sea Lion 06,50800.0,AZN,2026,1.5 L,0,Bakı,https://turbo.az/autos/10572541-byd-sea-lion-06
Changan,CS 75 Pro,31500.0,AZN,2025,1.5 L,0,Bakı,https://turbo.az/autos/10630369-changan-cs-75-pro
Hyundai,Sonata,15600.0,AZN,2011,2.4 L,278000,Mingəçevir,https://turbo.az/autos/10423838-hyundai-sonata
Changan,Qiyuan Q07,45000.0,AZN,2025,1.5 L,0,Bakı,https://turbo.az/autos/10471226-changan-qiyuan-q07
Hyundai,Avante,21900.0,AZN,2017,1.6 L,222400,Bakı,https://turbo.az/autos/10509375-hyundai-avante
Mercedes,C 180,7800.0,AZN,1998,1.8 L,525000,Bakı,https://turbo.az/autos/10601208-mercedes-c-180
BMW,530e,41200.0,AZN,2017,2.0 L,126486,Bakı,https://turbo.az/autos/10608597-bmw-530e
LADA,(VAZ) 21099,3950.0,AZN,1999,1.5 L,209000,Sumqayıt,https://turbo.az/autos/10624575-lada-vaz-21099
BMW,528,21000.0,AZN,2011,2.0 L,199521,Bakı,https://turbo.az/autos/10627504-bmw-528
Ford,Fusion (North America),15700.0,AZN,2016,1.5 L,135000,Sumqayıt,https://turbo.az/autos/10630919-ford-fusion-north-america
LADA,(VAZ) 2107,3300.0,AZN,2002,1.6 L,356995,Mingəçevir,https://turbo.az/autos/10636018-lada-vaz-2107
Land,Rover Defender,135830.0,AZN,2020,3.0 L,110000,Bakı,https://turbo.az/autos/10615606-land-rover-defender
Chevrolet,Cruze,14200.0,AZN,2015,1.4 L,217902,Lənkəran,https://turbo.az/autos/10636017-chevrolet-cruze
Toyota,Corolla Cross,45500.0,AZN,2024,2.0 L,22300,Bakı,https://turbo.az/autos/10596795-toyota-corolla-cross
Kia,Soul,23900.0,AZN,2016,1.6 L,95000,Bakı,https://turbo.az/autos/10596789-kia-soul
Hyundai,Tucson,28900.0,AZN,2018,2.0 L,77000,Bakı,https://turbo.az/autos/10590997-hyundai-tucson
Chevrolet,Trax,19800.0,AZN,2019,1.4 L,119000,Bakı,https://turbo.az/autos/10550320-chevrolet-trax
Changan,Qiyuan Q07,43800.0,AZN,2025,1.5 L,0,Bakı,https://turbo.az/autos/10497699-changan-qiyuan-q07
Toyota,Aqua,18800.0,AZN,2019,1.5 L,92000,Bakı,https://turbo.az/autos/10497613-toyota-aqua
Kia,Forte,25500.0,AZN,2019,2.0 L,51000,Bakı,https://turbo.az/autos/10496406-kia-forte
Toyota,RAV4,62800.0,AZN,2026,2.0 L,0,Bakı,https://turbo.az/autos/10494434-toyota-rav4
Toyota,RAV4,62300.0,AZN,2026,2.0 L,0,Bakı,https://turbo.az/autos/10494410-toyota-rav4
Mercedes,Viano,76500.0,AZN,2016,2.1 L,265000,Bakı,https://turbo.az/autos/10575077-mercedes-viano
Land,Rover Range Rover,41000.0,AZN,2012,5.0 L,195000,Bakı,https://turbo.az/autos/10531921-land-rover-range-rover
Mazda,CX-9,48000.0,AZN,2020,2.5 L,134900,Bakı,https://turbo.az/autos/10604029-mazda-cx-9
Changan,Uni-Z,34800.0,AZN,2025,1.5 L,0,Bakı,https://turbo.az/autos/10532591-changan-uni-z
Changan,Uni-Z,34300.0,AZN,2025,1.5 L,0,Bakı,https://turbo.az/autos/10568710-changan-uni-z
Changan,Uni-Z,37300.0,AZN,2025,1.5 L,0,Bakı,https://turbo.az/autos/10553187-changan-uni-z
Changan,Uni-Z,36300.0,AZN,2025,1.5 L,0,Bakı,https://turbo.az/autos/10494397-changan-uni-z
Changan,Uni-Z,35800.0,AZN,2025,1.5 L,0,Bakı,https://turbo.az/autos/10494383-changan-uni-z
Land,Rover RR Velar,76500.0,AZN,2021,2.0 L,110000,Bakı,https://turbo.az/autos/10613626-land-rover-rr-velar
Mercedes,E 200,14600.0,AZN,2005,1.8 L,206547,Masallı,https://turbo.az/autos/10628057-mercedes-e-200
Hyundai,Sonata,34800.0,AZN,2021,2.0 L,95000,Bakı,https://turbo.az/autos/10568037-hyundai-sonata
Kia,K5,34500.0,AZN,2020,1.6 L,101000,Bakı,https://turbo.az/autos/10591007-kia-k5
Isuzu,Novo E5,195000.0,AZN,2026,5.2 L,0,Bakı,https://turbo.az/autos/9179735-isuzu-novo-e5
Lynk,& Co 900,79500.0,AZN,2025,1.5 L,18000,Bakı,https://turbo.az/autos/10368903-lynk-co-900
Seres,Aito M7,80070.0,AZN,2025,1.5 L,0,Bakı,https://turbo.az/autos/10463076-seres-aito-m7
Toyota,RAV4,66500.0,AZN,2025,2.5 L,16500,Gəncə,https://turbo.az/autos/10618181-toyota-rav4
Kia,Sorento,25900.0,AZN,2012,2.0 L,173000,Bakı,https://turbo.az/autos/9503963-kia-sorento
Lexus,LX 570,46500.0,AZN,2009,5.7 L,184000,Bakı,https://turbo.az/autos/10351486-lexus-lx-570
Toyota,Land Cruiser Prado,41500.0,AZN,2012,2.7 L,190000,Şamaxı,https://turbo.az/autos/10416761-toyota-land-cruiser-prado
Hyundai,Accent,24999.0,AZN,2020,1.6 L,47047,Bakı,https://turbo.az/autos/10476492-hyundai-accent
Mercedes,Sprinter 313,26900.0,AZN,2007,2.2 L,213715,Bakı,https://turbo.az/autos/10623747-mercedes-sprinter-313
Chevrolet,Cruze,13000.0,AZN,2015,1.4 L,231013,Bakı,https://turbo.az/autos/10630545-chevrolet-cruze
BMW,X5,52500.0,AZN,2017,3.0 L,138000,Bakı,https://turbo.az/autos/10631204-bmw-x5
Nissan,Murano,8500.0,AZN,2003,3.5 L,254000,Bakı,https://turbo.az/autos/10634096-nissan-murano
Kia,Sportage,54800.0,AZN,2025,1.6 L,2600,Bakı,https://turbo.az/autos/10512521-kia-sportage
Jeep,Wrangler,69500.0,AZN,2023,2.0 L,46000,Bakı,https://turbo.az/autos/10496962-jeep-wrangler
Hyundai,Grandeur,67500.0,AZN,2025,1.6 L,2586,Bakı,https://turbo.az/autos/10586284-hyundai-grandeur
BMW,530,44444.0,AZN,2017,2.0 L,137500,Bakı,https://turbo.az/autos/10606067-bmw-530
Land,Rover Range Rover,87000.0,AZN,2018,3.0 L,100000,Bakı,https://turbo.az/autos/10627730-land-rover-range-rover
Mercedes,R 320,19900.0,AZN,2010,3.0 L,212500,Bakı,https://turbo.az/autos/8911119-mercedes-r-320
Changan,Oshan X5 Plus,27700.0,AZN,2026,1.5 L,0,Bakı,https://turbo.az/autos/10492977-changan-oshan-x5-plus
Changan,Oshan X5 Plus,28500.0,AZN,2026,1.5 L,0,Bakı,https://turbo.az/autos/10610415-changan-oshan-x5-plus
Changan,Oshan X5 Plus,28400.0,AZN,2026,1.5 L,0,Bakı,https://turbo.az/autos/10492835-changan-oshan-x5-plus
LADA,(VAZ) 2107,7500.0,AZN,2009,1.7 L,123000,Bakı,https://turbo.az/autos/10628063-lada-vaz-2107
Kia,Sorento,50700.0,AZN,2021,1.6 L,101300,Bakı,https://turbo.az/autos/10633395-kia-sorento
Kia,Sportage,26900.0,AZN,2016,1.7 L,145000,Bakı,https://turbo.az/autos/10615100-kia-sportage
Jeep,Wrangler,77777.0,AZN,2024,2.0 L,35700,Bakı,https://turbo.az/autos/10406891-jeep-wrangler
Land,Rover Range Rover,132600.0,AZN,2020,3.0 L,11000,Bakı,https://turbo.az/autos/10588466-land-rover-range-rover
Hyundai,Elantra,23200.0,AZN,2018,2.0 L,88000,Bakı,https://turbo.az/autos/10596802-hyundai-elantra
Hyundai,Elantra,22800.0,AZN,2016,2.0 L,108000,Bakı,https://turbo.az/autos/10591033-hyundai-elantra
Hyundai,Elantra,25300.0,AZN,2019,2.0 L,88000,Bakı,https://turbo.az/autos/10550701-hyundai-elantra
Hyundai,Elantra,23500.0,AZN,2017,2.0 L,76000,Bakı,https://turbo.az/autos/10537136-hyundai-elantra
Hyundai,Elantra,21800.0,AZN,2017,2.0 L,93000,Bakı,https://turbo.az/autos/10527027-hyundai-elantra
Hyundai,Elantra,24300.0,AZN,2019,2.0 L,90200,Bakı,https://turbo.az/autos/10510325-hyundai-elantra
Hyundai,Elantra,25500.0,AZN,2019,2.0 L,87000,Bakı,https://turbo.az/autos/10495401-hyundai-elantra
Hyundai,Elantra,24800.0,AZN,2019,2.0 L,102000,Bakı,https://turbo.az/autos/10495063-hyundai-elantra
Mitsubishi,Outlander,11000.0,AZN,2006,3.0 L,294000,Bakı,https://turbo.az/autos/10379538-mitsubishi-outlander
Chevrolet,Equinox,24300.0,AZN,2019,1.5 L,95000,Bakı,https://turbo.az/autos/10550255-chevrolet-equinox
Mazda,CX-90,110400.0,AZN,2026,3.3 L,0,Sifarişlə,https://turbo.az/autos/7894155-mazda-cx-90
Mitsubishi,L200,66200.0,AZN,2026,2.4 L,0,Sifarişlə,https://turbo.az/autos/9117780-mitsubishi-l200
BENDA,Napoleonbob 250,8699.0,AZN,2025,0.3 L,0,Bakı,https://turbo.az/autos/9928868-benda-napoleonbob-250
Changan,Qiyuan Q07,36800.0,AZN,2025,1.5 L,0,Bakı,https://turbo.az/autos/10552830-changan-qiyuan-q07
Toyota,Corolla,33900.0,AZN,2023,1.6 L,40000,Bakı,https://turbo.az/autos/10285816-toyota-corolla
Kia,Ceed SW,15000.0,AZN,2009,1.6 L,303475,Bakı,https://turbo.az/autos/10537003-kia-ceed-sw
Ford,Fusion (North America),17500.0,AZN,2016,1.5 L,158000,Bakı,https://turbo.az/autos/10539937-ford-fusion-north-america
Mercedes,V 250,43000.0,AZN,2014,2.1 L,306000,Bakı,https://turbo.az/autos/10572660-mercedes-v-250
Kia,Sorento,32500.0,AZN,2015,2.0 L,373000,Lənkəran,https://turbo.az/autos/10603359-kia-sorento
BMW,530,15500.0,AZN,2002,3.0 L,343000,Bakı,https://turbo.az/autos/10607064-bmw-530
Kia,Optima,19400.0,AZN,2012,2.4 L,235000,Mingəçevir,https://turbo.az/autos/10611308-kia-optima
Hyundai,Sonata,19700.0,AZN,2012,2.0 L,174800,Masallı,https://turbo.az/autos/10627007-hyundai-sonata
Chevrolet,Equinox,24500.0,AZN,2020,1.5 L,97000,Bakı,https://turbo.az/autos/10495160-chevrolet-equinox
Chevrolet,Equinox,23900.0,AZN,2018,1.5 L,90700,Bakı,https://turbo.az/autos/10494919-chevrolet-equinox
Chevrolet,Equinox,23900.0,AZN,2019,1.5 L,82000,Bakı,https://turbo.az/autos/10510300-chevrolet-equinox
Chevrolet,Equinox,24500.0,AZN,2020,1.5 L,54000,Bakı,https://turbo.az/autos/10553060-chevrolet-equinox
Chevrolet,Equinox,24300.0,AZN,2018,1.5 L,115000,Bakı,https://turbo.az/autos/10590972-chevrolet-equinox
Chevrolet,Equinox,24500.0,AZN,2020,1.5 L,96000,Bakı,https://turbo.az/autos/10590951-chevrolet-equinox
Chevrolet,Equinox,24200.0,AZN,2019,1.5 L,110000,Bakı,https://turbo.az/autos/10494889-chevrolet-equinox
Land,Rover Range Rover,113900.0,AZN,2020,3.0 L,67000,Bakı,https://turbo.az/autos/10614947-land-rover-range-rover
Land,Rover Defender,177777.0,AZN,2023,3.0 L,78700,Bakı,https://turbo.az/autos/10494417-land-rover-defender
Nissan,Note,17800.0,AZN,2018,1.2 L,50000,Bakı,https://turbo.az/autos/10590965-nissan-note
Nissan,Note,15400.0,AZN,2015,1.2 L,89000,Bakı,https://turbo.az/autos/10591019-nissan-note
Nissan,Note,17600.0,AZN,2018,1.2 L,72000,Bakı,https://turbo.az/autos/10497408-nissan-note
Nissan,Note,16800.0,AZN,2017,1.2 L,62000,Bakı,https://turbo.az/autos/10497442-nissan-note
Nissan,Note,15800.0,AZN,2016,1.2 L,85000,Bakı,https://turbo.az/autos/10568046-nissan-note
Nissan,Note,16900.0,AZN,2018,1.2 L,38000,Bakı,https://turbo.az/autos/10497381-nissan-note
Nissan,Note,16800.0,AZN,2017,1.2 L,57000,Bakı,https://turbo.az/autos/10497390-nissan-note
Nissan,Note,17800.0,AZN,2017,1.2 L,55000,Bakı,https://turbo.az/autos/10497365-nissan-note
Jeep,Wrangler,76500.0,AZN,2023,2.0 L,40000,Bakı,https://turbo.az/autos/10615461-jeep-wrangler
Mercedes,C 180,11500.0,AZN,1999,1.8 L,245773,İmişli,https://turbo.az/autos/10636013-mercedes-c-180
Land,Rover Defender,166666.0,AZN,2023,3.0 L,38500,Bakı,https://turbo.az/autos/10483303-land-rover-defender
Land,Rover RR Velar,76500.0,AZN,2021,2.0 L,73000,Bakı,https://turbo.az/autos/10532678-land-rover-rr-velar
Changan,Qiyuan Q07,38000.0,AZN,2025,1.5 L,0,Bakı,https://turbo.az/autos/10568755-changan-qiyuan-q07
Land,Rover Discovery,76500.0,AZN,2019,3.0 L,70000,Bakı,https://turbo.az/autos/10532286-land-rover-discovery
Hyundai,Santa Fe,19900.0,AZN,2009,2.0 L,288500,Bakı,https://turbo.az/autos/10515041-hyundai-santa-fe
UAZ,390945,38800.0,AZN,2024,2.7 L,0,Bakı,https://turbo.az/autos/8220701-uaz-390945
Changan,Qiyuan Q05,31900.0,AZN,2025,1.5 L,0,Bakı,https://turbo.az/autos/10047740-changan-qiyuan-q05
Toyota,Frontlander,49999.0,AZN,2026,2.0 L,0,Bakı,https://turbo.az/autos/10539299-toyota-frontlander
Mercedes,G 63 AMG,125800.0,AZN,2015,5.5 L,93000,Bakı,https://turbo.az/autos/10598845-mercedes-g-63-amg
BMW,X5,84800.0,AZN,2019,3.0 L,99000,Bakı,https://turbo.az/autos/10275603-bmw-x5
Volkswagen,Passat,35000.0,AZN,2020,1.4 L,71000,Bakı,https://turbo.az/autos/10379728-volkswagen-passat
Chevrolet,Equinox,20900.0,AZN,2019,1.5 L,100161,Bakı,https://turbo.az/autos/10555652-chevrolet-equinox
Li,Auto L7,93500.0,AZN,2025,1.5 L,1700,Bakı,https://turbo.az/autos/10565718-li-auto-l7
Volkswagen,Passat CC,19800.0,AZN,2015,2.0 L,170000,Bakı,https://turbo.az/autos/10583723-volkswagen-passat-cc
Opel,Astra,7400.0,AZN,2006,1.3 L,255000,Sumqayıt,https://turbo.az/autos/10628122-opel-astra
Mercedes,GLS 450 4MATIC,185300.0,AZN,2024,3.0 L,28000,Bakı,https://turbo.az/autos/10632309-mercedes-gls-450-4matic
Audi,A6,38000.0,AZN,2017,2.0 L,82000,Bakı,https://turbo.az/autos/10634628-audi-a6
Changan,Qiyuan Q07,42900.0,AZN,2025,1.5 L,0,Bakı,https://turbo.az/autos/10568709-changan-qiyuan-q07
Toyota,Prius,22500.0,AZN,2016,1.8 L,187653,Bakı,https://turbo.az/autos/10630366-toyota-prius
Land,Rover Range Rover,69000.0,AZN,2017,3.0 L,140000,Bakı,https://turbo.az/autos/10616129-land-rover-range-rover
Land,Rover Range Rover,89250.0,AZN,2019,3.0 L,140000,Bakı,https://turbo.az/autos/10616151-land-rover-range-rover
LADA,(VAZ) 2107,6600.0,AZN,2010,1.6 L,90603,Bakı,https://turbo.az/autos/10636012-lada-vaz-2107
Hyundai,Avante,18800.0,AZN,2016,1.6 L,194000,Bakı,https://turbo.az/autos/10632753-hyundai-avante
Hyundai,Santa Fe,17900.0,AZN,2008,2.2 L,337000,Bakı,https://turbo.az/autos/10609486-hyundai-santa-fe
Hyundai,Sonata,31900.0,AZN,2020,2.0 L,115000,Bakı,https://turbo.az/autos/10610072-hyundai-sonata
Li,Auto L7,93500.0,AZN,2025,1.5 L,1700,Bakı,https://turbo.az/autos/10565718-li-auto-l7
Kia,Optima,19500.0,AZN,2013,2.0 L,152000,Mingəçevir,https://turbo.az/autos/10588701-kia-optima
Kia,Sorento,34400.0,AZN,2017,2.0 L,148000,Bakı,https://turbo.az/autos/10635999-kia-sorento
Mitsubishi,Outlander,21800.0,AZN,2013,2.4 L,186361,Sumqayıt,https://turbo.az/autos/10630467-mitsubishi-outlander
Ford,Fusion (North America),13900.0,AZN,2017,1.5 L,140000,Gəncə,https://turbo.az/autos/10620101-ford-fusion-north-america
LADA,(VAZ) 2112,7500.0,AZN,2008,1.6 L,375000,Cəlilabad,https://turbo.az/autos/10546889-lada-vaz-2112
Kia,Optima,22700.0,AZN,2016,2.0 L,118000,Bakı,https://turbo.az/autos/10622288-kia-optima
Chevrolet,Equinox,21300.0,AZN,2019,1.5 L,216000,Gəncə,https://turbo.az/autos/10600475-chevrolet-equinox
Mercedes,E 230,10300.0,AZN,1997,2.3 L,462000,Gəncə,https://turbo.az/autos/10559949-mercedes-e-230
Mercedes,E 250,20700.0,AZN,2010,1.8 L,285000,Bakı,https://turbo.az/autos/10619594-mercedes-e-250
Opel,Astra,10650.0,AZN,2005,1.4 L,286000,Sumqayıt,https://turbo.az/autos/10627980-opel-astra
Toyota,Prius,11500.0,AZN,2008,1.5 L,531084,Bakı,https://turbo.az/autos/10633371-toyota-prius
BMW,iX,87000.0,AZN,2022,,51800,Bakı,https://turbo.az/autos/9726205-bmw-ix
Changan,Oshan X5 Plus,25300.0,AZN,2025,1.5 L,0,Bakı,https://turbo.az/autos/10628060-changan-oshan-x5-plus
Opel,Astra,7200.0,AZN,1998,1.8 L,123000,Göyçay,https://turbo.az/autos/10635994-opel-astra
Changan,CS 75 Pro,31499.0,AZN,2026,1.5 L,0,Bakı,https://turbo.az/autos/10625698-changan-cs-75-pro
Hyundai,Palisade,109900.0,AZN,2026,2.5 L,0,Bakı,https://turbo.az/autos/10112101-hyundai-palisade
Volkswagen,Touareg,44900.0,AZN,2020,3.0 L,170000,Bakı,https://turbo.az/autos/10126254-volkswagen-touareg
Audi,Q8,68777.0,AZN,2019,3.0 L,155200,Bakı,https://turbo.az/autos/10367445-audi-q8
Changan,CS 75 Pro,33500.0,AZN,2025,1.5 L,0,Bakı,https://turbo.az/autos/10598254-changan-cs-75-pro
Toyota,Aqua,17000.0,AZN,2018,1.5 L,185000,Bakı,https://turbo.az/autos/10271315-toyota-aqua
BMW,X5,99000.0,AZN,2022,2.0 L,100000,Bakı,https://turbo.az/autos/10315913-bmw-x5
BMW,X3,53000.0,AZN,2019,2.0 L,168000,Bakı,https://turbo.az/autos/10511696-bmw-x3
BMW,X5,47600.0,AZN,2017,2.0 L,151614,Sumqayıt,https://turbo.az/autos/10576150-bmw-x5
Lexus,LX 570,79500.0,AZN,2014,5.7 L,120000,Bakı,https://turbo.az/autos/10617999-lexus-lx-570
Ford,Transit,21800.0,AZN,2011,2.2 L,78000,Sumqayıt,https://turbo.az/autos/10620023-ford-transit
Kia,K5,33700.0,AZN,2023,1.6 L,131483,Sumqayıt,https://turbo.az/autos/10624327-kia-k5
Hyundai,Elantra,23000.0,AZN,2020,1.6 L,201973,Bakı,https://turbo.az/autos/10634070-hyundai-elantra
Infiniti,QX80,79000.0,AZN,2018,5.6 L,138300,Bakı,https://turbo.az/autos/10015074-infiniti-qx80
Hyundai,Santa Fe,50800.0,AZN,2024,1.6 L,26414,Bakı,https://turbo.az/autos/10248780-hyundai-santa-fe
BMW,X5,96500.0,AZN,2023,3.0 L,87511,Sifarişlə,https://turbo.az/autos/10633345-bmw-x5
Mercedes,V 250,129900.0,AZN,2021,2.0 L,108400,Bakı,https://turbo.az/autos/10014921-mercedes-v-250
Opel,Astra,13900.0,AZN,2009,1.3 L,210000,Bakı,https://turbo.az/autos/9700982-opel-astra
Kia,Cerato,31500.0,AZN,2019,1.6 L,57000,Bakı,https://turbo.az/autos/10213863-kia-cerato
Chevrolet,Malibu,16300.0,AZN,2017,1.5 L,198000,Mingəçevir,https://turbo.az/autos/10636008-chevrolet-malibu
Kia,K5,38500.0,AZN,2020,2.0 L,113000,Bakı,https://turbo.az/autos/10545822-kia-k5
LADA,(VAZ) Priora,12900.0,AZN,2014,1.6 L,124056,Şəki,https://turbo.az/autos/10309650-lada-vaz-priora
Hyundai,Sonata,59900.0,AZN,2026,2.0 L,0,Bakı,https://turbo.az/autos/10445652-hyundai-sonata
Ford,Transit,49500.0,AZN,2013,2.2 L,152000,Bakı,https://turbo.az/autos/10587409-ford-transit
Hyundai,Sonata,64900.0,AZN,2025,2.0 L,0,Bakı,https://turbo.az/autos/10093440-hyundai-sonata
Kia,Sorento,35400.0,AZN,2015,2.0 L,209000,Bakı,https://turbo.az/autos/9763041-kia-sorento
Ford,Fusion (North America),22900.0,AZN,2017,2.0 L,172000,Bakı,https://turbo.az/autos/10627130-ford-fusion-north-america
Toyota,Prius,16900.0,AZN,2014,1.8 L,220000,Bakı,https://turbo.az/autos/10596391-toyota-prius
Kia,Sportage,21700.0,AZN,2011,2.0 L,211469,Sumqayıt,https://turbo.az/autos/10498005-kia-sportage
Chevrolet,Equinox,21900.0,AZN,2019,1.5 L,178000,Bakı,https://turbo.az/autos/10583950-chevrolet-equinox
KAIYI,X3 Pro,26900.0,AZN,2025,1.5 L,0,Bakı,https://turbo.az/autos/10443740-kaiyi-x3-pro
Toyota,Land Cruiser,51033.0,AZN,2012,4.0 L,213000,Bakı,https://turbo.az/autos/10636005-toyota-land-cruiser
KAIYI,E5,21900.0,AZN,2025,1.5 L,0,Bakı,https://turbo.az/autos/9185795-kaiyi-e5
Hyundai,Grandeur,30000.0,AZN,2015,2.2 L,158000,Bakı,https://turbo.az/autos/10619397-hyundai-grandeur
Jeep,Grand Cherokee,26500.0,AZN,2012,3.6 L,246000,Gəncə,https://turbo.az/autos/10630721-jeep-grand-cherokee
BMW,X5,90100.0,AZN,2019,3.0 L,59000,Bakı,https://turbo.az/autos/10636003-bmw-x5
LADA,(VAZ) 2107,6400.0,AZN,2009,1.6 L,578639,Bakı,https://turbo.az/autos/10590551-lada-vaz-2107
Bentley,Continental GT,88888.0,AZN,2013,4.0 L,71000,Bakı,https://turbo.az/autos/10023381-bentley-continental-gt
Audi,A6,127827.0,AZN,2025,2.0 L,0,Bakı,https://turbo.az/autos/10229433-audi-a6
Toyota,RAV4,62999.0,AZN,2026,2.0 L,0,Bakı,https://turbo.az/autos/10526882-toyota-rav4
Khazar,LD,18500.0,AZN,2025,1.7 L,10500,Bakı,https://turbo.az/autos/10601107-khazar-ld
Ford,Transit,13800.0,AZN,2003,2.4 L,898338,Bakı,https://turbo.az/autos/10126192-ford-transit
BMW,528,35500.0,AZN,2015,2.0 L,157000,Bakı,https://turbo.az/autos/10452715-bmw-528
Ford,Transit,25900.0,AZN,2011,2.4 L,211772,Bakı,https://turbo.az/autos/10523121-ford-transit
Kia,Ceed SW,15000.0,AZN,2009,1.6 L,303475,Bakı,https://turbo.az/autos/10537003-kia-ceed-sw
Hyundai,Elantra,16500.0,AZN,2011,1.8 L,217950,Bakı,https://turbo.az/autos/10591690-hyundai-elantra
Hyundai,Avante,10900.0,AZN,2008,1.6 L,341000,Bakı,https://turbo.az/autos/10607310-hyundai-avante
Ford,Transit,21000.0,AZN,2009,2.2 L,235000,Bakı,https://turbo.az/autos/10611688-ford-transit
Hyundai,Elantra,25600.0,AZN,2020,2.0 L,46100,Bakı,https://turbo.az/autos/10615960-hyundai-elantra
Audi,A4,7800.0,AZN,2003,1.8 L,330000,Bakı,https://turbo.az/autos/10636004-audi-a4
Changan,Uni-Z,32800.0,AZN,2025,1.5 L,0,Bakı,https://turbo.az/autos/10615915-changan-uni-z
Nissan,Sunny,14900.0,AZN,2014,1.5 L,294000,Bakı,https://turbo.az/autos/10606091-nissan-sunny
Mercedes,C 280,11500.0,AZN,1999,2.8 L,250000,Göyçay,https://turbo.az/autos/10636002-mercedes-c-280
BMW,530e,71230.0,AZN,2021,2.0 L,49200,Bakı,https://turbo.az/autos/8837791-bmw-530e
Mercedes,C 240,7800.0,AZN,1998,2.4 L,285321,Sumqayıt,https://turbo.az/autos/10631470-mercedes-c-240
Mercedes,E 240,15500.0,AZN,2004,2.6 L,177000,Quba,https://turbo.az/autos/10633389-mercedes-e-240
Ford,Escape,19900.0,AZN,2017,1.5 L,67000,Bakı,https://turbo.az/autos/10578145-ford-escape
Khazar,LX,9500.0,AZN,2021,1.7 L,206324,Bakı,https://turbo.az/autos/10618651-khazar-lx
Kia,Sportage,16700.0,AZN,2010,2.0 L,254000,Bakı,https://turbo.az/autos/10575628-kia-sportage
Chevrolet,Equinox,19500.0,AZN,2018,1.5 L,197787,Bakı,https://turbo.az/autos/10634729-chevrolet-equinox
Daewoo,Nexia,3799.0,AZN,2010,1.5 L,470000,Qəbələ,https://turbo.az/autos/10635993-daewoo-nexia
Jeep,Grand Cherokee,23500.0,AZN,2012,3.6 L,151000,Bakı,https://turbo.az/autos/10635992-jeep-grand-cherokee
Toyota,Land Cruiser,52700.0,AZN,2012,4.0 L,186000,Bakı,https://turbo.az/autos/10632555-toyota-land-cruiser
Mercedes,GL 350 4MATIC,42500.0,AZN,2014,3.0 L,235000,Bakı,https://turbo.az/autos/10623454-mercedes-gl-350-4matic
Hyundai,Accent,20800.0,AZN,2021,1.6 L,115873,Bakı,https://turbo.az/autos/10328856-hyundai-accent
Hyundai,Elantra,17999.0,AZN,2016,2.0 L,254276,Bakı,https://turbo.az/autos/10620390-hyundai-elantra
BMW,XM 50e,284000.0,AZN,2025,3.0 L,0,Bakı,https://turbo.az/autos/9667049-bmw-xm-50e
Land,Rover RR Evoque,25400.0,AZN,2015,2.0 L,174660,Bakı,https://turbo.az/autos/10521092-land-rover-rr-evoque
Hyundai,Tucson,27000.0,AZN,2018,2.0 L,75000,Bakı,https://turbo.az/autos/10623168-hyundai-tucson
Kia,Optima,25300.0,AZN,2016,2.0 L,117000,Bakı,https://turbo.az/autos/10635977-kia-optima
Denza,N9,117300.0,AZN,2025,2.0 L,10000,Bakı,https://turbo.az/autos/10287899-denza-n9
Hyundai,Grandeur,29900.0,AZN,2017,2.2 L,168000,Bakı,https://turbo.az/autos/10635988-hyundai-grandeur
Ssang,Yong Rexton,10800.0,AZN,2005,2.7 L,114000,Kürdəmir,https://turbo.az/autos/10635966-ssang-yong-rexton
JMC,Grand Avenue,53500.0,AZN,2026,2.3 L,0,Bakı,https://turbo.az/autos/8509271-jmc-grand-avenue
Mercedes,EQE 350+,104389.0,AZN,2024,,0,Bakı,https://turbo.az/autos/8849505-mercedes-eqe-350
Lexus,GX 460,49999.0,AZN,2013,4.6 L,216400,Bakı,https://turbo.az/autos/10293809-lexus-gx-460
Changan,CS 55 Plus,29599.0,AZN,2026,1.5 L,0,Bakı,https://turbo.az/autos/10617075-changan-cs-55-plus
Subaru,Tribeca,14500.0,AZN,2008,3.6 L,211000,Bakı,https://turbo.az/autos/10437689-subaru-tribeca
Land,Rover Range Rover,127500.0,AZN,2021,3.0 L,89000,Bakı,https://turbo.az/autos/10450381-land-rover-range-rover
BMW,X5,45000.0,AZN,2018,3.0 L,240000,Bakı,https://turbo.az/autos/10559593-bmw-x5
Mercedes,E 200,18500.0,AZN,1994,2.0 L,156600,Bakı,https://turbo.az/autos/10577381-mercedes-e-200
Hyundai,Elantra,22300.0,AZN,2016,2.0 L,147052,Bakı,https://turbo.az/autos/10578312-hyundai-elantra
Honda,Insight,10900.0,AZN,2010,1.3 L,430000,Sumqayıt,https://turbo.az/autos/10593444-honda-insight
Kia,Optima,27800.0,AZN,2018,2.0 L,135000,Bakı,https://turbo.az/autos/10630304-kia-optima
Chevrolet,Cruze,13900.0,AZN,2013,1.4 L,276000,Bakı,https://turbo.az/autos/10632040-chevrolet-cruze
Jeep,Wrangler,51800.0,AZN,2019,2.0 L,148000,Bakı,https://turbo.az/autos/10341258-jeep-wrangler
Mercedes,190,3700.0,AZN,1991,2.0 L,320000,Bakı,https://turbo.az/autos/10585544-mercedes-190
Changan,Qiyuan Q07,37900.0,AZN,2025,1.5 L,0,Bakı,https://turbo.az/autos/10606258-changan-qiyuan-q07
BMW,X5,89800.0,AZN,2020,3.0 L,85000,Bakı,https://turbo.az/autos/10576473-bmw-x5
Changan,Oshan X5 Plus,25200.0,AZN,2026,1.5 L,0,Bakı,https://turbo.az/autos/10626238-changan-oshan-x5-plus
Mercedes,S 320,16777.0,AZN,1996,3.2 L,273400,Bakı,https://turbo.az/autos/10423801-mercedes-s-320
BMW,528,34550.0,AZN,2014,2.0 L,230000,Bakı,https://turbo.az/autos/10630174-bmw-528
GAZ,"31105 ""Volga""",12777.0,AZN,2004,2.4 L,18900,Bakı,https://turbo.az/autos/10475404-gaz-31105-volga
Jeep,Wrangler,70000.0,AZN,2023,2.0 L,101000,Bakı,https://turbo.az/autos/10549695-jeep-wrangler
BMW,530,17800.0,AZN,2005,3.0 L,395000,Ağsu,https://turbo.az/autos/10635970-bmw-530
Hyundai,Elantra,22900.0,AZN,2018,2.0 L,95000,Bakı,https://turbo.az/autos/10602200-hyundai-elantra
Mercedes,E 240,13900.0,AZN,2002,2.6 L,239146,Sumqayıt,https://turbo.az/autos/10561619-mercedes-e-240
Geely,Emgrand,22000.0,AZN,2024,1.5 L,41000,Bakı,https://turbo.az/autos/10601791-geely-emgrand
Honda,Accord,41700.0,AZN,2024,2.0 L,49500,Bakı,https://turbo.az/autos/10481463-honda-accord
LADA,(VAZ) 2107,6900.0,AZN,2010,1.6 L,132000,Bakı,https://turbo.az/autos/10625744-lada-vaz-2107
Ford,Transit,17500.0,AZN,2010,2.2 L,229021,Sumqayıt,https://turbo.az/autos/10589070-ford-transit
Kia,Sportage,50900.0,AZN,2026,2.0 L,0,Bakı,https://turbo.az/autos/10299095-kia-sportage
Mercedes,Sprinter 515,32800.0,AZN,2008,2.2 L,609000,Şirvan,https://turbo.az/autos/10548242-mercedes-sprinter-515
BMW,X1,25330.0,AZN,2016,1.5 L,134500,Bakı,https://turbo.az/autos/10219878-bmw-x1
Volkswagen,Bora,6400.0,AZN,2003,2.0 L,352978,Sumqayıt,https://turbo.az/autos/10628992-volkswagen-bora
Mercedes,C 240,11500.0,AZN,1998,2.4 L,284800,Bakı,https://turbo.az/autos/10612326-mercedes-c-240
BMW,330,71700.0,AZN,2024,2.0 L,50100,Bakı,https://turbo.az/autos/10545289-bmw-330
ZEEKR,X,61030.0,AZN,2026,,0,Bakı,https://turbo.az/autos/10330527-zeekr-x
Mercedes,C 300,31500.0,AZN,2016,2.0 L,151000,Bakı,https://turbo.az/autos/10540369-mercedes-c-300
UAZ,Pickup,24500.0,AZN,2025,2.7 L,0,Bakı,https://turbo.az/autos/8093848-uaz-pickup
Changan,Eado,28500.0,AZN,2025,1.5 L,0,Bakı,https://turbo.az/autos/9961239-changan-eado
Hyundai,Elantra,43900.0,AZN,2026,1.6 L,0,Bakı,https://turbo.az/autos/10318463-hyundai-elantra
Geely,Monjaro,54500.0,AZN,2026,1.5 L,0,Bakı,https://turbo.az/autos/10630711-geely-monjaro
Volkswagen,Passat,5900.0,AZN,2002,1.8 L,364000,Bakı,https://turbo.az/autos/10420821-volkswagen-passat
BMW,X5,119000.0,AZN,2021,3.0 L,71000,Bakı,https://turbo.az/autos/10507548-bmw-x5
Toyota,Corolla,35500.0,AZN,2025,1.8 L,0,Bakı,https://turbo.az/autos/10507689-toyota-corolla
Mercedes,C 230,12500.0,AZN,1997,2.3 L,331000,Hacıqabul,https://turbo.az/autos/10576035-mercedes-c-230
Kia,Sorento,28500.0,AZN,2013,2.0 L,168700,Bakı,https://turbo.az/autos/10601746-kia-sorento
LADA,(VAZ) 2107,8200.0,AZN,2010,1.6 L,78000,Bakı,https://turbo.az/autos/10609037-lada-vaz-2107
Hyundai,Santa Fe,19700.0,AZN,2008,2.0 L,249255,Sumqayıt,https://turbo.az/autos/10624583-hyundai-santa-fe
Hyundai,Elantra,22500.0,AZN,2020,2.0 L,117482,Bakı,https://turbo.az/autos/10631411-hyundai-elantra
Changan,Qiyuan Q07,40900.0,AZN,2026,1.5 L,0,Lənkəran,https://turbo.az/autos/10635985-changan-qiyuan-q07
ZEEKR,X,61030.0,AZN,2026,,0,Bakı,https://turbo.az/autos/10330545-zeekr-x
XPeng,G9,59900.0,AZN,2023,,0,Bakı,https://turbo.az/autos/8481415-xpeng-g9
Abarth,500,10000.0,AZN,2014,1.4 L,200000,Bakı,https://turbo.az/autos/10548057-abarth-500
Hyundai,Elantra,19800.0,AZN,2015,1.8 L,88000,Bakı,https://turbo.az/autos/10627677-hyundai-elantra
ZEEKR,9X,159630.0,AZN,2026,2.0 L,0,Bakı,https://turbo.az/autos/10051802-zeekr-9x
Land,Rover Range Rover,59330.0,AZN,2015,3.0 L,180000,Bakı,https://turbo.az/autos/10582301-land-rover-range-rover
BMW,330e,28300.0,AZN,2017,2.0 L,127000,Bakı,https://turbo.az/autos/10592117-bmw-330e
Chevrolet,Equinox,17900.0,AZN,2018,1.5 L,151000,Bakı,https://turbo.az/autos/10633341-chevrolet-equinox
Toyota,Land Cruiser Prado,118490.0,AZN,2024,2.4 L,49300,Bakı,https://turbo.az/autos/10469179-toyota-land-cruiser-prado
ZEEKR,009,111350.0,AZN,2025,,0,Bakı,https://turbo.az/autos/8427197-zeekr-009
LADA,(VAZ) 2106,2000.0,AZN,1989,1.3 L,895699,Qazax,https://turbo.az/autos/10635983-lada-vaz-2106
XPeng,G9,69900.0,AZN,2024,,0,Bakı,https://turbo.az/autos/8956071-xpeng-g9
XPeng,GX,119000.0,AZN,2026,1.5 L,0,Sifarişlə,https://turbo.az/autos/10443431-xpeng-gx
Toyota,Camry,53900.0,AZN,2023,2.5 L,74000,Bakı,https://turbo.az/autos/10582495-toyota-camry
BMW,525,13000.0,AZN,2006,2.5 L,476000,Bakı,https://turbo.az/autos/9779058-bmw-525
ZEEKR,9X,181900.0,AZN,2026,2.0 L,0,Bakı,https://turbo.az/autos/10051725-zeekr-9x
Mercedes,Sprinter 313,22500.0,AZN,2004,2.2 L,275000,Şirvan,https://turbo.az/autos/10551661-mercedes-sprinter-313
Toyota,Land Cruiser Prado,21000.0,AZN,2005,2.7 L,311383,Bakı,https://turbo.az/autos/10443529-toyota-land-cruiser-prado
Hyundai,Sonata,31900.0,AZN,2021,1.6 L,103000,Zaqatala,https://turbo.az/autos/10620076-hyundai-sonata
Land,Rover Defender,262650.0,AZN,2025,3.0 L,0,Bakı,https://turbo.az/autos/10603425-land-rover-defender
BYD,Destroyer 05,25200.0,AZN,2025,1.5 L,0,Bakı,https://turbo.az/autos/9967533-byd-destroyer-05
ZEEKR,9X,186150.0,AZN,2026,2.0 L,0,Bakı,https://turbo.az/autos/10051821-zeekr-9x
Ford,Transit,25500.0,AZN,2011,2.4 L,189000,Bakı,https://turbo.az/autos/10530755-ford-transit
Fiat,Fiorino,43000.0,AZN,2023,1.4 L,0,Bakı,https://turbo.az/autos/8863954-fiat-fiorino
Suzuki,Baleno,31450.0,AZN,2024,1.5 L,0,Bakı,https://turbo.az/autos/8951793-suzuki-baleno
BYD,Qin Plus,25000.0,AZN,2025,1.5 L,0,Bakı,https://turbo.az/autos/9685499-byd-qin-plus
Hyundai,Sonata,27800.0,AZN,2020,1.6 L,53179,Sifarişlə,https://turbo.az/autos/10624359-hyundai-sonata
Mercedes,G 63 AMG,99900.0,AZN,2013,5.5 L,115000,Bakı,https://turbo.az/autos/10223728-mercedes-g-63-amg
Mercedes,Axor 1824,65000.0,AZN,2011,6.4 L,596714,Gəncə,https://turbo.az/autos/10233853-mercedes-axor-1824
Hyundai,Tucson,44800.0,AZN,2023,1.6 L,63000,Bakı,https://turbo.az/autos/10439194-hyundai-tucson
Lexus,LX 570,72000.0,AZN,2013,5.7 L,159000,Bakı,https://turbo.az/autos/10569072-lexus-lx-570
Ford,Transit Connect,10500.0,AZN,2010,1.8 L,200000,Bakı,https://turbo.az/autos/10574604-ford-transit-connect
Honda,Accord,25700.0,AZN,2019,1.5 L,193000,Bakı,https://turbo.az/autos/10585000-honda-accord
Lexus,LX 570,33500.0,AZN,2008,5.7 L,278000,Bakı,https://turbo.az/autos/10592284-lexus-lx-570
BYD,Destroyer 05,25900.0,AZN,2025,1.5 L,19800,Bakı,https://turbo.az/autos/10601725-byd-destroyer-05
Opel,Astra,8900.0,AZN,2006,1.6 L,238000,Sumqayıt,https://turbo.az/autos/10632478-opel-astra
Toyota,RAV4,63500.0,AZN,2026,2.0 L,0,Bakı,https://turbo.az/autos/10374769-toyota-rav4
LADA,(VAZ) 21099,3950.0,AZN,1999,1.5 L,209000,Sumqayıt,https://turbo.az/autos/10624575-lada-vaz-21099
JETOUR,X95,29200.0,AZN,2022,1.6 L,71000,Bakı,https://turbo.az/autos/10566345-jetour-x95
Mercedes,C 240,9500.0,AZN,1997,2.4 L,540000,Bakı,https://turbo.az/autos/10590389-mercedes-c-240
BMW,525,24900.0,AZN,2012,2.0 L,305000,Quba,https://turbo.az/autos/10609180-bmw-525
Lexus,GS 300,10200.0,AZN,2007,3.0 L,212212,Bakı,https://turbo.az/autos/10619055-lexus-gs-300
Land,Rover Discovery Sport,32000.0,AZN,2015,2.0 L,99000,Bakı,https://turbo.az/autos/10077760-land-rover-discovery-sport
Mercedes,C 240,11500.0,AZN,1998,2.4 L,258000,Bakı,https://turbo.az/autos/10496167-mercedes-c-240
Ford,Fusion (North America),16600.0,AZN,2016,1.5 L,186000,Bakı,https://turbo.az/autos/10633602-ford-fusion-north-america
Kia,Sorento,8500.0,AZN,2006,3.8 L,365000,Bakı,https://turbo.az/autos/10452844-kia-sorento
Kia,K3,20900.0,AZN,2016,1.6 L,195000,Bakı,https://turbo.az/autos/10150563-kia-k3
Mazda,CX-5,27000.0,AZN,2015,2.0 L,104000,Bakı,https://turbo.az/autos/10466780-mazda-cx-5
Mitsubishi,L200,40200.0,AZN,2020,2.4 L,124000,Gəncə,https://turbo.az/autos/10415205-mitsubishi-l200
BMW,520,52500.0,AZN,2022,2.0 L,118500,Bakı,https://turbo.az/autos/10392786-bmw-520
LADA,(VAZ) 2107,4600.0,AZN,2010,1.6 L,100000,Bakı,https://turbo.az/autos/10582917-lada-vaz-2107
Haval,M6,34900.0,AZN,2026,1.5 L,0,Bakı,https://turbo.az/autos/8904049-haval-m6
Haval,H6,40900.0,AZN,2026,1.5 L,0,Bakı,https://turbo.az/autos/10134357-haval-h6
Toyota,Camry,61500.0,AZN,2026,2.0 L,0,Bakı,https://turbo.az/autos/9601478-toyota-camry
Opel,Astra,8800.0,AZN,2001,1.8 L,255500,Bakı,https://turbo.az/autos/10621982-opel-astra
Kia,Optima,27000.0,AZN,2016,2.0 L,65000,Bakı,https://turbo.az/autos/10586587-kia-optima
Hyundai,Grandeur,59900.0,AZN,2023,1.6 L,34000,Bakı,https://turbo.az/autos/10556929-hyundai-grandeur
LADA,(VAZ) Priora,12200.0,AZN,2015,1.6 L,145109,Bakı,https://turbo.az/autos/10621623-lada-vaz-priora
Avatr,07,59500.0,AZN,2025,1.5 L,33000,Bakı,https://turbo.az/autos/10571239-avatr-07
BMW,i5,101900.0,AZN,2025,,15800,Bakı,https://turbo.az/autos/9980676-bmw-i5
Changan,Qiyuan Q07,42900.0,AZN,2025,1.5 L,0,Bakı,https://turbo.az/autos/10005775-changan-qiyuan-q07
ROX,(Polar Stone) Adamas,130900.0,AZN,2026,1.5 L,0,Bakı,https://turbo.az/autos/10243317-rox-polar-stone-adamas
Haval,H9,71900.0,AZN,2026,2.0 L,0,Bakı,https://turbo.az/autos/10465307-haval-h9
Toyota,Land Cruiser Prado,33300.0,AZN,2010,2.7 L,205000,Bakı,https://turbo.az/autos/10038573-toyota-land-cruiser-prado
Land,Rover RR Velar,54900.0,AZN,2018,2.0 L,133000,Bakı,https://turbo.az/autos/10550425-land-rover-rr-velar
Kia,Optima,24300.0,AZN,2020,1.6 L,181000,Bakı,https://turbo.az/autos/10571237-kia-optima
Ford,Explorer,13500.0,AZN,2007,4.0 L,366000,Bakı,https://turbo.az/autos/10601798-ford-explorer
Chevrolet,Aveo,12000.0,AZN,2015,1.4 L,204000,Bakı,https://turbo.az/autos/10603904-chevrolet-aveo
SEAT,Ibiza,5900.0,AZN,2012,1.4 L,370000,Bakı,https://turbo.az/autos/10616433-seat-ibiza
Chevrolet,Cruze,12000.0,AZN,2013,1.4 L,300000,Bakı,https://turbo.az/autos/10631116-chevrolet-cruze
Hyundai,Accent,22900.0,AZN,2019,1.6 L,98000,Bakı,https://turbo.az/autos/10632029-hyundai-accent
Hyundai,Santa Fe,26900.0,AZN,2013,2.4 L,190000,Bakı,https://turbo.az/autos/10635981-hyundai-santa-fe
Changan,Uni-Z,32500.0,AZN,2025,1.5 L,35000,Bakı,https://turbo.az/autos/10556603-changan-uni-z
Changan,Qiyuan Q07,47000.0,AZN,2025,1.5 L,1800,Bakı,https://turbo.az/autos/10613563-changan-qiyuan-q07
BMW,530,38900.0,AZN,2017,2.0 L,189000,Bakı,https://turbo.az/autos/10635980-bmw-530
Toyota,RAV4,63500.0,AZN,2025,2.5 L,3800,Bakı,https://turbo.az/autos/10626308-toyota-rav4
Hyundai,ix35,23500.0,AZN,2014,2.0 L,219215,Bakı,https://turbo.az/autos/10502165-hyundai-ix35
JMC,Carrying 4x2,34500.0,AZN,2026,2.8 L,0,Bakı,https://turbo.az/autos/8675975-jmc-carrying-4x2
Mitsubishi,Outlander,21900.0,AZN,2022,2.5 L,49200,Bakı,https://turbo.az/autos/10632152-mitsubishi-outlander
Land,Rover Range Rover,63000.0,AZN,2015,3.0 L,137500,Bakı,https://turbo.az/autos/10603582-land-rover-range-rover
Chevrolet,Cobalt,19000.0,AZN,2026,1.5 L,5000,Bakı,https://turbo.az/autos/10596886-chevrolet-cobalt
JMC,Carrying 4x2,32500.0,AZN,2026,2.8 L,0,Bakı,https://turbo.az/autos/8994316-jmc-carrying-4x2
Toyota,Camry,57000.0,AZN,2025,2.0 L,0,Bakı,https://turbo.az/autos/10590505-toyota-camry
Hyundai,ix35,22500.0,AZN,2012,2.0 L,259000,Bakı,https://turbo.az/autos/10629514-hyundai-ix35
Mercedes,C 200,8400.0,AZN,1996,2.0 L,450000,Bakı,https://turbo.az/autos/10556244-mercedes-c-200
JMC,Conquer 4x2,49900.0,AZN,2026,2.9 L,0,Bakı,https://turbo.az/autos/8871828-jmc-conquer-4x2
Kia,Forte,18200.0,AZN,2015,1.8 L,205996,Bakı,https://turbo.az/autos/10591052-kia-forte
Changan,Eado,28200.0,AZN,2025,1.5 L,0,Bakı,https://turbo.az/autos/10616961-changan-eado
Hyundai,Santa Fe,24200.0,AZN,2014,2.4 L,144000,Gəncə,https://turbo.az/autos/10626462-hyundai-santa-fe
BMW,530e,73100.0,AZN,2022,2.0 L,53000,Bakı,https://turbo.az/autos/10617175-bmw-530e
JMC,Conquer 4x2,44900.0,AZN,2026,2.9 L,0,Bakı,https://turbo.az/autos/9152752-jmc-conquer-4x2
Mercedes,E 280 4MATIC,9500.0,AZN,1996,2.8 L,670000,Biləsuvar,https://turbo.az/autos/10635978-mercedes-e-280-4matic
Kia,Sorento,36300.0,AZN,2017,2.0 L,179000,Bakı,https://turbo.az/autos/10575042-kia-sorento
Changan,K50 (Hunter),49500.0,AZN,2025,2.0 L,0,Bakı,https://turbo.az/autos/10572562-changan-k50-hunter
Hyundai,Santa Fe,43300.0,AZN,2019,2.0 L,113523,Bakı,https://turbo.az/autos/10607760-hyundai-santa-fe
Suzuki,GSX-8R,26700.0,AZN,2026,0.8 L,0,Sifarişlə,https://turbo.az/autos/9145915-suzuki-gsx-8r
Audi,A6,127827.0,AZN,2025,2.0 L,0,Bakı,https://turbo.az/autos/10003032-audi-a6
Toyota,Land Cruiser Prado,104550.0,AZN,2026,2.7 L,0,Bakı,https://turbo.az/autos/10053981-toyota-land-cruiser-prado
Mercedes,G 63 AMG,544000.0,AZN,2024,4.0 L,7167,Bakı,https://turbo.az/autos/10613602-mercedes-g-63-amg
Kia,Sorento,59500.0,AZN,2022,1.6 L,115000,Sumqayıt,https://turbo.az/autos/10349446-kia-sorento
Hyundai,Elantra,19900.0,AZN,2014,1.8 L,88600,Gəncə,https://turbo.az/autos/10383250-hyundai-elantra
Maserati,Levante,76500.0,AZN,2017,3.0 L,98000,Bakı,https://turbo.az/autos/10504740-maserati-levante
Toyota,Corolla,35500.0,AZN,2025,1.8 L,0,Bakı,https://turbo.az/autos/10507689-toyota-corolla
Li,Auto L9,89000.0,AZN,2024,1.5 L,15000,Bakı,https://turbo.az/autos/10560033-li-auto-l9
Lexus,ES 300h,77000.0,AZN,2023,2.5 L,28000,Bakı,https://turbo.az/autos/10563868-lexus-es-300h
BMW,528,29700.0,AZN,2015,2.0 L,135000,Bakı,https://turbo.az/autos/10606009-bmw-528
Chevrolet,Cruze,15990.0,AZN,2018,1.4 L,77000,Bakı,https://turbo.az/autos/10628308-chevrolet-cruze
Mercedes,GL 350 4MATIC,52000.0,AZN,2013,3.0 L,239000,Bakı,https://turbo.az/autos/10175925-mercedes-gl-350-4matic
Hyundai,Elantra,17300.0,AZN,2014,1.8 L,186515,Bakı,https://turbo.az/autos/10601203-hyundai-elantra
Toyota,RAV4,62900.0,AZN,2026,2.0 L,0,Bakı,https://turbo.az/autos/10469541-toyota-rav4
Toyota,Land Cruiser Prado,49900.0,AZN,2014,2.7 L,173523,Bakı,https://turbo.az/autos/10479516-toyota-land-cruiser-prado
Hyundai,Sonata,23500.0,AZN,2017,2.0 L,174000,Bakı,https://turbo.az/autos/10443874-hyundai-sonata
Hyundai,Veloster,13700.0,AZN,2015,1.6 L,129433,Bakı,https://turbo.az/autos/10635972-hyundai-veloster
BMW,528,28300.0,AZN,2015,2.0 L,184000,Bakı,https://turbo.az/autos/10613382-bmw-528
Toyota,Land Cruiser,44500.0,AZN,2009,4.7 L,156112,Bakı,https://turbo.az/autos/10458219-toyota-land-cruiser
GAZ,"3110 ""Volga""",4300.0,AZN,2002,2.3 L,444400,Sumqayıt,https://turbo.az/autos/10635973-gaz-3110-volga
Hyundai,Elantra,18600.0,AZN,2014,1.8 L,88222,Bakı,https://turbo.az/autos/10635974-hyundai-elantra
Isuzu,NovoCiti,215000.0,AZN,2026,5.2 L,0,Bakı,https://turbo.az/autos/9616150-isuzu-novociti
Kia,Rio,24900.0,AZN,2021,1.6 L,44986,Bakı,https://turbo.az/autos/10458687-kia-rio
Hyundai,Elantra,24600.0,AZN,2018,2.0 L,187000,Bakı,https://turbo.az/autos/10615782-hyundai-elantra
BMW,X7,170000.0,AZN,2020,4.4 L,35000,Bakı,https://turbo.az/autos/10622678-bmw-x7
GAZ,"24 ""Volga""",2700.0,AZN,1979,2.5 L,203877,Sumqayıt,https://turbo.az/autos/10560972-gaz-24-volga
LADA,(VAZ) Niva,20900.0,AZN,2025,1.7 L,7000,Bakı,https://turbo.az/autos/10337372-lada-vaz-niva
Volkswagen,Passat,4300.0,AZN,2000,1.8 L,233900,Bakı,https://turbo.az/autos/10635969-volkswagen-passat
Hyundai,Palisade,72900.0,AZN,2023,2.2 L,63000,Bakı,https://turbo.az/autos/10611412-hyundai-palisade
Geely,Galaxy A7,34000.0,AZN,2025,1.5 L,0,Bakı,https://turbo.az/autos/10558402-geely-galaxy-a7
Nissan,Patrol,21500.0,AZN,1989,4.2 L,350000,Bakı,https://turbo.az/autos/10581105-nissan-patrol
Changan,Qiyuan Q07,44800.0,AZN,2025,1.5 L,0,Bakı,https://turbo.az/autos/9635981-changan-qiyuan-q07
BMW,530,59500.0,AZN,2020,2.0 L,53000,Bakı,https://turbo.az/autos/10616087-bmw-530
Toyota,Land Cruiser Prado,34800.0,AZN,2012,2.7 L,165000,Gəncə,https://turbo.az/autos/10590960-toyota-land-cruiser-prado
LADA,(VAZ) 2107,3800.0,AZN,2002,1.6 L,77584,Bakı,https://turbo.az/autos/10541810-lada-vaz-2107
BYD,Qin Plus,25000.0,AZN,2025,1.5 L,0,Bakı,https://turbo.az/autos/9685499-byd-qin-plus
Hyundai,Palisade,109900.0,AZN,2026,2.5 L,0,Sifarişlə,https://turbo.az/autos/9691111-hyundai-palisade
Changan,Deepal S07,35900.0,AZN,2024,1.5 L,12950,Bakı,https://turbo.az/autos/10029384-changan-deepal-s07
GAC,Emkoo,42900.0,AZN,2026,2.0 L,0,Bakı,https://turbo.az/autos/10293678-gac-emkoo
BMW,X5,22000.0,AZN,2005,4.8 L,212000,Bakı,https://turbo.az/autos/10431317-bmw-x5
Mercedes,CLS 500,17800.0,AZN,2004,5.0 L,306006,Bakı,https://turbo.az/autos/10526916-mercedes-cls-500
Hyundai,Sonata,24900.0,AZN,2018,2.0 L,175000,Bakı,https://turbo.az/autos/10532692-hyundai-sonata
Hyundai,Accent,14500.0,AZN,2018,1.4 L,225897,Bakı,https://turbo.az/autos/10585835-hyundai-accent
Land,Rover RR Sport,37800.0,AZN,2014,3.0 L,300000,Bakı,https://turbo.az/autos/10612651-land-rover-rr-sport
Nissan,Note,11999.0,AZN,2011,1.6 L,66500,Bakı,https://turbo.az/autos/10622767-nissan-note
LADA,(VAZ) 2107,6200.0,AZN,2010,1.6 L,75600,Bakı,https://turbo.az/autos/10627411-lada-vaz-2107
Kia,Rio,13800.0,AZN,2008,1.4 L,168000,Sumqayıt,https://turbo.az/autos/10630833-kia-rio
Lynk,& Co 900,98900.0,AZN,2026,1.5 L,0,Bakı,https://turbo.az/autos/10531612-lynk-co-900
GAZ,GAZel (33021),13800.0,AZN,2007,2.7 L,235000,Bakı,https://turbo.az/autos/10635965-gaz-gazel-33021
Toyota,Land Cruiser,35500.0,AZN,2008,4.0 L,185000,Bakı,https://turbo.az/autos/10633806-toyota-land-cruiser
Kia,Sportage,21300.0,AZN,2012,2.0 L,178000,Bakı,https://turbo.az/autos/10611871-kia-sportage
Nissan,Qashqai,44900.0,AZN,2026,1.3 L,0,Bakı,https://turbo.az/autos/10514057-nissan-qashqai
Lynk,& Co 900,94490.0,AZN,2025,1.5 L,0,Bakı,https://turbo.az/autos/10634354-lynk-co-900
Changan,Uni-Z,35000.0,AZN,2025,1.5 L,0,Bakı,https://turbo.az/autos/10630703-changan-uni-z
Land,Rover Range Rover,35000.0,AZN,2011,5.0 L,186970,Bakı,https://turbo.az/autos/10635968-land-rover-range-rover
Changan,Qiyuan Q07,41900.0,AZN,2025,1.5 L,1000,Bakı,https://turbo.az/autos/10573228-changan-qiyuan-q07
Kia,Sorento,44800.0,AZN,2021,1.6 L,51400,Bakı,https://turbo.az/autos/10601813-kia-sorento
XPeng,G9,59900.0,AZN,2024,,43400,Bakı,https://turbo.az/autos/10445468-xpeng-g9
Changan,Qiyuan Q07,47500.0,AZN,2025,1.5 L,0,Bakı,https://turbo.az/autos/10549633-changan-qiyuan-q07
Land,Rover Range Rover,64500.0,AZN,2017,3.0 L,240899,Bakı,https://turbo.az/autos/10503255-land-rover-range-rover
Changan,Oshan X5 Plus,25290.0,AZN,2025,1.5 L,0,Bakı,https://turbo.az/autos/10586199-changan-oshan-x5-plus
BMW,330e,26800.0,AZN,2016,2.0 L,199000,Bakı,https://turbo.az/autos/10635954-bmw-330e
Mercedes,E 220,8699.0,AZN,1998,2.2 L,420000,Bakı,https://turbo.az/autos/10590470-mercedes-e-220
Hyundai,i40,21500.0,AZN,2012,1.7 L,224123,Sumqayıt,https://turbo.az/autos/10050561-hyundai-i40
Toyota,Corolla,12500.0,AZN,2006,1.4 L,312000,Bakı,https://turbo.az/autos/10616387-toyota-corolla
Changan,Eado,27500.0,AZN,2025,1.5 L,24000,Bakı,https://turbo.az/autos/10554826-changan-eado
BYD,Leopard 7,75500.0,AZN,2026,1.5 L,0,Bakı,https://turbo.az/autos/10531327-byd-leopard-7
Mercedes,C 240,8400.0,AZN,2004,2.6 L,240848,Bakı,https://turbo.az/autos/10631173-mercedes-c-240
Hyundai,Sonata,26700.0,AZN,2018,2.0 L,107000,Bakı,https://turbo.az/autos/10606013-hyundai-sonata
Jeep,Wrangler,50000.0,AZN,2014,2.8 L,220000,Bakı,https://turbo.az/autos/10238642-jeep-wrangler
Toyota,Land Cruiser Prado,27900.0,AZN,2008,2.7 L,196000,Bakı,https://turbo.az/autos/10602331-toyota-land-cruiser-prado
Chery,Tiggo 2 Pro Max,29900.0,AZN,2026,1.5 L,0,Bakı,https://turbo.az/autos/9626285-chery-tiggo-2-pro-max
Bestune,T77,30000.0,AZN,2026,1.5 L,0,Bakı,https://turbo.az/autos/10147453-bestune-t77
Avatr,07,69900.0,AZN,2025,1.5 L,0,Bakı,https://turbo.az/autos/10532066-avatr-07
Haojue,UHR 150,6560.0,AZN,2026,,0,Sifarişlə,https://turbo.az/autos/10560214-haojue-uhr-150
Kia,Sorento,40899.0,AZN,2018,2.0 L,125000,Bakı,https://turbo.az/autos/10045193-kia-sorento
Mercedes,S 350,35500.0,AZN,2013,3.5 L,170000,Bakı,https://turbo.az/autos/10535282-mercedes-s-350
Volkswagen,ID.4 Crozz,30999.0,AZN,2024,,34000,Bakı,https://turbo.az/autos/10558304-volkswagen-id-4-crozz
Volvo,XC90,75900.0,AZN,2022,2.0 L,58000,Bakı,https://turbo.az/autos/10577327-volvo-xc90
Toyota,Auris,12800.0,AZN,2009,1.4 L,304123,Sumqayıt,https://turbo.az/autos/10596464-toyota-auris
BMW,i4,57000.0,AZN,2023,,38000,Bakı,https://turbo.az/autos/10612632-bmw-i4
Ford,Edge,30700.0,AZN,2018,2.0 L,150000,Bakı,https://turbo.az/autos/10621907-ford-edge
LADA,(VAZ) Niva Pickup (2328/2329),14200.0,AZN,2014,1.7 L,129000,Bakı,https://turbo.az/autos/10626127-lada-vaz-niva-pickup-2328-2329
Kia,Sorento,24000.0,AZN,2011,2.0 L,236994,Bakı,https://turbo.az/autos/10608326-kia-sorento
Toyota,Camry,62500.0,AZN,2026,2.0 L,0,Bakı,https://turbo.az/autos/10623388-toyota-camry
Hyundai,Accent,6200.0,AZN,2007,1.5 L,248741,Bakı,https://turbo.az/autos/10601503-hyundai-accent
Toyota,Land Cruiser Prado,37900.0,AZN,2012,2.7 L,186000,Bakı,https://turbo.az/autos/10617158-toyota-land-cruiser-prado
Hyundai,Elantra,23000.0,AZN,2017,2.0 L,101850,Bakı,https://turbo.az/autos/10586822-hyundai-elantra
Changan,Deepal S07,39900.0,AZN,2025,1.5 L,0,Bakı,https://turbo.az/autos/10608635-changan-deepal-s07
Audi,A4,7200.0,AZN,2007,2.0 L,272000,Bakı,https://turbo.az/autos/10615096-audi-a4
Hyundai,i40,16900.0,AZN,2012,2.0 L,211000,Bakı,https://turbo.az/autos/10616419-hyundai-i40
Toyota,Land Cruiser Prado,38500.0,AZN,2009,4.0 L,362000,Bakı,https://turbo.az/autos/10635962-toyota-land-cruiser-prado
Hyundai,Santa Fe,29500.0,AZN,2014,2.4 L,114000,Bakı,https://turbo.az/autos/10619775-hyundai-santa-fe
Changan,Uni-Z,33300.0,AZN,2025,1.5 L,0,Bakı,https://turbo.az/autos/10625651-changan-uni-z
Daewoo,Nexia,1900.0,AZN,2006,1.5 L,320971,Quba,https://turbo.az/autos/10439431-daewoo-nexia
Mercedes,E 250,26700.0,AZN,2014,2.1 L,301700,Bakı,https://turbo.az/autos/10635956-mercedes-e-250
Changan,Qiyuan Q07,42400.0,AZN,2025,1.5 L,0,Bakı,https://turbo.az/autos/10573789-changan-qiyuan-q07
Chevrolet,Equinox,20900.0,AZN,2019,1.5 L,100161,Bakı,https://turbo.az/autos/10555652-chevrolet-equinox
Hyundai,Elantra,24300.0,AZN,2019,2.0 L,94000,Bakı,https://turbo.az/autos/10613369-hyundai-elantra
Lexus,ES 250,72500.0,AZN,2022,2.5 L,29000,Bakı,https://turbo.az/autos/10635961-lexus-es-250
JAC,JS4,22000.0,AZN,2026,1.5 L,0,Bakı,https://turbo.az/autos/9713770-jac-js4
Hyundai,ix35,24500.0,AZN,2014,2.0 L,157000,Bakı,https://turbo.az/autos/10266009-hyundai-ix35
Nissan,Note,12300.0,AZN,2014,1.2 L,130000,Bakı,https://turbo.az/autos/10626778-nissan-note
Changan,Oshan X5 Plus,26600.0,AZN,2026,1.5 L,0,Bakı,https://turbo.az/autos/10630810-changan-oshan-x5-plus
Mercedes,E 240,12300.0,AZN,1999,2.4 L,330000,Bakı,https://turbo.az/autos/10625404-mercedes-e-240
Toyota,Frontlander,44500.0,AZN,2025,2.0 L,4500,Tovuz,https://turbo.az/autos/10635958-toyota-frontlander
Changan,Oshan X5 Plus,24996.0,AZN,2025,1.5 L,0,Bakı,https://turbo.az/autos/10630806-changan-oshan-x5-plus
Mitsubishi,Pajero Sport,91700.0,AZN,2026,3.0 L,0,Bakı,https://turbo.az/autos/8605459-mitsubishi-pajero-sport
JETOUR,Dashing,39900.0,AZN,2024,1.6 L,0,Bakı,https://turbo.az/autos/10059727-jetour-dashing
Denza,N9,117300.0,AZN,2025,2.0 L,10000,Bakı,https://turbo.az/autos/10287899-denza-n9
Toyota,Camry,59900.0,AZN,2021,2.5 L,52000,Bakı,https://turbo.az/autos/10564700-toyota-camry
Chevrolet,Nexia,14500.0,AZN,2023,1.5 L,236000,Bakı,https://turbo.az/autos/10311832-chevrolet-nexia
Subaru,Tribeca,14500.0,AZN,2008,3.6 L,211000,Bakı,https://turbo.az/autos/10437689-subaru-tribeca
ZEEKR,001,130000.0,AZN,2024,,23000,Bakı,https://turbo.az/autos/10490983-zeekr-001
Honda,Insight,21900.0,AZN,2018,1.5 L,212000,Bakı,https://turbo.az/autos/10518565-honda-insight
Toyota,Highlander,70500.0,AZN,2022,2.5 L,65000,Bakı,https://turbo.az/autos/10554009-toyota-highlander
BMW,530e,35014.0,AZN,2018,2.0 L,191512,Bakı,https://turbo.az/autos/10616457-bmw-530e
Opel,Astra,12900.0,AZN,2009,1.4 L,278000,Şəki,https://turbo.az/autos/10625031-opel-astra
Lincoln,MKZ,27000.0,AZN,2018,2.0 L,188000,Bakı,https://turbo.az/autos/10630368-lincoln-mkz
Toyota,Frontlander,44500.0,AZN,2025,2.0 L,4500,Tovuz,https://turbo.az/autos/10635958-toyota-frontlander
Changan,Oshan X5 Plus,24996.0,AZN,2025,1.5 L,0,Bakı,https://turbo.az/autos/10630806-changan-oshan-x5-plus
Kia,Sorento,48000.0,AZN,2020,2.2 L,119000,Bakı,https://turbo.az/autos/10635959-kia-sorento
Kia,K5,33400.0,AZN,2021,1.6 L,53000,Bakı,https://turbo.az/autos/10634669-kia-k5
Nissan,Teana,16700.0,AZN,2012,2.5 L,260000,Bakı,https://turbo.az/autos/10632796-nissan-teana
Hyundai,Sonata,20500.0,AZN,2015,2.0 L,216123,Bakı,https://turbo.az/autos/10428955-hyundai-sonata
Mercedes,Axor 1829,46000.0,AZN,2008,6.4 L,100000,Bakı,https://turbo.az/autos/10615990-mercedes-axor-1829
Toyota,Camry,22400.0,AZN,2013,2.5 L,293800,Bakı,https://turbo.az/autos/10635947-toyota-camry
Hyundai,Elantra,33500.0,AZN,2026,1.5 L,0,Bakı,https://turbo.az/autos/10625639-hyundai-elantra
Chevrolet,Malibu,15900.0,AZN,2017,1.5 L,203000,Bakı,https://turbo.az/autos/10462789-chevrolet-malibu
Toyota,Corolla,14900.0,AZN,2006,1.4 L,304500,Bakı,https://turbo.az/autos/10616613-toyota-corolla
Kia,Sorento,55500.0,AZN,2022,1.6 L,104500,Bakı,https://turbo.az/autos/10630453-kia-sorento
LADA,(VAZ) Niva,16800.0,AZN,2018,1.7 L,31000,Bakı,https://turbo.az/autos/10635952-lada-vaz-niva
Mercedes,E 220,19750.0,AZN,2007,2.2 L,234000,Bakı,https://turbo.az/autos/10208768-mercedes-e-220
Hyundai,Santa Fe,41300.0,AZN,2018,2.0 L,174000,Bakı,https://turbo.az/autos/10385990-hyundai-santa-fe
LADA,(VAZ) 2115,8400.0,AZN,2010,1.6 L,126000,Gəncə,https://turbo.az/autos/10601800-lada-vaz-2115
Ford,Fusion (North America),25800.0,AZN,2019,2.0 L,112000,Bakı,https://turbo.az/autos/10633032-ford-fusion-north-america
Mercedes,C 200,7900.0,AZN,1997,2.0 L,400000,Bakı,https://turbo.az/autos/10635950-mercedes-c-200
Ford,Fusion (North America),19800.0,AZN,2020,1.5 L,188000,Bakı,https://turbo.az/autos/10630928-ford-fusion-north-america
Isuzu,Ecobus,35000.0,AZN,2012,4.5 L,800000,Sumqayıt,https://turbo.az/autos/10631664-isuzu-ecobus
Chevrolet,Malibu,17300.0,AZN,2018,1.5 L,61548,Bakı,https://turbo.az/autos/10625540-chevrolet-malibu
Toyota,Camry,42000.0,AZN,2021,2.5 L,96553,Bakı,https://turbo.az/autos/10438161-toyota-camry
Hyundai,Elantra,21300.0,AZN,2016,2.0 L,120701,Bakı,https://turbo.az/autos/10579737-hyundai-elantra
Chevrolet,Cruze,13800.0,AZN,2013,1.4 L,232000,Bakı,https://turbo.az/autos/10623171-chevrolet-cruze
DongFeng,Aeolus Huge,41900.0,AZN,2026,1.5 L,0,Bakı,https://turbo.az/autos/8527806-dongfeng-aeolus-huge
Seres,Aito M7,65620.0,AZN,2025,1.5 L,0,Bakı,https://turbo.az/autos/9433588-seres-aito-m7
Hyundai,Santa Fe,89900.0,AZN,2025,1.6 L,0,Bakı,https://turbo.az/autos/9568684-hyundai-santa-fe
Toyota,Corolla,39999.0,AZN,2026,1.8 L,0,Bakı,https://turbo.az/autos/10499087-toyota-corolla
Toyota,bZ4X,34500.0,AZN,2023,,67000,Bakı,https://turbo.az/autos/10390717-toyota-bz4x
Volkswagen,Passat,5900.0,AZN,2002,1.8 L,364000,Bakı,https://turbo.az/autos/10420821-volkswagen-passat
Volkswagen,ID.6 Crozz,30000.0,AZN,2023,,80290,Bakı,https://turbo.az/autos/10527209-volkswagen-id-6-crozz
Mercedes,C 300,31500.0,AZN,2016,2.0 L,151000,Bakı,https://turbo.az/autos/10540369-mercedes-c-300
Chevrolet,Malibu,19900.0,AZN,2019,1.5 L,239000,Bakı,https://turbo.az/autos/10582364-chevrolet-malibu
Honda,Civic,9500.0,AZN,2007,1.3 L,530000,Bakı,https://turbo.az/autos/10606780-honda-civic
Mercedes,Vito,18500.0,AZN,2010,2.1 L,375000,Bakı,https://turbo.az/autos/10606809-mercedes-vito
Hyundai,Elantra,21950.0,AZN,2018,1.6 L,180000,Bakı,https://turbo.az/autos/10613109-hyundai-elantra
Kia,Sorento,25500.0,AZN,2013,2.0 L,220000,Bakı,https://turbo.az/autos/10580389-kia-sorento
Land,Rover Range Rover,24000.0,AZN,2007,4.2 L,191000,Bakı,https://turbo.az/autos/10600391-land-rover-range-rover
Kia,Sorento,36900.0,AZN,2017,2.2 L,230000,Gəncə,https://turbo.az/autos/10593267-kia-sorento
Mercedes,Sprinter 311,15700.0,AZN,1999,2.9 L,550000,Bakı,https://turbo.az/autos/10563484-mercedes-sprinter-311
Ford,Focus,11500.0,AZN,2013,1.6 L,227421,Sumqayıt,https://turbo.az/autos/10552518-ford-focus
Chevrolet,Malibu,18900.0,AZN,2020,1.5 L,159325,Bakı,https://turbo.az/autos/10631687-chevrolet-malibu
Chevrolet,Aveo,4200.0,AZN,2014,1.4 L,290000,Bakı,https://turbo.az/autos/10635934-chevrolet-aveo
LADA,(VAZ) 2101,1700.0,AZN,1987,1.2 L,280000,Bakı,https://turbo.az/autos/10635944-lada-vaz-2101
Changan,Eado,28000.0,AZN,2025,1.5 L,0,Bakı,https://turbo.az/autos/9886764-changan-eado
Toyota,Wildlander,63900.0,AZN,2026,2.0 L,0,Bakı,https://turbo.az/autos/10494492-toyota-wildlander
Chevrolet,Equinox,19800.0,AZN,2018,1.5 L,144000,Bakı,https://turbo.az/autos/10578233-chevrolet-equinox
BMW,X3,62050.0,AZN,2022,2.0 L,65500,Bakı,https://turbo.az/autos/10538639-bmw-x3
BMW,528,22800.0,AZN,2013,2.0 L,257000,Bakı,https://turbo.az/autos/10596991-bmw-528
Mercedes,S 500 4MATIC,263330.0,AZN,2025,3.0 L,24999,Bakı,https://turbo.az/autos/10256788-mercedes-s-500-4matic
Hyundai,Accent,9800.0,AZN,2007,1.5 L,298000,Bakı,https://turbo.az/autos/10526839-hyundai-accent
ZEEKR,001,55900.0,AZN,2024,,22500,Bakı,https://turbo.az/autos/10628301-zeekr-001
Porsche,Cayenne,36500.0,AZN,2012,3.6 L,188000,Bakı,https://turbo.az/autos/10624135-porsche-cayenne
Chevrolet,Cruze,10500.0,AZN,2012,1.4 L,417000,Sumqayıt,https://turbo.az/autos/10579654-chevrolet-cruze
Mercedes,E 320,15000.0,AZN,2001,3.2 L,235800,Bakı,https://turbo.az/autos/10635942-mercedes-e-320
Xiaomi,SU7,78200.0,AZN,2024,,11000,Bakı,https://turbo.az/autos/10583748-xiaomi-su7
Hyundai,Sonata,34000.0,AZN,2023,2.0 L,85000,Xırdalan,https://turbo.az/autos/10584026-hyundai-sonata
Mercedes,C 200,12900.0,AZN,1998,2.0 L,330000,Saatlı,https://turbo.az/autos/10616247-mercedes-c-200
Volvo,XC90,70500.0,AZN,2020,2.0 L,54000,Bakı,https://turbo.az/autos/10222625-volvo-xc90
Hyundai,Elantra,18000.0,AZN,2013,1.8 L,115233,Bakı,https://turbo.az/autos/10540239-hyundai-elantra
DFSK,Fengon 380,26900.0,AZN,2025,1.5 L,0,Bakı,https://turbo.az/autos/10061704-dfsk-fengon-380
Volkswagen,ID.7,59900.0,AZN,2024,,0,Bakı,https://turbo.az/autos/10320445-volkswagen-id-7
Changan,Qiyuan Q07,47390.0,AZN,2025,1.5 L,0,Bakı,https://turbo.az/autos/10452609-changan-qiyuan-q07
Nissan,Qashqai,44900.0,AZN,2026,1.3 L,0,Bakı,https://turbo.az/autos/10514057-nissan-qashqai
Jeep,Wrangler,46750.0,AZN,2020,2.0 L,92000,Bakı,https://turbo.az/autos/10445399-jeep-wrangler
BMW,530,41200.0,AZN,2018,2.0 L,153000,Bakı,https://turbo.az/autos/10480165-bmw-530
Mercedes,Vito 115 CDI,18499.0,AZN,2008,2.1 L,620000,Bakı,https://turbo.az/autos/10501466-mercedes-vito-115-cdi
Dodge,Durango,22000.0,AZN,2012,3.6 L,257000,Bakı,https://turbo.az/autos/10543698-dodge-durango
Nissan,Patrol,32000.0,AZN,2005,3.0 L,204880,Bakı,https://turbo.az/autos/10602134-nissan-patrol
Opel,Astra,9900.0,AZN,2006,1.3 L,227664,Bakı,https://turbo.az/autos/10606392-opel-astra
Mercedes,Axor 1829,46000.0,AZN,2008,6.4 L,100000,Bakı,https://turbo.az/autos/10615990-mercedes-axor-1829
BMW,525,14000.0,AZN,2000,2.5 L,595000,Beyləqan,https://turbo.az/autos/10632428-bmw-525
Nissan,Teana,11500.0,AZN,2006,2.3 L,85000,Bakı,https://turbo.az/autos/10623041-nissan-teana
Hyundai,Sonata,38500.0,AZN,2023,2.0 L,50000,Bakı,https://turbo.az/autos/10580756-hyundai-sonata
Nissan,Note,17700.0,AZN,2020,1.2 L,69700,Sumqayıt,https://turbo.az/autos/10508897-nissan-note
Opel,Astra,12900.0,AZN,2009,1.4 L,278000,Şəki,https://turbo.az/autos/10625031-opel-astra
LADA,(VAZ) 21011,2300.0,AZN,1985,1.3 L,989894,Quba,https://turbo.az/autos/10635941-lada-vaz-21011
Mercedes,C 240,8400.0,AZN,2000,2.6 L,676000,Bakı,https://turbo.az/autos/10635188-mercedes-c-240
Jeep,Wrangler,24650.0,AZN,2011,3.6 L,174000,Bakı,https://turbo.az/autos/10621341-jeep-wrangler
Changan,Uni-Z,34900.0,AZN,2025,1.5 L,0,Sumqayıt,https://turbo.az/autos/10531716-changan-uni-z
Chevrolet,Cobalt,22000.0,AZN,2024,1.5 L,18000,Sumqayıt,https://turbo.az/autos/10629907-chevrolet-cobalt
Dodge,Charger,19500.0,AZN,2012,3.6 L,270000,Bakı,https://turbo.az/autos/10626574-dodge-charger
Chevrolet,Malibu,17700.0,AZN,2017,1.5 L,245000,Bakı,https://turbo.az/autos/10635940-chevrolet-malibu
Toyota,RAV4,92500.0,AZN,2026,2.5 L,0,Lənkəran,https://turbo.az/autos/10410986-toyota-rav4
Mercedes,E 240,14300.0,AZN,2002,2.6 L,395000,Bakı,https://turbo.az/autos/10571312-mercedes-e-240
Kia,Sorento,27200.0,AZN,2012,2.0 L,233046,Bakı,https://turbo.az/autos/10603617-kia-sorento
Daewoo,Gentra,10000.0,AZN,2014,1.5 L,270000,Bakı,https://turbo.az/autos/10573960-daewoo-gentra
BMW,X5,35500.0,AZN,2012,3.0 L,228000,Bakı,https://turbo.az/autos/10591900-bmw-x5
Hyundai,Elantra,32900.0,AZN,2026,1.5 L,0,Lənkəran,https://turbo.az/autos/10607943-hyundai-elantra
Changan,Eado,28700.0,AZN,2025,1.5 L,0,Lənkəran,https://turbo.az/autos/10055458-changan-eado
BYD,Seal 05,24300.0,AZN,2025,1.5 L,65000,Bakı,https://turbo.az/autos/10623591-byd-seal-05
Land,Rover Range Rover,289000.0,AZN,2024,3.0 L,24000,Bakı,https://turbo.az/autos/10624290-land-rover-range-rover
Kia,Sorento,27900.0,AZN,2017,2.0 L,160000,Bakı,https://turbo.az/autos/10619139-kia-sorento
Hyundai,Accent,20900.0,AZN,2022,1.6 L,67000,Bakı,https://turbo.az/autos/9746764-hyundai-accent
Toyota,Land Cruiser Prado,26300.0,AZN,2006,4.0 L,319000,Bakı,https://turbo.az/autos/10622016-toyota-land-cruiser-prado
Mercedes,C 43 AMG 4MATIC,104550.0,AZN,2023,2.0 L,25000,Bakı,https://turbo.az/autos/10586904-mercedes-c-43-amg-4matic
Mitsubishi,L200,76400.0,AZN,2026,2.4 L,0,Sifarişlə,https://turbo.az/autos/9123564-mitsubishi-l200
GWM,(Great Wall Motor) Poer,50900.0,AZN,2026,2.0 L,0,Bakı,https://turbo.az/autos/9995424-gwm-great-wall-motor-poer
Cengo,NL-JA2+2,16700.0,AZN,2026,,0,Bakı,https://turbo.az/autos/10477215-cengo-nl-ja2-2
Changan,Uni-Z,36300.0,AZN,2025,1.5 L,0,Bakı,https://turbo.az/autos/10494397-changan-uni-z
Chevrolet,Cruze,15500.0,AZN,2014,1.4 L,111000,Bakı,https://turbo.az/autos/10417391-chevrolet-cruze
Bestune,T99,31600.0,AZN,2022,2.0 L,32000,Bakı,https://turbo.az/autos/10548690-bestune-t99
BMW,740,59500.0,AZN,2016,3.0 L,100000,Bakı,https://turbo.az/autos/10567843-bmw-740
Land,Rover RR Sport,177650.0,AZN,2022,3.0 L,56000,Bakı,https://turbo.az/autos/10601729-land-rover-rr-sport
Hyundai,Sonata,34900.0,AZN,2020,2.0 L,48000,Bakı,https://turbo.az/autos/10604577-hyundai-sonata
Hyundai,Sonata,29800.0,AZN,2020,1.6 L,75000,Bakı,https://turbo.az/autos/10613358-hyundai-sonata
Lexus,LS 600h L,12500.0,AZN,2007,4.6 L,230000,Bakı,https://turbo.az/autos/10623792-lexus-ls-600h-l
Toyota,Prius,10500.0,AZN,2006,1.5 L,482803,Sumqayıt,https://turbo.az/autos/10633458-toyota-prius
Audi,A6,127827.0,AZN,2025,2.0 L,0,Bakı,https://turbo.az/autos/10003032-audi-a6
Toyota,RAV4,62500.0,AZN,2026,2.0 L,0,Lənkəran,https://turbo.az/autos/10514692-toyota-rav4
Hyundai,Elantra,32900.0,AZN,2026,1.5 L,0,Lənkəran,https://turbo.az/autos/10617412-hyundai-elantra
Toyota,Corolla Cross,41700.0,AZN,2026,2.0 L,0,Lənkəran,https://turbo.az/autos/10481693-toyota-corolla-cross
Ford,Transit,37000.0,AZN,2015,2.2 L,237000,Bakı,https://turbo.az/autos/10468873-ford-transit
Denza,N9,129200.0,AZN,2025,2.0 L,0,Bakı,https://turbo.az/autos/9697406-denza-n9
Audi,Q5,136887.0,AZN,2026,2.0 L,0,Bakı,https://turbo.az/autos/10301076-audi-q5
Mercedes,C 180,6200.0,AZN,1995,1.8 L,325000,Gəncə,https://turbo.az/autos/10635939-mercedes-c-180
Mercedes,Sprinter 315,32500.0,AZN,2011,2.2 L,205645,Bakı,https://turbo.az/autos/10515076-mercedes-sprinter-315
Chevrolet,Cruze,10500.0,AZN,2013,1.4 L,253000,Bakı,https://turbo.az/autos/10542415-chevrolet-cruze
Chevrolet,Cobalt,13900.0,AZN,2022,1.5 L,162000,Xırdalan,https://turbo.az/autos/10546552-chevrolet-cobalt
Toyota,Avensis,13500.0,AZN,2005,2.0 L,400000,Gəncə,https://turbo.az/autos/10635936-toyota-avensis
BMW,X5,30500.0,AZN,2011,3.0 L,232000,Bakı,https://turbo.az/autos/10619400-bmw-x5
Mercedes,E 280,8000.0,AZN,1997,2.8 L,270000,Bakı,https://turbo.az/autos/10635937-mercedes-e-280
Chevrolet,Cruze,18000.0,AZN,2017,1.4 L,92194,Bakı,https://turbo.az/autos/10623378-chevrolet-cruze
LADA,(VAZ) 2107,8400.0,AZN,2007,1.6 L,90000,Sumqayıt,https://turbo.az/autos/10635938-lada-vaz-2107
Opel,Astra,11700.0,AZN,2006,1.3 L,400000,İmişli,https://turbo.az/autos/10635916-opel-astra
Toyota,Frontlander,44500.0,AZN,2026,2.0 L,0,Bakı,https://turbo.az/autos/10479529-toyota-frontlander
Kia,Sorento,44900.0,AZN,2019,2.0 L,174000,Bakı,https://turbo.az/autos/10592792-kia-sorento
Hyundai,Sonata,14500.0,AZN,2008,2.0 L,399000,Sumqayıt,https://turbo.az/autos/10522140-hyundai-sonata
Hyundai,Elantra,23900.0,AZN,2017,1.6 L,109000,Bakı,https://turbo.az/autos/10512111-hyundai-elantra
Kia,Sportage,14500.0,AZN,2007,2.0 L,392000,Sumqayıt,https://turbo.az/autos/10493069-kia-sportage
Toyota,Prius,10700.0,AZN,2008,1.5 L,250825,Bakı,https://turbo.az/autos/10625673-toyota-prius
BMW,i4,75900.0,AZN,2024,,4800,Bakı,https://turbo.az/autos/10627938-bmw-i4
Lynk,& Co 09,84900.0,AZN,2026,2.0 L,0,Bakı,https://turbo.az/autos/9904499-lynk-co-09
Hyundai,Santa Fe,59800.0,AZN,2024,1.6 L,700,Bakı,https://turbo.az/autos/9967684-hyundai-santa-fe
Toyota,Frontlander,44500.0,AZN,2026,2.0 L,0,Bakı,https://turbo.az/autos/10479529-toyota-frontlander
Toyota,RAV4,66500.0,AZN,2025,2.5 L,16500,Gəncə,https://turbo.az/autos/10618181-toyota-rav4
Mercedes,E 220,11000.0,AZN,1999,2.2 L,800000,Bakı,https://turbo.az/autos/9838168-mercedes-e-220
Chevrolet,Cruze,15500.0,AZN,2014,1.4 L,111000,Bakı,https://turbo.az/autos/10417391-chevrolet-cruze
BMW,330,39500.0,AZN,2019,2.0 L,120000,Bakı,https://turbo.az/autos/10447589-bmw-330
Chevrolet,Equinox,32800.0,AZN,2022,1.5 L,48000,Bakı,https://turbo.az/autos/10453912-chevrolet-equinox
Ford,Transit,19000.0,AZN,2007,2.4 L,999870,Bakı,https://turbo.az/autos/10591735-ford-transit
Lexus,LX 570,33500.0,AZN,2008,5.7 L,278000,Bakı,https://turbo.az/autos/10592284-lexus-lx-570
SEAT,Ibiza,6500.0,AZN,2011,1.6 L,285000,Bakı,https://turbo.az/autos/10595954-seat-ibiza
Chevrolet,Cruze,15000.0,AZN,2017,1.4 L,187000,Bakı,https://turbo.az/autos/10614326-chevrolet-cruze
Toyota,Camry,39500.0,AZN,2019,2.5 L,110500,Bakı,https://turbo.az/autos/10633320-toyota-camry
Mercedes,E 320,14500.0,AZN,2001,3.2 L,294800,Sumqayıt,https://turbo.az/autos/10489865-mercedes-e-320
Changan,Oshan X5 Plus,25200.0,AZN,2026,1.5 L,0,Bakı,https://turbo.az/autos/10626480-changan-oshan-x5-plus
Mercedes,S 320,9800.0,AZN,2001,3.2 L,310000,Sumqayıt,https://turbo.az/autos/10513035-mercedes-s-320
ZEEKR,007,64000.0,AZN,2024,,0,Bakı,https://turbo.az/autos/8799669-zeekr-007
Hyundai,Grandeur,59900.0,AZN,2023,1.6 L,18000,Bakı,https://turbo.az/autos/10572445-hyundai-grandeur
BMW,528,32500.0,AZN,2016,2.0 L,154500,Bakı,https://turbo.az/autos/10558442-bmw-528
BMW,i7,156230.0,AZN,2022,,19000,Bakı,https://turbo.az/autos/10371809-bmw-i7
Changan,CS 35,14900.0,AZN,2015,1.6 L,144000,Bakı,https://turbo.az/autos/10476554-changan-cs-35
Baic,BJ40,73500.0,AZN,2026,1.5 L,0,Bakı,https://turbo.az/autos/10635915-baic-bj40
Toyota,Land Cruiser,89930.0,AZN,2018,4.0 L,137000,Bakı,https://turbo.az/autos/10411560-toyota-land-cruiser
Honda,CR-V,17900.0,AZN,2008,2.4 L,207000,Bakı,https://turbo.az/autos/10512137-honda-cr-v
Chevrolet,Equinox,23500.0,AZN,2018,1.5 L,250695,Gəncə,https://turbo.az/autos/10505659-chevrolet-equinox
BMW,528,30800.0,AZN,2015,2.0 L,114000,Bakı,https://turbo.az/autos/10633295-bmw-528
Toyota,Camry,60800.0,AZN,2026,2.0 L,0,Bakı,https://turbo.az/autos/10479785-toyota-camry
Kia,Sorento,37500.0,AZN,2017,2.0 L,150000,Bakı,https://turbo.az/autos/10243016-kia-sorento
Hyundai,Sonata,18800.0,AZN,2013,2.0 L,100000,Bakı,https://turbo.az/autos/10635935-hyundai-sonata
Hyundai,Elantra,22800.0,AZN,2017,2.0 L,55000,Bakı,https://turbo.az/autos/10580387-hyundai-elantra
Mercedes,230 E,2900.0,AZN,1990,2.3 L,458000,Bakı,https://turbo.az/autos/10623964-mercedes-230-e
Chevrolet,Cruze,10800.0,AZN,2013,1.4 L,195000,Bakı,https://turbo.az/autos/10598582-chevrolet-cruze
KYC,V7 EV,55900.0,AZN,2025,,0,Bakı,https://turbo.az/autos/10145728-kyc-v7-ev
Changan,Uni-Z,35000.0,AZN,2025,1.5 L,0,Bakı,https://turbo.az/autos/10580135-changan-uni-z
Hyundai,Santa Fe,27700.0,AZN,2014,2.0 L,308000,Bakı,https://turbo.az/autos/10595549-hyundai-santa-fe
KYC,V5,32900.0,AZN,2026,1.5 L,0,Bakı,https://turbo.az/autos/10203420-kyc-v5
DongFeng,Aeolus Shine GS,30900.0,AZN,2025,1.5 L,0,Bakı,https://turbo.az/autos/8561722-dongfeng-aeolus-shine-gs
Toyota,Camry,76330.0,AZN,2026,2.5 L,0,Bakı,https://turbo.az/autos/8923220-toyota-camry
BMW,520,125000.0,AZN,2025,2.0 L,0,Bakı,https://turbo.az/autos/9733818-bmw-520
Changan,Qiyuan Q07,45900.0,AZN,2025,1.5 L,0,Sifarişlə,https://turbo.az/autos/10498282-changan-qiyuan-q07
BMW,530,49400.0,AZN,2017,2.0 L,154783,Bakı,https://turbo.az/autos/10186149-bmw-530
Chevrolet,Cruze,15500.0,AZN,2014,1.4 L,111000,Bakı,https://turbo.az/autos/10417391-chevrolet-cruze
Mercedes,E 320,18000.0,AZN,2005,3.2 L,452000,Bakı,https://turbo.az/autos/10475064-mercedes-e-320
Nissan,Juke,18000.0,AZN,2013,1.6 L,109660,Bakı,https://turbo.az/autos/10547696-nissan-juke
Mercedes,C 240,10900.0,AZN,2000,2.6 L,229000,Bakı,https://turbo.az/autos/10590514-mercedes-c-240
Mercedes,E 220 d,45800.0,AZN,2017,2.0 L,122000,Bakı,https://turbo.az/autos/10605673-mercedes-e-220-d
Opel,Astra,9900.0,AZN,2006,1.3 L,227664,Bakı,https://turbo.az/autos/10606392-opel-astra
Hyundai,Avante,10900.0,AZN,2008,1.6 L,341000,Bakı,https://turbo.az/autos/10607310-hyundai-avante
KYC,V5,32900.0,AZN,2026,1.5 L,0,Bakı,https://turbo.az/autos/10203420-kyc-v5
Hyundai,Santa Fe,36900.0,AZN,2018,2.0 L,185500,Bakı,https://turbo.az/autos/10631447-hyundai-santa-fe
Honda,Accord,37900.0,AZN,2022,2.0 L,44600,Bakı,https://turbo.az/autos/10354753-honda-accord
BMW,Z3,15500.0,AZN,1997,1.9 L,300000,Bakı,https://turbo.az/autos/10478547-bmw-z3
Mercedes,E 220,25000.0,AZN,2013,2.1 L,275000,Bakı,https://turbo.az/autos/10624849-mercedes-e-220
Changan,Oshan X5 Plus,25200.0,AZN,2025,1.5 L,0,Bakı,https://turbo.az/autos/10619701-changan-oshan-x5-plus
Changan,Uni-Z,35200.0,AZN,2025,1.5 L,0,Bakı,https://turbo.az/autos/10625597-changan-uni-z
Hyundai,ix35,20700.0,AZN,2011,2.0 L,183000,Ağsu,https://turbo.az/autos/10635933-hyundai-ix35
LADA,(VAZ) 2106,5700.0,AZN,2006,1.6 L,115000,Bakı,https://turbo.az/autos/10618567-lada-vaz-2106
Nissan,X-Trail,10300.0,AZN,2002,2.0 L,272542,Bakı,https://turbo.az/autos/10612158-nissan-x-trail
KamAz,55111,16500.0,AZN,1997,11 L,300000,Bakı,https://turbo.az/autos/10635931-kamaz-55111
Ford,Transit,28000.0,AZN,2011,2.4 L,217452,Bakı,https://turbo.az/autos/10621005-ford-transit
KYC,V5D EV,52900.0,AZN,2025,,0,Bakı,https://turbo.az/autos/10107808-kyc-v5d-ev
Kia,Forte,27600.0,AZN,2019,2.0 L,74000,Bakı,https://turbo.az/autos/10424808-kia-forte
Ford,Fusion (North America),10990.0,AZN,2020,1.5 L,82000,Bakı,https://turbo.az/autos/10613271-ford-fusion-north-america
Kia,Sportage,33800.0,AZN,2020,2.0 L,55560,Bakı,https://turbo.az/autos/10516783-kia-sportage
Hyundai,Elantra,38500.0,AZN,2026,1.6 L,4200,Bakı,https://turbo.az/autos/10621800-hyundai-elantra
Hyundai,Kona,43200.0,AZN,2023,1.6 L,14000,Bakı,https://turbo.az/autos/10550326-hyundai-kona
Kia,Ceed SW,11600.0,AZN,2008,1.6 L,253000,Bakı,https://turbo.az/autos/10612442-kia-ceed-sw
Haval,H6,35000.0,AZN,2022,1.5 L,12400,Bakı,https://turbo.az/autos/10630773-haval-h6
Haval,Jolion Pro,39900.0,AZN,2025,1.5 L,0,Bakı,https://turbo.az/autos/9357107-haval-jolion-pro
Hyundai,Sonata,39000.0,AZN,2019,2.0 L,135000,Bakı,https://turbo.az/autos/9727789-hyundai-sonata
Haval,M6,34900.0,AZN,2026,1.5 L,0,Bakı,https://turbo.az/autos/10474861-haval-m6
Haval,H6,48900.0,AZN,2026,1.5 L,0,Bakı,https://turbo.az/autos/9835527-haval-h6
Chevrolet,Cobalt,17500.0,AZN,2026,1.5 L,0,Bakı,https://turbo.az/autos/8925650-chevrolet-cobalt
ZEEKR,9X,159630.0,AZN,2026,2.0 L,0,Bakı,https://turbo.az/autos/10051802-zeekr-9x
Voyah,Free,74500.0,AZN,2026,1.5 L,0,Bakı,https://turbo.az/autos/10115235-voyah-free
Mercedes,G 63 AMG,125800.0,AZN,2015,5.5 L,93000,Bakı,https://turbo.az/autos/10598845-mercedes-g-63-amg
Hyundai,ix35,20900.0,AZN,2012,2.0 L,182000,Bakı,https://turbo.az/autos/10125609-hyundai-ix35
Baic,X3,19000.0,AZN,2020,1.5 L,64100,Bakı,https://turbo.az/autos/10271401-baic-x3
Mercedes,Sprinter 315,29500.0,AZN,2010,2.2 L,187320,Bakı,https://turbo.az/autos/10400880-mercedes-sprinter-315
Kia,EV6,41000.0,AZN,2024,,65000,Bakı,https://turbo.az/autos/10472122-kia-ev6
Ford,Ecosport,18900.0,AZN,2019,1.0 L,43900,Bakı,https://turbo.az/autos/10595743-ford-ecosport
Hyundai,Elantra,17300.0,AZN,2014,1.8 L,186515,Bakı,https://turbo.az/autos/10601203-hyundai-elantra
Chevrolet,Equinox,19800.0,AZN,2019,1.5 L,169000,Şəmkir,https://turbo.az/autos/10607413-chevrolet-equinox
Honda,Accord,16900.0,AZN,2011,2.4 L,224000,Sumqayıt,https://turbo.az/autos/10625213-honda-accord
Changan,Qiyuan Q07,36800.0,AZN,2025,1.5 L,0,Bakı,https://turbo.az/autos/10552830-changan-qiyuan-q07
BMW,750e,266900.0,AZN,2024,3.0 L,14100,Bakı,https://turbo.az/autos/10293270-bmw-750e
Haval,H6,50900.0,AZN,2025,2.0 L,0,Bakı,https://turbo.az/autos/10068028-haval-h6
Kia,K7,37500.0,AZN,2019,2.2 L,146000,Bakı,https://turbo.az/autos/10562090-kia-k7
BMW,X5,256000.0,AZN,2026,3.0 L,0,Sifarişlə,https://turbo.az/autos/10568193-bmw-x5
LADA,(VAZ) 2110,2400.0,AZN,1999,1.5 L,203574,Sumqayıt,https://turbo.az/autos/10626695-lada-vaz-2110
BMW,M4,295000.0,AZN,2026,3.0 L,0,Bakı,https://turbo.az/autos/10547804-bmw-m4
Mitsubishi,Pajero io,6900.0,AZN,1999,1.8 L,222000,Sumqayıt,https://turbo.az/autos/10624347-mitsubishi-pajero-io
Nissan,X-Trail,10900.0,AZN,2001,2.0 L,330000,Bakı,https://turbo.az/autos/10632632-nissan-x-trail
Suzuki,Swift,35900.0,AZN,2024,1.2 L,0,Bakı,https://turbo.az/autos/9072179-suzuki-swift
LADA,(VAZ) 2107,3700.0,AZN,2000,1.5 L,268000,Xaçmaz,https://turbo.az/autos/10635930-lada-vaz-2107
Mitsubishi,L200,61500.0,AZN,2024,2.4 L,77032,Bakı,https://turbo.az/autos/10615821-mitsubishi-l200
Hyundai,Santa Fe,33500.0,AZN,2017,2.0 L,167500,Bakı,https://turbo.az/autos/10610424-hyundai-santa-fe
Opel,Astra,11500.0,AZN,2007,1.4 L,168600,Zaqatala,https://turbo.az/autos/10622022-opel-astra
Haval,H6,48900.0,AZN,2026,1.5 L,0,Bakı,https://turbo.az/autos/9855988-haval-h6
Toyota,Land Cruiser Prado,22000.0,AZN,2006,2.7 L,370000,Bakı,https://turbo.az/autos/10629746-toyota-land-cruiser-prado
Haval,H5,58900.0,AZN,2026,2.0 L,0,Bakı,https://turbo.az/autos/10474080-haval-h5
Volkswagen,Passat CC,19800.0,AZN,2015,2.0 L,170000,Bakı,https://turbo.az/autos/10583723-volkswagen-passat-cc
Nissan,Murano,8300.0,AZN,2003,3.5 L,254356,Bakı,https://turbo.az/autos/10635929-nissan-murano
LADA,(VAZ) 2115,6300.0,AZN,2007,1.6 L,218508,Bakı,https://turbo.az/autos/10635458-lada-vaz-2115
DAF,105 XF,27000.0,AZN,2011,13 L,860000,Bakı,https://turbo.az/autos/10492711-daf-105-xf
Changan,CS 55 Plus,35300.0,AZN,2026,1.5 L,0,Bakı,https://turbo.az/autos/10603611-changan-cs-55-plus
Li,Auto L7,74800.0,AZN,2024,1.5 L,20000,Bakı,https://turbo.az/autos/10625265-li-auto-l7
Hyundai,Sonata,36500.0,AZN,2020,1.6 L,55000,Bakı,https://turbo.az/autos/10628726-hyundai-sonata
Changan,Qiyuan Q07,42800.0,AZN,2025,1.5 L,0,Bakı,https://turbo.az/autos/10026833-changan-qiyuan-q07
Changan,Qiyuan Q07,47900.0,AZN,2025,1.5 L,0,Xırdalan,https://turbo.az/autos/10194751-changan-qiyuan-q07
Volkswagen,Transporter,38777.0,AZN,2018,2.0 L,52800,Bakı,https://turbo.az/autos/10255786-volkswagen-transporter
Mercedes,CLE 53 AMG 4MATIC+,241573.0,AZN,2026,3.0 L,0,Bakı,https://turbo.az/autos/10355333-mercedes-cle-53-amg-4matic
GAZ,GAZel (33021),8000.0,AZN,1996,2.4 L,220000,Sabirabad,https://turbo.az/autos/10547219-gaz-gazel-33021
BENDA,LFC 700 Pro,19000.0,AZN,2026,,2500,Bakı,https://turbo.az/autos/10560537-benda-lfc-700-pro
Kia,Sorento,38000.0,AZN,2018,2.0 L,183950,Bakı,https://turbo.az/autos/10605895-kia-sorento
Suzuki,Grand Vitara,12900.0,AZN,2008,2.4 L,485000,Bakı,https://turbo.az/autos/10612424-suzuki-grand-vitara
Volkswagen,Bora,6400.0,AZN,2003,2.0 L,352978,Sumqayıt,https://turbo.az/autos/10628992-volkswagen-bora
LADA,(VAZ) Priora,12400.0,AZN,2015,1.6 L,175000,Bakı,https://turbo.az/autos/10630641-lada-vaz-priora
Chevrolet,Cruze,12000.0,AZN,2013,1.4 L,300000,Bakı,https://turbo.az/autos/10631116-chevrolet-cruze
Land,Rover Range Rover,121890.0,AZN,2019,5.0 L,101000,Bakı,https://turbo.az/autos/10635238-land-rover-range-rover
Hyundai,Tucson,12700.0,AZN,2006,2.0 L,325000,Bakı,https://turbo.az/autos/10635928-hyundai-tucson
Volkswagen,Passat,35000.0,AZN,2020,1.4 L,71000,Bakı,https://turbo.az/autos/10379728-volkswagen-passat
Kia,K5,37500.0,AZN,2022,1.6 L,73000,Bakı,https://turbo.az/autos/10628748-kia-k5
Changan,Oshan X5 Plus,25000.0,AZN,2025,1.5 L,0,Bakı,https://turbo.az/autos/10611027-changan-oshan-x5-plus
Mercedes,E 270,12000.0,AZN,2002,2.7 L,285000,Tovuz,https://turbo.az/autos/10596106-mercedes-e-270
Changan,Qiyuan Q07,41999.0,AZN,2025,1.5 L,0,Bakı,https://turbo.az/autos/10622210-changan-qiyuan-q07
Porsche,Cayenne Diesel,72000.0,AZN,2017,3.0 L,210000,Bakı,https://turbo.az/autos/10537357-porsche-cayenne-diesel
BMW,525,12700.0,AZN,2003,2.5 L,314572,Bakı,https://turbo.az/autos/10433630-bmw-525
Hyundai,Accent,10900.0,AZN,2008,1.4 L,355687,Bakı,https://turbo.az/autos/10599665-hyundai-accent
Shining,Golf Cart Style XXK,19000.0,AZN,2026,,0,Bakı,https://turbo.az/autos/10577360-shining-golf-cart-style-xxk
Mercedes,C 180,8900.0,AZN,1997,1.8 L,256458,Qazax,https://turbo.az/autos/10635922-mercedes-c-180
Changan,Oshan X5 Plus,27500.0,AZN,2026,1.5 L,0,Bakı,https://turbo.az/autos/10316202-changan-oshan-x5-plus
Nissan,Micra,12300.0,AZN,2013,1.2 L,50000,Bakı,https://turbo.az/autos/10596526-nissan-micra
GAC,S7,69500.0,AZN,2026,1.5 L,0,Bakı,https://turbo.az/autos/10442485-gac-s7
Mercedes,CLS 500,17800.0,AZN,2004,5.0 L,306006,Bakı,https://turbo.az/autos/10526916-mercedes-cls-500
Chevrolet,Equinox,21800.0,AZN,2020,1.5 L,172600,Gəncə,https://turbo.az/autos/10592375-chevrolet-equinox
Toyota,Camry,15500.0,AZN,2008,2.4 L,330000,Bakı,https://turbo.az/autos/10633950-toyota-camry
Ford,Explorer,23900.0,AZN,2012,3.5 L,175000,Bakı,https://turbo.az/autos/10497759-ford-explorer
Mercedes,S 350 d,70000.0,AZN,2017,2.9 L,160000,Bakı,https://turbo.az/autos/10622025-mercedes-s-350-d
Mercedes,E 270,13800.0,AZN,2003,2.7 L,325408,Xırdalan,https://turbo.az/autos/10631997-mercedes-e-270
Nissan,Qashqai,15800.0,AZN,2013,2.0 L,243413,Sumqayıt,https://turbo.az/autos/10598272-nissan-qashqai
Nissan,Qashqai,18400.0,AZN,2013,2.0 L,140000,Quba,https://turbo.az/autos/10635924-nissan-qashqai
Tesla,Model Y,35700.0,AZN,2023,,34200,Bakı,https://turbo.az/autos/10245771-tesla-model-y
Land,Rover RR Sport,51900.0,AZN,2016,3.0 L,66000,Bakı,https://turbo.az/autos/10525580-land-rover-rr-sport
JAC,JS2,19500.0,AZN,2026,1.5 L,0,Bakı,https://turbo.az/autos/9278298-jac-js2
Mazda,CX-30,58700.0,AZN,2026,2.0 L,0,Bakı,https://turbo.az/autos/10490167-mazda-cx-30
Land,Rover Range Rover,33830.0,AZN,2010,5.0 L,156000,Bakı,https://turbo.az/autos/10497380-land-rover-range-rover
BYD,Yuan Plus,44800.0,AZN,2025,,0,Bakı,https://turbo.az/autos/10620572-byd-yuan-plus
Honda,Accord,42900.0,AZN,2024,2.0 L,18000,Bakı,https://turbo.az/autos/9692035-honda-accord
Honda,Insight,26900.0,AZN,2021,1.5 L,151000,Bakı,https://turbo.az/autos/10241404-honda-insight
Lexus,GX 460,56000.0,AZN,2011,4.6 L,73000,Bakı,https://turbo.az/autos/10348221-lexus-gx-460
BMW,550,42900.0,AZN,2013,4.4 L,95000,Bakı,https://turbo.az/autos/10425024-bmw-550
Volkswagen,Touareg,26500.0,AZN,2011,3.6 L,239000,Bakı,https://turbo.az/autos/10495505-volkswagen-touareg
Ford,Fusion (North America),14900.0,AZN,2015,1.5 L,194000,Masallı,https://turbo.az/autos/10579611-ford-fusion-north-america
Land,Rover Range Rover,76500.0,AZN,2019,3.0 L,181856,Bakı,https://turbo.az/autos/10627443-land-rover-range-rover
Chevrolet,Equinox,21900.0,AZN,2019,1.5 L,83000,Bakı,https://turbo.az/autos/10628955-chevrolet-equinox
Geely,Galaxy Starship 7,36000.0,AZN,2025,1.5 L,2700,Bakı,https://turbo.az/autos/10635923-geely-galaxy-starship-7
Toyota,Prius,16200.0,AZN,2012,1.8 L,295000,Bakı,https://turbo.az/autos/10634685-toyota-prius
Porsche,Panamera 4 E-Hybrid,136000.0,AZN,2020,2.9 L,39000,Bakı,https://turbo.az/autos/10550000-porsche-panamera-4-e-hybrid
Kia,Sorento,49900.0,AZN,2021,1.6 L,93000,Bakı,https://turbo.az/autos/10601295-kia-sorento
Changan,Oshan X5 Plus,26100.0,AZN,2026,1.5 L,0,Bakı,https://turbo.az/autos/10496532-changan-oshan-x5-plus
Hyundai,Tucson,32400.0,AZN,2019,2.0 L,39023,Bakı,https://turbo.az/autos/10245713-hyundai-tucson
Mitsubishi,L200,26200.0,AZN,2015,2.4 L,197200,Bakı,https://turbo.az/autos/10635877-mitsubishi-l200
Chevrolet,Malibu,19800.0,AZN,2019,1.5 L,109000,Bakı,https://turbo.az/autos/10635918-chevrolet-malibu
LADA,(VAZ) Niva,19500.0,AZN,2025,1.7 L,5500,Bakı,https://turbo.az/autos/10603608-lada-vaz-niva
Toyota,Vitz,9900.0,AZN,2012,1.3 L,170000,Bakı,https://turbo.az/autos/9532884-toyota-vitz
Hyundai,Santa Fe,24800.0,AZN,2012,2.0 L,199000,Bakı,https://turbo.az/autos/10611581-hyundai-santa-fe
Kia,Sorento,22800.0,AZN,2010,2.2 L,228000,Bakı,https://turbo.az/autos/10560200-kia-sorento
Kia,Sportage,26800.0,AZN,2015,2.0 L,188000,Bakı,https://turbo.az/autos/10536965-kia-sportage
Volkswagen,Atlas,29800.0,AZN,2020,2.0 L,140000,Bakı,https://turbo.az/autos/10341503-volkswagen-atlas
Jeep,Wrangler,65450.0,AZN,2020,2.0 L,40000,Bakı,https://turbo.az/autos/10116995-jeep-wrangler
Toyota,Land Cruiser,52360.0,AZN,2012,4.0 L,189000,Bakı,https://turbo.az/autos/9881804-toyota-land-cruiser
Maserati,Ghibli,43800.0,AZN,2015,3.0 L,70000,Bakı,https://turbo.az/autos/10339938-maserati-ghibli
Mercedes,CLA 250,55760.0,AZN,2022,2.0 L,44000,Bakı,https://turbo.az/autos/9402144-mercedes-cla-250
Chevrolet,Camaro,31960.0,AZN,2017,2.0 L,60000,Bakı,https://turbo.az/autos/9471345-chevrolet-camaro
Chevrolet,Captiva,26500.0,AZN,2019,3.0 L,150000,Bakı,https://turbo.az/autos/9169989-chevrolet-captiva
Kia,Sportage,32700.0,AZN,2017,2.0 L,130000,Bakı,https://turbo.az/autos/9224929-kia-sportage
Mercedes,E 240,21800.0,AZN,2001,2.4 L,220000,Bakı,https://turbo.az/autos/9045111-mercedes-e-240
Toyota,Sienta,21900.0,AZN,2017,1.5 L,127000,Bakı,https://turbo.az/autos/10399535-toyota-sienta
Ford,Fusion (North America),26700.0,AZN,2020,2.0 L,100900,Bakı,https://turbo.az/autos/10542719-ford-fusion-north-america
XPeng,G9,69900.0,AZN,2024,,0,Bakı,https://turbo.az/autos/8240070-xpeng-g9
HOWO,TX,105000.0,AZN,2026,10 L,0,Bakı,https://turbo.az/autos/10523995-howo-tx
Chevrolet,Equinox,24300.0,AZN,2018,1.5 L,115000,Bakı,https://turbo.az/autos/10590972-chevrolet-equinox
Changan,CS 55 Plus,32200.0,AZN,2025,1.5 L,0,Bakı,https://turbo.az/autos/10618389-changan-cs-55-plus
Ford,Bronco,94000.0,AZN,2021,2.7 L,58000,Bakı,https://turbo.az/autos/9843914-ford-bronco
Land,Rover Range Rover,63300.0,AZN,2016,3.0 L,165000,Bakı,https://turbo.az/autos/10422657-land-rover-range-rover
BMW,i4,69530.0,AZN,2023,,35000,Bakı,https://turbo.az/autos/10505692-bmw-i4
BMW,320,24500.0,AZN,2015,2.0 L,227000,Bakı,https://turbo.az/autos/10526627-bmw-320
Mercedes,Vito 111 CDI,17100.0,AZN,2009,2.1 L,300500,Bakı,https://turbo.az/autos/10579623-mercedes-vito-111-cdi
Mercedes,C 250,20400.0,AZN,2014,1.8 L,240694,Bakı,https://turbo.az/autos/10604938-mercedes-c-250
Toyota,Highlander,66300.0,AZN,2022,2.5 L,120000,Bakı,https://turbo.az/autos/10621457-toyota-highlander
Kia,K5,40500.0,AZN,2021,2.0 L,86737,Bakı,https://turbo.az/autos/10622363-kia-k5
Land,Rover Discovery,29900.0,AZN,2014,3.0 L,199000,Bakı,https://turbo.az/autos/10610614-land-rover-discovery
Hyundai,Palisade,71500.0,AZN,2022,2.2 L,74000,Bakı,https://turbo.az/autos/10621893-hyundai-palisade
LADA,(VAZ) 2104,2200.0,AZN,1996,1.5 L,205000,Naxçıvan,https://turbo.az/autos/10635914-lada-vaz-2104
Toyota,Fortuner,30000.0,AZN,2013,2.7 L,200000,Bakı,https://turbo.az/autos/10473311-toyota-fortuner
Land,Rover Range Rover,115260.0,AZN,2020,5.0 L,138000,Bakı,https://turbo.az/autos/10534654-land-rover-range-rover
Land,Rover Defender,162860.0,AZN,2024,3.0 L,66000,Bakı,https://turbo.az/autos/10594011-land-rover-defender
Land,Rover Discovery,35800.0,AZN,2016,3.0 L,110000,Bakı,https://turbo.az/autos/10522359-land-rover-discovery
BMW,X5,164900.0,AZN,2025,3.0 L,14800,Bakı,https://turbo.az/autos/10446404-bmw-x5
Land,Rover RR Sport,65960.0,AZN,2018,3.0 L,145000,Bakı,https://turbo.az/autos/10119470-land-rover-rr-sport
BMW,X5,167450.0,AZN,2026,3.0 L,27000,Bakı,https://turbo.az/autos/10516732-bmw-x5
Porsche,Panamera 4S,96050.0,AZN,2017,2.9 L,98000,Bakı,https://turbo.az/autos/9898288-porsche-panamera-4s
Mercedes,G 63 AMG,92650.0,AZN,2014,5.5 L,148000,Bakı,https://turbo.az/autos/10081330-mercedes-g-63-amg
Jeep,Wrangler,67150.0,AZN,2021,2.0 L,38000,Bakı,https://turbo.az/autos/9233801-jeep-wrangler
Porsche,Cayenne S,55800.0,AZN,2016,3.6 L,103000,Bakı,https://turbo.az/autos/10508951-porsche-cayenne-s
Land,Rover Defender,118660.0,AZN,2021,2.0 L,97000,Bakı,https://turbo.az/autos/9431344-land-rover-defender
Mercedes,E 300,46750.0,AZN,2017,2.0 L,80000,Bakı,https://turbo.az/autos/9169907-mercedes-e-300
Changan,CS 55 Plus,34500.0,AZN,2026,1.5 L,0,Bakı,https://turbo.az/autos/10635884-changan-cs-55-plus
Kia,Sorento,29800.0,AZN,2016,2.0 L,130000,Bakı,https://turbo.az/autos/10625573-kia-sorento
Mercedes,G 63 AMG,476000.0,AZN,2023,4.0 L,1150,Bakı,https://turbo.az/autos/9694735-mercedes-g-63-amg
Changan,Uni-K,34000.0,AZN,2024,2.0 L,0,Bakı,https://turbo.az/autos/10625802-changan-uni-k
Opel,Vectra,3700.0,AZN,1997,1.6 L,706000,Bakı,https://turbo.az/autos/10635913-opel-vectra
Kia,Carnival,47700.0,AZN,2020,2.2 L,149000,Bakı,https://turbo.az/autos/10508864-kia-carnival
LADA,(VAZ) 2107,6600.0,AZN,2011,1.6 L,37156,Sabirabad,https://turbo.az/autos/10634462-lada-vaz-2107
Chevrolet,Equinox,22800.0,AZN,2018,1.5 L,150000,Bakı,https://turbo.az/autos/10627936-chevrolet-equinox
Geely,Galaxy A7,27500.0,AZN,2025,1.5 L,0,Bakı,https://turbo.az/autos/10463190-geely-galaxy-a7
Changan,Deepal S09,73500.0,AZN,2025,1.5 L,0,Bakı,https://turbo.az/autos/10530003-changan-deepal-s09
Mercedes,G 63 AMG,370600.0,AZN,2022,4.0 L,60000,Bakı,https://turbo.az/autos/10569710-mercedes-g-63-amg
Land,Rover RR Evoque,31900.0,AZN,2016,2.0 L,101000,Bakı,https://turbo.az/autos/10606333-land-rover-rr-evoque
Mercedes,CLA 250 e,75000.0,AZN,2023,1.3 L,72000,Bakı,https://turbo.az/autos/9841526-mercedes-cla-250-e
Mercedes,E 240,13900.0,AZN,2002,2.6 L,262000,Bakı,https://turbo.az/autos/10444166-mercedes-e-240
Porsche,Macan,52000.0,AZN,2018,2.0 L,88514,Bakı,https://turbo.az/autos/10497126-porsche-macan
Mercedes,C 180,9300.0,AZN,2000,1.8 L,335000,Bakı,https://turbo.az/autos/10499798-mercedes-c-180
Ford,Transit,11700.0,AZN,1998,2.5 L,324568,Qəbələ,https://turbo.az/autos/10531987-ford-transit
Kia,Forte,18000.0,AZN,2015,2.0 L,140174,Tovuz,https://turbo.az/autos/10605517-kia-forte
Chevrolet,Equinox,23200.0,AZN,2020,1.5 L,159204,Bakı,https://turbo.az/autos/10612528-chevrolet-equinox
Chevrolet,Lacetti,7500.0,AZN,2008,1.6 L,500000,Bakı,https://turbo.az/autos/10631590-chevrolet-lacetti
LADA,(VAZ) 2107,6600.0,AZN,2011,1.6 L,37156,Sabirabad,https://turbo.az/autos/10634462-lada-vaz-2107
Chevrolet,Equinox,22800.0,AZN,2018,1.5 L,150000,Bakı,https://turbo.az/autos/10627936-chevrolet-equinox
Mercedes,E 300,22900.0,AZN,2009,3.0 L,305000,Bakı,https://turbo.az/autos/10626497-mercedes-e-300
Kia,Ceed SW,14900.0,AZN,2011,1.6 L,257145,Bakı,https://turbo.az/autos/10635910-kia-ceed-sw
Ford,Transit,10800.0,AZN,1998,2.5 L,965820,Ağstafa,https://turbo.az/autos/10571159-ford-transit
Lexus,LX 570,33500.0,AZN,2008,5.7 L,278000,Bakı,https://turbo.az/autos/10592284-lexus-lx-570
Ford,Transit,27800.0,AZN,2008,2.4 L,231000,Bakı,https://turbo.az/autos/10191693-ford-transit
Mercedes,S 320,8000.0,AZN,2000,3.2 L,418000,Bakı,https://turbo.az/autos/10635905-mercedes-s-320
Baic,X55,22900.0,AZN,2023,1.5 L,79000,Bakı,https://turbo.az/autos/10450080-baic-x55
Ford,Fusion (North America),16800.0,AZN,2015,2.0 L,167000,Bakı,https://turbo.az/autos/10635904-ford-fusion-north-america
Changan,CS 55 Plus,30000.0,AZN,2026,1.5 L,0,Bakı,https://turbo.az/autos/10598122-changan-cs-55-plus
Mitsubishi,Pajero io,7400.0,AZN,2000,1.8 L,335000,Bakı,https://turbo.az/autos/10627923-mitsubishi-pajero-io
Mercedes,S 450 e,178900.0,AZN,2023,3.0 L,88150,Bakı,https://turbo.az/autos/10635879-mercedes-s-450-e
Changan,CS 55 Plus,30000.0,AZN,2026,1.5 L,0,Bakı,https://turbo.az/autos/10598135-changan-cs-55-plus
Mercedes,C 180,11000.0,AZN,1999,1.8 L,280000,Bakı,https://turbo.az/autos/10635906-mercedes-c-180
Mercedes,190,3000.0,AZN,1989,2.0 L,100000,Sumqayıt,https://turbo.az/autos/10635902-mercedes-190
Volkswagen,Passat,12500.0,AZN,2008,2.0 L,170000,Bakı,https://turbo.az/autos/10635900-volkswagen-passat
Kia,Sorento,32500.0,AZN,2017,2.0 L,342250,Bakı,https://turbo.az/autos/10635898-kia-sorento
Changan,CS 75 Pro,31800.0,AZN,2026,1.5 L,0,Bakı,https://turbo.az/autos/10598154-changan-cs-75-pro
Changan,CS 75 Pro,31800.0,AZN,2026,1.5 L,0,Bakı,https://turbo.az/autos/10598163-changan-cs-75-pro
Toyota,RAV4,53500.0,AZN,2020,2.0 L,24500,Bakı,https://turbo.az/autos/10632897-toyota-rav4
Honda,Accord,43000.0,AZN,2023,2.0 L,58500,Bakı,https://turbo.az/autos/10359082-honda-accord
BMW,530,37000.0,AZN,2017,2.0 L,174000,Bakı,https://turbo.az/autos/10635892-bmw-530
Toyota,Prius,10900.0,AZN,2008,1.5 L,232,Bakı,https://turbo.az/autos/10635891-toyota-prius
UAZ,390945,38800.0,AZN,2024,2.7 L,0,Bakı,https://turbo.az/autos/8220701-uaz-390945
Porsche,Panamera Turbo,123250.0,AZN,2017,4.0 L,67000,Bakı,https://turbo.az/autos/9828626-porsche-panamera-turbo
Changan,Oshan X5 Plus,24460.0,AZN,2026,1.5 L,0,Sifarişlə,https://turbo.az/autos/10548237-changan-oshan-x5-plus
Chery,Himava,45900.0,AZN,2026,2.3 L,0,Sifarişlə,https://turbo.az/autos/10598989-chery-himava
Chevrolet,Cobalt,17000.0,AZN,2026,1.5 L,0,Bakı,https://turbo.az/autos/10339297-chevrolet-cobalt
Land,Rover Range Rover,107100.0,AZN,2020,3.0 L,137500,Bakı,https://turbo.az/autos/10585172-land-rover-range-rover
Opel,Astra,7900.0,AZN,2006,1.3 L,409000,Bakı,https://turbo.az/autos/10611283-opel-astra
Mercedes,C 220,11900.0,AZN,1999,2.2 L,495000,Bakı,https://turbo.az/autos/10615909-mercedes-c-220
Chevrolet,Cruze,11600.0,AZN,2014,1.4 L,162000,Bakı,https://turbo.az/autos/10616989-chevrolet-cruze
Mercedes,E 240,12300.0,AZN,2000,2.4 L,300000,Bakı,https://turbo.az/autos/10621369-mercedes-e-240
Ford,Transit,26000.0,AZN,2010,2.4 L,252000,Bakı,https://turbo.az/autos/10622967-ford-transit
BMW,325,7700.0,AZN,2000,2.5 L,270000,Bakı,https://turbo.az/autos/10628993-bmw-325
Skoda,Kodiaq,45000.0,AZN,2023,2.0 L,68000,Bakı,https://turbo.az/autos/10340620-skoda-kodiaq
Hyundai,Santa Fe,31500.0,AZN,2016,2.0 L,163000,Bakı,https://turbo.az/autos/10572287-hyundai-santa-fe
Nissan,Note,18000.0,AZN,2017,1.2 L,96000,Bakı,https://turbo.az/autos/10635889-nissan-note
GAZ,GAZel (3302-18),6000.0,AZN,1994,2.4 L,284004,Bakı,https://turbo.az/autos/10614269-gaz-gazel-3302-18
Mercedes,C 300,43500.0,AZN,2019,2.0 L,74000,Bakı,https://turbo.az/autos/10617640-mercedes-c-300
Mercedes,C 200,10800.0,AZN,1999,2.0 L,420000,Sumqayıt,https://turbo.az/autos/10635888-mercedes-c-200
Chevrolet,Equinox,22900.0,AZN,2018,1.5 L,142000,Bakı,https://turbo.az/autos/10635907-chevrolet-equinox
Kia,Sorento,33800.0,AZN,2017,2.0 L,215000,Bərdə,https://turbo.az/autos/10266067-kia-sorento
LADA,(VAZ) Niva,17000.0,AZN,2024,1.7 L,30800,Bakı,https://turbo.az/autos/10207433-lada-vaz-niva
Chevrolet,Cruze,13200.0,AZN,2014,1.4 L,260000,Ağdaş,https://turbo.az/autos/10635886-chevrolet-cruze
Mercedes,E 200,3500.0,AZN,1993,2.0 L,450000,Quba,https://turbo.az/autos/10635881-mercedes-e-200
Mercedes,C 280,2900.0,AZN,1995,2.8 L,379000,Bakı,https://turbo.az/autos/10599573-mercedes-c-280
BMW,745,53000.0,AZN,2002,4.4 L,3707,Bakı,https://turbo.az/autos/10635874-bmw-745
Opel,Astra,10600.0,AZN,2008,1.4 L,282000,Bakı,https://turbo.az/autos/10634030-opel-astra
Chevrolet,Trax,19500.0,AZN,2019,1.4 L,81000,Bakı,https://turbo.az/autos/10595619-chevrolet-trax
Audi,A6,54900.0,AZN,2021,2.0 L,79000,Bakı,https://turbo.az/autos/10573758-audi-a6
SEAT,Alhambra,3500.0,AZN,1998,2.0 L,450000,Bakı,https://turbo.az/autos/10635873-seat-alhambra
Hyundai,Tucson,13900.0,AZN,2005,2.0 L,318000,Sumqayıt,https://turbo.az/autos/10635897-hyundai-tucson
Kia,Rio X-Line,23500.0,AZN,2020,1.6 L,44149,Bakı,https://turbo.az/autos/10635887-kia-rio-x-line
Hyundai,i30,11300.0,AZN,2007,1.6 L,285000,Bakı,https://turbo.az/autos/10635838-hyundai-i30
Hyundai,Sonata,41900.0,AZN,2022,2.0 L,55000,Bakı,https://turbo.az/autos/10484073-hyundai-sonata
Hyundai,IONIQ,23500.0,AZN,2018,1.6 L,127138,Sumqayıt,https://turbo.az/autos/10633936-hyundai-ioniq
Hyundai,Grandeur,24500.0,AZN,2014,2.4 L,195333,Sumqayıt,https://turbo.az/autos/10632771-hyundai-grandeur
Hyundai,Grandeur,25900.0,AZN,2015,2.4 L,214002,Sumqayıt,https://turbo.az/autos/10620484-hyundai-grandeur
Mazda,CX-5,73000.0,AZN,2026,2.5 L,0,Bakı,https://turbo.az/autos/8545828-mazda-cx-5
Changan,Uni-K iDD,44800.0,AZN,2024,1.5 L,0,Bakı,https://turbo.az/autos/10026326-changan-uni-k-idd
Audi,Q7,42000.0,AZN,2015,3.0 L,178000,Bakı,https://turbo.az/autos/10330195-audi-q7
Bestune,T55,24500.0,AZN,2026,1.5 L,0,Bakı,https://turbo.az/autos/10550007-bestune-t55
Mercedes,Vito,18700.0,AZN,2008,2.1 L,253000,Bakı,https://turbo.az/autos/10440582-mercedes-vito
Ford,Fusion (North America),20800.0,AZN,2020,1.5 L,214300,Bakı,https://turbo.az/autos/10593899-ford-fusion-north-america
Lexus,ES 250,60000.0,AZN,2021,2.5 L,142000,Bakı,https://turbo.az/autos/10611371-lexus-es-250
Toyota,RAV4,53000.0,AZN,2023,2.0 L,43740,Bakı,https://turbo.az/autos/10611788-toyota-rav4
Mercedes,E 320,15000.0,AZN,2000,3.2 L,430000,Bakı,https://turbo.az/autos/10612027-mercedes-e-320
GAZ,GAZel (3302-18),6000.0,AZN,1994,2.4 L,284004,Bakı,https://turbo.az/autos/10614269-gaz-gazel-3302-18
Ford,Transit,18800.0,AZN,2001,2.0 L,638000,Sumqayıt,https://turbo.az/autos/10626253-ford-transit
Toyota,Land Cruiser,48500.0,AZN,2011,4.0 L,230000,Şirvan,https://turbo.az/autos/10629850-toyota-land-cruiser
Mercedes,S 350,29000.0,AZN,2010,3.5 L,244004,Sumqayıt,https://turbo.az/autos/10613108-mercedes-s-350
Kia,Rio,13900.0,AZN,2011,1.6 L,249806,Sumqayıt,https://turbo.az/autos/10612836-kia-rio
Hyundai,Elantra,16800.0,AZN,2013,1.8 L,280111,Sumqayıt,https://turbo.az/autos/10612828-hyundai-elantra
Kia,Soul,17500.0,AZN,2013,1.6 L,87117,Sumqayıt,https://turbo.az/autos/10589732-kia-soul
Kia,K3,20900.0,AZN,2017,1.6 L,311555,Sumqayıt,https://turbo.az/autos/10565188-kia-k3
Kia,Optima,25800.0,AZN,2017,2.0 L,160934,Sumqayıt,https://turbo.az/autos/10429229-kia-optima
Toyota,Land Cruiser,53900.0,AZN,2012,4.6 L,224101,Sumqayıt,https://turbo.az/autos/10368355-toyota-land-cruiser
Ford,Fusion (North America),16000.0,AZN,2013,1.5 L,191888,Sumqayıt,https://turbo.az/autos/10365234-ford-fusion-north-america
Hyundai,Sonata,24500.0,AZN,2014,2.0 L,210826,Sumqayıt,https://turbo.az/autos/10144416-hyundai-sonata
LADA,(VAZ) 2107,9500.0,AZN,2010,1.7 L,50000,Bakı,https://turbo.az/autos/10635882-lada-vaz-2107
Mercedes,ML 350 4MATIC,21000.0,AZN,2011,3.5 L,218000,Bakı,https://turbo.az/autos/10444278-mercedes-ml-350-4matic
Hyundai,Grandeur,26800.0,AZN,2015,2.2 L,231000,Bakı,https://turbo.az/autos/10254762-hyundai-grandeur
Land,Rover RR Evoque,52700.0,AZN,2019,2.0 L,95000,Bakı,https://turbo.az/autos/10413302-land-rover-rr-evoque
Ford,Fusion (North America),23800.0,AZN,2018,2.0 L,159325,Bakı,https://turbo.az/autos/10449137-ford-fusion-north-america
Chevrolet,Malibu,14200.0,AZN,2016,1.5 L,122000,Bakı,https://turbo.az/autos/10409449-chevrolet-malibu
BYD,Destroyer 05,25000.0,AZN,2025,1.5 L,0,Bakı,https://turbo.az/autos/9918102-byd-destroyer-05
BMW,330,42800.0,AZN,2019,2.0 L,94800,Bakı,https://turbo.az/autos/10634678-bmw-330
Changan,Qiyuan Q07,47000.0,AZN,2025,1.5 L,0,Bakı,https://turbo.az/autos/9778101-changan-qiyuan-q07
Mercedes,E 200,6900.0,AZN,1994,2.0 L,587000,Sumqayıt,https://turbo.az/autos/10623628-mercedes-e-200
Toyota,Land Cruiser Prado,16900.0,AZN,2003,2.7 L,300200,Bakı,https://turbo.az/autos/10610311-toyota-land-cruiser-prado
Mercedes,E 300,18800.0,AZN,2009,3.5 L,245000,Bakı,https://turbo.az/autos/10630504-mercedes-e-300
BMW,740,10500.0,AZN,1995,4.0 L,400000,Bakı,https://turbo.az/autos/10604027-bmw-740
Changan,Uni-Z,35200.0,AZN,2025,1.5 L,0,Bakı,https://turbo.az/autos/10517105-changan-uni-z
Kia,Optima,16300.0,AZN,2012,2.0 L,260714,Bakı,https://turbo.az/autos/10632131-kia-optima
Lynk,& Co 08,63900.0,AZN,2026,1.5 L,0,Bakı,https://turbo.az/autos/9456469-lynk-co-08
Ford,Transit,29500.0,AZN,2008,3.2 L,173000,Bakı,https://turbo.az/autos/10224987-ford-transit
Toyota,Land Cruiser,45900.0,AZN,2011,4.0 L,219000,Bakı,https://turbo.az/autos/10616044-toyota-land-cruiser
Toyota,Land Cruiser Prado,71000.0,AZN,2019,2.7 L,99000,Bakı,https://turbo.az/autos/10619042-toyota-land-cruiser-prado
BMW,525,21500.0,AZN,2008,2.5 L,141000,Bakı,https://turbo.az/autos/10481529-bmw-525
Porsche,Cayenne S,98600.0,AZN,2019,2.9 L,84000,Bakı,https://turbo.az/autos/10588449-porsche-cayenne-s
Toyota,Land Cruiser Prado,39900.0,AZN,2013,2.7 L,209301,Bakı,https://turbo.az/autos/10592369-toyota-land-cruiser-prado
Land,Rover Range Rover,63000.0,AZN,2015,3.0 L,137500,Bakı,https://turbo.az/autos/10603582-land-rover-range-rover
Chevrolet,Cruze,15000.0,AZN,2017,1.4 L,187000,Bakı,https://turbo.az/autos/10614326-chevrolet-cruze
Audi,A4,7200.0,AZN,2007,2.0 L,272000,Bakı,https://turbo.az/autos/10615096-audi-a4
Land,Rover RR Velar,58310.0,AZN,2018,2.0 L,117316,Bakı,https://turbo.az/autos/10618309-land-rover-rr-velar
Hyundai,Sonata,32800.0,AZN,2020,1.6 L,48000,Bakı,https://turbo.az/autos/10629840-hyundai-sonata
Mercedes,E 350,23900.0,AZN,2009,3.0 L,358000,Sumqayıt,https://turbo.az/autos/10635880-mercedes-e-350
Changan,Uni-Z,35200.0,AZN,2025,1.5 L,0,Bakı,https://turbo.az/autos/10568662-changan-uni-z
ZEEKR,001,56000.0,AZN,2023,,27000,Bakı,https://turbo.az/autos/10521174-zeekr-001
Changan,Qiyuan A05,25400.0,AZN,2025,1.5 L,4150,Bakı,https://turbo.az/autos/10635706-changan-qiyuan-a05
Changan,Qiyuan Q07,45900.0,AZN,2025,1.5 L,12000,Bakı,https://turbo.az/autos/10608260-changan-qiyuan-q07
Mercedes,E 240,15500.0,AZN,2001,2.6 L,350000,Ağdam,https://turbo.az/autos/10635857-mercedes-e-240
Mercedes,C 220,10500.0,AZN,1999,2.2 L,358752,Xırdalan,https://turbo.az/autos/10606669-mercedes-c-220
Skoda,Kamiq,26900.0,AZN,2023,1.6 L,83600,Bakı,https://turbo.az/autos/10524893-skoda-kamiq
Land,Rover Range Rover,49000.0,AZN,2016,3.0 L,150000,Bakı,https://turbo.az/autos/10626592-land-rover-range-rover
JETOUR,T2 i-DM,59800.0,AZN,2025,1.5 L,16000,Bakı,https://turbo.az/autos/10556767-jetour-t2-i-dm
Audi,E5,96700.0,AZN,2025,,0,Bakı,https://turbo.az/autos/10112054-audi-e5
Toyota,Camry,61500.0,AZN,2026,2.0 L,0,Bakı,https://turbo.az/autos/10073938-toyota-camry
Honda,CR-V,43800.0,AZN,2019,2.4 L,84000,Bakı,https://turbo.az/autos/10586527-honda-cr-v
LADA,(VAZ) 2107,7400.0,AZN,2010,1.6 L,150000,Quba,https://turbo.az/autos/10618026-lada-vaz-2107
BMW,X7,148000.0,AZN,2023,3.0 L,52000,Bakı,https://turbo.az/autos/10310015-bmw-x7
Hyundai,Sonata,12500.0,AZN,2015,2.0 L,123000,Bakı,https://turbo.az/autos/10634548-hyundai-sonata
Toyota,Land Cruiser Prado,40300.0,AZN,2014,2.7 L,209000,Bakı,https://turbo.az/autos/10506560-toyota-land-cruiser-prado
Ford,Fusion (North America),13800.0,AZN,2014,1.5 L,240000,Bakı,https://turbo.az/autos/10622844-ford-fusion-north-america
Kia,Sorento,36900.0,AZN,2017,2.0 L,185000,Bakı,https://turbo.az/autos/10621121-kia-sorento
Ford,Transit,21800.0,AZN,2007,2.4 L,177263,Sumqayıt,https://turbo.az/autos/10328264-ford-transit
Mercedes,S 350,23500.0,AZN,2007,3.5 L,227602,Bakı,https://turbo.az/autos/10543298-mercedes-s-350
LADA,(VAZ) Niva,25500.0,AZN,2025,1.7 L,13300,Bakı,https://turbo.az/autos/10546436-lada-vaz-niva
Subaru,Forester,21900.0,AZN,2014,2.0 L,240000,Bakı,https://turbo.az/autos/10554898-subaru-forester
Chevrolet,Cruze,16500.0,AZN,2017,1.4 L,187465,Zaqatala,https://turbo.az/autos/10633436-chevrolet-cruze
UAZ,390945,38800.0,AZN,2024,2.7 L,0,Bakı,https://turbo.az/autos/8220701-uaz-390945
Hyundai,Sonata,64900.0,AZN,2026,2.0 L,0,Bakı,https://turbo.az/autos/9565808-hyundai-sonata
Land,Rover RR Sport,60000.0,AZN,2016,3.0 L,150000,Mingəçevir,https://turbo.az/autos/10623777-land-rover-rr-sport
Mercedes,GLS 450 4MATIC,150450.0,AZN,2021,3.0 L,78000,Bakı,https://turbo.az/autos/10634644-mercedes-gls-450-4matic
Chevrolet,Malibu,19000.0,AZN,2018,1.5 L,160000,Bakı,https://turbo.az/autos/8908290-chevrolet-malibu
BMW,740,59500.0,AZN,2016,3.0 L,100000,Bakı,https://turbo.az/autos/10567843-bmw-740
Hyundai,Sonata,41000.0,AZN,2022,2.0 L,46500,Bakı,https://turbo.az/autos/10604145-hyundai-sonata
Ford,Transit,8500.0,AZN,1993,2.5 L,275000,Yevlax,https://turbo.az/autos/10612423-ford-transit
Opel,Astra,10800.0,AZN,2006,1.4 L,132000,Bakı,https://turbo.az/autos/10613329-opel-astra
Chevrolet,Trax,21500.0,AZN,2020,1.4 L,113000,Bakı,https://turbo.az/autos/10622107-chevrolet-trax
BMW,528,21000.0,AZN,2011,2.0 L,199521,Bakı,https://turbo.az/autos/10627504-bmw-528
BMW,330,42800.0,AZN,2019,2.0 L,94800,Bakı,https://turbo.az/autos/10634678-bmw-330
Volkswagen,Touareg,22700.0,AZN,2011,3.6 L,175000,Bakı,https://turbo.az/autos/10575729-volkswagen-touareg
Honda,CR-V,59500.0,AZN,2023,2.0 L,28000,Bakı,https://turbo.az/autos/10505570-honda-cr-v
Toyota,Wildlander,61900.0,AZN,2026,2.0 L,0,Bakı,https://turbo.az/autos/10635883-toyota-wildlander
Ford,Fusion (North America),18700.0,AZN,2018,2.0 L,271350,Bakı,https://turbo.az/autos/10608187-ford-fusion-north-america
Mercedes,ML 350 4MATIC,30000.0,AZN,2012,3.5 L,170000,Bakı,https://turbo.az/autos/10574699-mercedes-ml-350-4matic
BMW,325,12400.0,AZN,2004,2.5 L,252667,Bakı,https://turbo.az/autos/10611841-bmw-325
BMW,328,23500.0,AZN,2012,2.0 L,197000,Bakı,https://turbo.az/autos/10609304-bmw-328
Khazar,LD,18500.0,AZN,2025,1.7 L,10500,Bakı,https://turbo.az/autos/10601107-khazar-ld
Land,Rover Discovery Sport,25000.0,AZN,2017,2.0 L,136368,Bakı,https://turbo.az/autos/10574482-land-rover-discovery-sport
Jeep,Grand Cherokee,44444.0,AZN,2014,6.4 L,192900,Bakı,https://turbo.az/autos/10626190-jeep-grand-cherokee
Toyota,Camry,59900.0,AZN,2026,2.5 L,0,Bakı,https://turbo.az/autos/10549447-toyota-camry
Hyundai,Sonata,47600.0,AZN,2023,2.0 L,32600,Bakı,https://turbo.az/autos/10633251-hyundai-sonata
Toyota,Highlander,58000.0,AZN,2020,2.5 L,118750,Bakı,https://turbo.az/autos/10555993-toyota-highlander
Kia,Picanto,11700.0,AZN,2015,1.0 L,157000,Bakı,https://turbo.az/autos/10634556-kia-picanto
Mazda,6,16000.0,AZN,2013,2.5 L,248124,Bakı,https://turbo.az/autos/10546445-mazda-6
Mercedes,C 180,5700.0,AZN,1993,1.8 L,254130,Bakı,https://turbo.az/autos/10250532-mercedes-c-180
Lexus,GX 460,46900.0,AZN,2013,4.6 L,180000,Bakı,https://turbo.az/autos/10527507-lexus-gx-460
Hyundai,Sonata,12800.0,AZN,2006,2.4 L,280000,Bakı,https://turbo.az/autos/10632516-hyundai-sonata
Hyundai,Elantra,23900.0,AZN,2017,1.6 L,153000,Bakı,https://turbo.az/autos/10320416-hyundai-elantra
LADA,(VAZ) 2110,7800.0,AZN,2010,1.5 L,230000,Bakı,https://turbo.az/autos/10626266-lada-vaz-2110
BYD,Yuan Up,41400.0,AZN,2026,1.5 L,0,Bakı,https://turbo.az/autos/10578365-byd-yuan-up
Chery,Fulwin 2,2500.0,AZN,2012,1.5 L,287000,Bakı,https://turbo.az/autos/10635872-chery-fulwin-2
GAZ,GAZel (3302-18),16000.0,AZN,2003,2.3 L,85000,Bakı,https://turbo.az/autos/10610456-gaz-gazel-3302-18
Land,Rover RR Sport,15700.0,AZN,2006,4.2 L,236000,Bakı,https://turbo.az/autos/10634513-land-rover-rr-sport
XPeng,X9,89900.0,AZN,2025,,0,Bakı,https://turbo.az/autos/9002355-xpeng-x9
Suzuki,Swift,35900.0,AZN,2024,1.2 L,0,Bakı,https://turbo.az/autos/9072179-suzuki-swift
Mercedes,G 63 AMG,557600.0,AZN,2025,4.0 L,8500,Bakı,https://turbo.az/autos/10552021-mercedes-g-63-amg
Toyota,Corolla,4500.0,AZN,2007,1.4 L,205413,Xırdalan,https://turbo.az/autos/10571261-toyota-corolla
Mercedes,C 43 AMG 4MATIC,65450.0,AZN,2020,3.0 L,75000,Bakı,https://turbo.az/autos/9642392-mercedes-c-43-amg-4matic
BMW,525,13000.0,AZN,2006,2.5 L,476000,Bakı,https://turbo.az/autos/9779058-bmw-525
Hyundai,Santa Fe,26300.0,AZN,2013,2.0 L,132012,Gəncə,https://turbo.az/autos/10557509-hyundai-santa-fe
SEAT,Leon,8900.0,AZN,2012,2.0 L,191000,Bakı,https://turbo.az/autos/10605359-seat-leon
Ford,Fusion (North America),17800.0,AZN,2014,2.0 L,210000,Bakı,https://turbo.az/autos/10613782-ford-fusion-north-america
Mercedes,E 220,18500.0,AZN,2006,2.2 L,320000,Bakı,https://turbo.az/autos/10624633-mercedes-e-220
LADA,(VAZ) 2106,4900.0,AZN,2005,1.6 L,250000,Bakı,https://turbo.az/autos/10629666-lada-vaz-2106
Hyundai,Accent,18900.0,AZN,2018,1.6 L,126000,Bakı,https://turbo.az/autos/10631783-hyundai-accent
BYD,Seal 06,38300.0,AZN,2026,1.5 L,0,Bakı,https://turbo.az/autos/10571143-byd-seal-06
Ford,Transit,23300.0,AZN,2007,2.4 L,267124,Sumqayıt,https://turbo.az/autos/10453697-ford-transit
BYD,Seal 06,42500.0,AZN,2026,1.5 L,0,Bakı,https://turbo.az/autos/10571055-byd-seal-06
BYD,Sea Lion 06,50800.0,AZN,2026,1.5 L,0,Bakı,https://turbo.az/autos/10572508-byd-sea-lion-06
Kia,Cerato,17900.0,AZN,2013,1.6 L,202000,Sabirabad,https://turbo.az/autos/10618082-kia-cerato
Changan,Uni-Z,35190.0,AZN,2025,1.5 L,0,Bakı,https://turbo.az/autos/10205270-changan-uni-z
Chevrolet,Cruze,15800.0,AZN,2016,1.4 L,200200,Bakı,https://turbo.az/autos/10618933-chevrolet-cruze
Toyota,Prius,11900.0,AZN,2007,1.5 L,500000,Bakı,https://turbo.az/autos/10635867-toyota-prius
Chevrolet,Trax,19700.0,AZN,2019,1.4 L,101000,Bakı,https://turbo.az/autos/10471991-chevrolet-trax
Ford,Transit,16000.0,AZN,1998,2.5 L,189000,İmişli,https://turbo.az/autos/10489354-ford-transit
Changan,Uni-Z,36680.0,AZN,2025,1.5 L,0,Bakı,https://turbo.az/autos/10002208-changan-uni-z
BYD,Sea Lion 06,50800.0,AZN,2026,1.5 L,0,Bakı,https://turbo.az/autos/10572541-byd-sea-lion-06
Mercedes,E 220 d,45800.0,AZN,2017,2.0 L,122000,Bakı,https://turbo.az/autos/10605673-mercedes-e-220-d
Kia,K5,28900.0,AZN,2021,1.5 L,196340,Bakı,https://turbo.az/autos/10635864-kia-k5
Mercedes,E 220,23800.0,AZN,2014,2.1 L,231000,Bakı,https://turbo.az/autos/10596772-mercedes-e-220
Kia,Optima,18900.0,AZN,2013,2.0 L,165762,Bakı,https://turbo.az/autos/10589495-kia-optima
Opel,Astra,7800.0,AZN,2001,1.6 L,123564,Sumqayıt,https://turbo.az/autos/10630830-opel-astra
BMW,520,25900.0,AZN,2014,2.0 L,241402,Bakı,https://turbo.az/autos/10632514-bmw-520
BMW,318,8500.0,AZN,2002,2.0 L,162000,Sumqayıt,https://turbo.az/autos/10602709-bmw-318
Hyundai,Santa Fe,49700.0,AZN,2021,1.6 L,66000,Bakı,https://turbo.az/autos/10423162-hyundai-santa-fe
Changan,Uni-Z,36689.0,AZN,2025,1.5 L,0,Bakı,https://turbo.az/autos/9297051-changan-uni-z
Land,Rover Discovery,31800.0,AZN,2015,3.0 L,208000,Bakı,https://turbo.az/autos/10635862-land-rover-discovery
Toyota,Land Cruiser Prado,28900.0,AZN,2008,2.7 L,187000,Bakı,https://turbo.az/autos/10632482-toyota-land-cruiser-prado
Hyundai,Elantra,20900.0,AZN,2014,1.8 L,166000,Bakı,https://turbo.az/autos/10635859-hyundai-elantra
HOWO,T7H,110000.0,AZN,2026,12 L,0,Sifarişlə,https://turbo.az/autos/9204509-howo-t7h
Mazda,CX-5,55300.0,AZN,2026,2.0 L,0,Bakı,https://turbo.az/autos/10314954-mazda-cx-5
Mercedes,S 500 4MATIC,186150.0,AZN,2020,3.0 L,52000,Bakı,https://turbo.az/autos/10604747-mercedes-s-500-4matic
Land,Rover Range Rover,62900.0,AZN,2014,3.0 L,212220,Bakı,https://turbo.az/autos/10624444-land-rover-range-rover
Chevrolet,Cobalt,17000.0,AZN,2026,1.5 L,0,Bakı,https://turbo.az/autos/9802183-chevrolet-cobalt
Mercedes,CLS 350,73500.0,AZN,2018,2.0 L,124000,Bakı,https://turbo.az/autos/10245416-mercedes-cls-350
Hyundai,Santa Fe,26800.0,AZN,2014,2.4 L,220000,Bakı,https://turbo.az/autos/10343249-hyundai-santa-fe
Mercedes,C 230,12500.0,AZN,1997,2.3 L,331000,Hacıqabul,https://turbo.az/autos/10576035-mercedes-c-230
Hyundai,Santa Fe,18600.0,AZN,2010,3.5 L,214000,Bakı,https://turbo.az/autos/10604050-hyundai-santa-fe
Hyundai,Elantra,17900.0,AZN,2015,1.8 L,145000,Bakı,https://turbo.az/autos/10621421-hyundai-elantra
Land,Rover Range Rover,49000.0,AZN,2016,3.0 L,150000,Bakı,https://turbo.az/autos/10626592-land-rover-range-rover
Toyota,Prius,10500.0,AZN,2006,1.5 L,482803,Sumqayıt,https://turbo.az/autos/10633458-toyota-prius
Ford,Fusion (North America),18900.0,AZN,2017,2.0 L,271979,Bakı,https://turbo.az/autos/10589461-ford-fusion-north-america
Changan,Uni-Z,32300.0,AZN,2025,1.5 L,0,Bakı,https://turbo.az/autos/9861258-changan-uni-z
Hyundai,Elantra,22500.0,AZN,2017,2.0 L,194000,Bakı,https://turbo.az/autos/10635809-hyundai-elantra
Subaru,Forester,15900.0,AZN,2013,2.5 L,156000,Bakı,https://turbo.az/autos/10498173-subaru-forester
Changan,Qiyuan Q07,46990.0,AZN,2025,1.5 L,0,Bakı,https://turbo.az/autos/10219384-changan-qiyuan-q07
Mercedes,E 280,11900.0,AZN,1998,2.8 L,395000,Bakı,https://turbo.az/autos/10608848-mercedes-e-280
Dayun,Yuehu,16500.0,AZN,2024,,0,Bakı,https://turbo.az/autos/9990281-dayun-yuehu
Changan,Qiyuan Q07,48500.0,AZN,2025,1.5 L,13000,Bakı,https://turbo.az/autos/10607584-changan-qiyuan-q07
Soueast,S05,24500.0,AZN,2026,1.5 L,0,Xırdalan,https://turbo.az/autos/10565977-soueast-s05
Changan,Qiyuan A05,25000.0,AZN,2024,1.5 L,17500,Bakı,https://turbo.az/autos/9662382-changan-qiyuan-a05
Dayun,Rehigh H8,51000.0,AZN,2024,,0,Bakı,https://turbo.az/autos/9990358-dayun-rehigh-h8
Mercedes,190,3500.0,AZN,1990,2.0 L,111000,Bərdə,https://turbo.az/autos/10632843-mercedes-190
Opel,Astra,11444.0,AZN,2006,1.4 L,360000,Bakı,https://turbo.az/autos/10594863-opel-astra
Porsche,Cayenne,17900.0,AZN,2007,3.6 L,278000,Bakı,https://turbo.az/autos/10602983-porsche-cayenne
Toyota,Land Cruiser Prado,15900.0,AZN,2003,2.7 L,320000,Bakı,https://turbo.az/autos/10615373-toyota-land-cruiser-prado
Mercedes,C 200,6600.0,AZN,1996,2.0 L,50000,Şirvan,https://turbo.az/autos/10603449-mercedes-c-200
Bestune,T77,26000.0,AZN,2026,1.5 L,0,Bakı,https://turbo.az/autos/10431081-bestune-t77
Land,Rover RR Velar,73000.0,AZN,2020,2.0 L,67000,Bakı,https://turbo.az/autos/10635861-land-rover-rr-velar
JAC,JS4,22000.0,AZN,2026,1.5 L,0,Xırdalan,https://turbo.az/autos/10391772-jac-js4
Toyota,Highlander,82000.0,AZN,2023,2.5 L,34400,Sumqayıt,https://turbo.az/autos/10342048-toyota-highlander
Toyota,Camry,16500.0,AZN,2007,2.4 L,243000,Bakı,https://turbo.az/autos/10635855-toyota-camry
Golden,Dragon TRİUMPH,292500.0,AZN,2026,9.5 L,0,Sifarişlə,https://turbo.az/autos/10186646-golden-dragon-triumph
Mazda,CX-5,73000.0,AZN,2026,2.5 L,0,Bakı,https://turbo.az/autos/8545828-mazda-cx-5
LADA,(VAZ) 2105,3500.0,AZN,1995,1.3 L,58000,Bakı,https://turbo.az/autos/10631101-lada-vaz-2105
Li,Auto L9,125000.0,AZN,2025,1.5 L,0,Bakı,https://turbo.az/autos/9822190-li-auto-l9
DongFeng,YiPai 008,61900.0,AZN,2025,1.5 L,0,Bakı,https://turbo.az/autos/9853739-dongfeng-yipai-008
KYC,V5,32900.0,AZN,2026,1.5 L,0,Bakı,https://turbo.az/autos/10203420-kyc-v5
Kia,Sportage,54800.0,AZN,2025,1.6 L,2600,Bakı,https://turbo.az/autos/10512521-kia-sportage
Ducati,1199 Panigale S,37400.0,AZN,2013,1.2 L,16000,Bakı,https://turbo.az/autos/8478237-ducati-1199-panigale-s
Nissan,X-Trail,26000.0,AZN,2014,2.5 L,106000,Bakı,https://turbo.az/autos/9152732-nissan-x-trail
Hyundai,Grandeur,39300.0,AZN,2017,2.2 L,184200,Bakı,https://turbo.az/autos/10292405-hyundai-grandeur
Mercedes,C 180,9200.0,AZN,1999,1.8 L,458841,Qəbələ,https://turbo.az/autos/10604561-mercedes-c-180
Audi,A6,45500.0,AZN,2021,2.0 L,124000,Bakı,https://turbo.az/autos/10606771-audi-a6
BMW,330,36550.0,AZN,2017,2.0 L,56062,Balakən,https://turbo.az/autos/10613846-bmw-330
BMW,535,18500.0,AZN,2012,3.0 L,214236,Bakı,https://turbo.az/autos/10630782-bmw-535
Nissan,Sentra,15800.0,AZN,2014,1.6 L,236000,Bakı,https://turbo.az/autos/10630800-nissan-sentra
Opel,Astra,9600.0,AZN,2006,1.4 L,235000,Gəncə,https://turbo.az/autos/10635854-opel-astra
BMW,320,8400.0,AZN,2000,2.2 L,334000,Bakı,https://turbo.az/autos/10628754-bmw-320
Golden,Dragon Splendor,183000.0,AZN,2026,5.2 L,0,Sifarişlə,https://turbo.az/autos/10423675-golden-dragon-splendor
Porsche,Panamera Turbo,144500.0,AZN,2018,4.0 L,49000,Bakı,https://turbo.az/autos/10599715-porsche-panamera-turbo
Mercedes,E 230,9800.0,AZN,1998,2.3 L,350526,Xaçmaz,https://turbo.az/autos/10635853-mercedes-e-230
Mercedes,G 350,115000.0,AZN,2013,3.0 L,170000,Bakı,https://turbo.az/autos/10221740-mercedes-g-350
Nissan,Maxima,5700.0,AZN,2002,3.0 L,465000,Bakı,https://turbo.az/autos/10635852-nissan-maxima
Golden,Dragon Splendor,218000.0,AZN,2026,6.7 L,0,Sifarişlə,https://turbo.az/autos/10187496-golden-dragon-splendor
Mercedes,C 180,15500.0,AZN,2007,1.8 L,284000,Bakı,https://turbo.az/autos/10635850-mercedes-c-180
Golden,Dragon City Bus,310000.0,AZN,2026,9.0 L,0,Sifarişlə,https://turbo.az/autos/10423786-golden-dragon-city-bus
Changan,Uni-Z,32700.0,AZN,2026,1.5 L,0,Bakı,https://turbo.az/autos/10633133-changan-uni-z
Chevrolet,Cruze,13700.0,AZN,2016,1.4 L,230500,Bakı,https://turbo.az/autos/10635849-chevrolet-cruze
Golden,Dragon City Bus,230000.0,AZN,2026,6.5 L,0,Sifarişlə,https://turbo.az/autos/10423886-golden-dragon-city-bus
Land,Rover Discovery,45500.0,AZN,2018,3.0 L,172000,Bakı,https://turbo.az/autos/10615920-land-rover-discovery
Chevrolet,Cruze,14500.0,AZN,2014,1.4 L,215000,Gəncə,https://turbo.az/autos/10524509-chevrolet-cruze
Toyota,Prius,16200.0,AZN,2013,1.8 L,215000,Bakı,https://turbo.az/autos/10628022-toyota-prius
LADA,(VAZ) 2107,6900.0,AZN,2010,1.6 L,59000,Bakı,https://turbo.az/autos/10615758-lada-vaz-2107
Li,Auto L9,125000.0,AZN,2025,1.5 L,0,Bakı,https://turbo.az/autos/9582599-li-auto-l9
Bentley,Bentayga,759339.0,AZN,2025,4.0 L,0,Bakı,https://turbo.az/autos/10315141-bentley-bentayga
Golden,Dragon Coaster,129900.0,AZN,2026,3.8 L,0,Sifarişlə,https://turbo.az/autos/10211491-golden-dragon-coaster
Bentley,Bentayga,671633.0,AZN,2025,4.0 L,0,Bakı,https://turbo.az/autos/9841230-bentley-bentayga
Bentley,Continental GT,738600.0,AZN,2025,4.0 L,0,Bakı,https://turbo.az/autos/9993355-bentley-continental-gt
LADA,(VAZ) 2115,6700.0,AZN,2012,1.6 L,555500,Bakı,https://turbo.az/autos/10635847-lada-vaz-2115
Golden,Dragon Navigator,332500.0,AZN,2026,9.5 L,0,Sifarişlə,https://turbo.az/autos/10185434-golden-dragon-navigator
Mercedes,S 63 AMG,360400.0,AZN,2024,4.0 L,8800,Bakı,https://turbo.az/autos/10117182-mercedes-s-63-amg
BMW,X3,160000.0,AZN,2025,2.0 L,0,Bakı,https://turbo.az/autos/10230262-bmw-x3
Audi,Q8,177067.0,AZN,2025,3.0 L,0,Bakı,https://turbo.az/autos/10300867-audi-q8
Audi,Q5 Sportback,138856.0,AZN,2026,2.0 L,0,Bakı,https://turbo.az/autos/10331752-audi-q5-sportback
Haval,H6,23700.0,AZN,2020,2.0 L,177000,Xırdalan,https://turbo.az/autos/10329954-haval-h6
Ford,Transit,20900.0,AZN,2008,2.4 L,215281,Bakı,https://turbo.az/autos/10601262-ford-transit
Hyundai,Sonata,34500.0,AZN,2022,2.0 L,66500,Bakı,https://turbo.az/autos/10603827-hyundai-sonata
Haval,H6 GT,37500.0,AZN,2023,2.0 L,46500,Gəncə,https://turbo.az/autos/10606493-haval-h6-gt
Toyota,Camry,43500.0,AZN,2020,2.5 L,89000,Bakı,https://turbo.az/autos/10612940-toyota-camry
Nissan,Note,12300.0,AZN,2014,1.2 L,130000,Bakı,https://turbo.az/autos/10626778-nissan-note
Mitsubishi,Outlander,21800.0,AZN,2013,2.4 L,186361,Sumqayıt,https://turbo.az/autos/10630467-mitsubishi-outlander
Kia,Sorento,28500.0,AZN,2014,2.0 L,290000,Bakı,https://turbo.az/autos/10633468-kia-sorento
Dodge,Durango,25500.0,AZN,2011,3.6 L,225000,Bakı,https://turbo.az/autos/10505632-dodge-durango
Mercedes,V 250,91999.0,AZN,2016,2.0 L,55000,Bakı,https://turbo.az/autos/10610537-mercedes-v-250
Li,Auto L9,125000.0,AZN,2025,1.5 L,0,Bakı,https://turbo.az/autos/9822190-li-auto-l9
LADA,(VAZ) 2107,5400.0,AZN,2003,1.6 L,86254,Bərdə,https://turbo.az/autos/10635846-lada-vaz-2107
Mercedes,C 200,9600.0,AZN,2000,2.0 L,591000,Bakı,https://turbo.az/autos/10581679-mercedes-c-200
Chevrolet,Cruze,16800.0,AZN,2017,1.4 L,140000,Bakı,https://turbo.az/autos/10629678-chevrolet-cruze
Volkswagen,Polo,16700.0,AZN,2019,1.6 L,113000,Bakı,https://turbo.az/autos/10626690-volkswagen-polo
Mercedes,E 200,65000.0,AZN,2021,2.0 L,71459,Bakı,https://turbo.az/autos/10625511-mercedes-e-200
Chevrolet,Malibu,19800.0,AZN,2023,1.5 L,65000,Bakı,https://turbo.az/autos/10625323-chevrolet-malibu
Toyota,Camry,60900.0,AZN,2026,2.0 L,0,Bakı,https://turbo.az/autos/10355354-toyota-camry
Chevrolet,Cruze,11600.0,AZN,2014,1.4 L,162000,Bakı,https://turbo.az/autos/10616989-chevrolet-cruze
Mercedes,C 300 4MATIC,33900.0,AZN,2016,2.0 L,160000,Bakı,https://turbo.az/autos/10635828-mercedes-c-300-4matic
BMW,328,29000.0,AZN,2016,2.0 L,175000,Bakı,https://turbo.az/autos/10255734-bmw-328
Toyota,RAV4,31900.0,AZN,2013,2.0 L,54800,Bakı,https://turbo.az/autos/10634626-toyota-rav4
Toyota,Camry,38800.0,AZN,2019,2.5 L,145000,Bakı,https://turbo.az/autos/10614907-toyota-camry
Ford,Transit,20900.0,AZN,2008,2.4 L,365000,Bakı,https://turbo.az/autos/10551872-ford-transit
Mercedes,E 220,17800.0,AZN,2007,2.2 L,298000,Bakı,https://turbo.az/autos/10630143-mercedes-e-220
Toyota,Land Cruiser Prado,27900.0,AZN,2006,2.7 L,82000,Bakı,https://turbo.az/autos/10601502-toyota-land-cruiser-prado
LADA,(VAZ) 2107,6100.0,AZN,2006,1.6 L,90000,Bakı,https://turbo.az/autos/10635844-lada-vaz-2107
Mercedes,E 220 d,42100.0,AZN,2016,2.0 L,179546,Bakı,https://turbo.az/autos/10586106-mercedes-e-220-d
Mercedes,C 180,7400.0,AZN,1998,1.8 L,240985,Gəncə,https://turbo.az/autos/10635842-mercedes-c-180
Volkswagen,Touareg,21900.0,AZN,2010,3.6 L,187000,Bakı,https://turbo.az/autos/10601549-volkswagen-touareg
Changan,Qiyuan Q07,46800.0,AZN,2025,1.5 L,0,Bakı,https://turbo.az/autos/10603548-changan-qiyuan-q07
Ford,Transit,8300.0,AZN,1996,2.5 L,233000,Qazax,https://turbo.az/autos/10635837-ford-transit
DongFeng,YiPai 008,61900.0,AZN,2025,1.5 L,0,Bakı,https://turbo.az/autos/9833467-dongfeng-yipai-008
DFSK,Fengon 380,26700.0,AZN,2025,1.5 L,0,Bakı,https://turbo.az/autos/9959359-dfsk-fengon-380
Changan,Oshan X5 Plus,25500.0,AZN,2026,1.5 L,0,Bakı,https://turbo.az/autos/10266177-changan-oshan-x5-plus
Changan,Uni-Z,32800.0,AZN,2025,1.5 L,0,Bakı,https://turbo.az/autos/10634050-changan-uni-z
Toyota,Corolla,33900.0,AZN,2023,1.6 L,40000,Bakı,https://turbo.az/autos/10285816-toyota-corolla
BMW,X5,99000.0,AZN,2022,2.0 L,100000,Bakı,https://turbo.az/autos/10315913-bmw-x5
Volkswagen,Jetta,3000.0,AZN,2000,2.0 L,475000,Bakı,https://turbo.az/autos/10382344-volkswagen-jetta
BMW,328,26200.0,AZN,2015,2.0 L,193800,Bakı,https://turbo.az/autos/10480098-bmw-328
BMW,528,29920.0,AZN,2016,2.0 L,90000,Bakı,https://turbo.az/autos/10540485-bmw-528
Mercedes,C 180,7800.0,AZN,1998,1.8 L,525000,Bakı,https://turbo.az/autos/10601208-mercedes-c-180
Hyundai,Grandeur,78000.0,AZN,2025,1.6 L,27000,Bakı,https://turbo.az/autos/10624456-hyundai-grandeur
Toyota,Land Cruiser,45500.0,AZN,2011,4.0 L,232000,Bakı,https://turbo.az/autos/10634326-toyota-land-cruiser
Ford,Transit,16000.0,AZN,1999,2.5 L,426000,Sumqayıt,https://turbo.az/autos/10425768-ford-transit
Ford,Transit,12800.0,AZN,2000,2.5 L,250000,Gəncə,https://turbo.az/autos/10635841-ford-transit
Opel,Astra,9800.0,AZN,2007,1.3 L,414000,Kürdəmir,https://turbo.az/autos/10192488-opel-astra
Changan,Eado,29900.0,AZN,2026,1.5 L,0,Bakı,https://turbo.az/autos/10568061-changan-eado
Changan,Qiyuan A05,24300.0,AZN,2024,1.5 L,12000,Quba,https://turbo.az/autos/10630547-changan-qiyuan-a05
BYD,Leopard 5,72000.0,AZN,2025,1.5 L,56000,Bakı,https://turbo.az/autos/10626300-byd-leopard-5
LADA,(VAZ) Priora,10600.0,AZN,2013,1.6 L,232000,Şamaxı,https://turbo.az/autos/10634807-lada-vaz-priora
Changan,Uni-Z,33800.0,AZN,2025,1.5 L,11500,Bakı,https://turbo.az/autos/10633474-changan-uni-z
Lexus,RX 350h,110500.0,AZN,2024,2.5 L,48000,Bakı,https://turbo.az/autos/10605086-lexus-rx-350h
Land,Rover Range Rover,357000.0,AZN,2023,4.4 L,22333,Bakı,https://turbo.az/autos/10509311-land-rover-range-rover
Hyundai,Elantra,13900.0,AZN,2014,1.8 L,350480,Bakı,https://turbo.az/autos/10635836-hyundai-elantra
LADA,(VAZ) 2107,8300.0,AZN,2008,1.5 L,158000,Ağcabədi,https://turbo.az/autos/10635823-lada-vaz-2107
BMW,525,9500.0,AZN,1995,2.5 L,472000,Bakı,https://turbo.az/autos/10468114-bmw-525
Porsche,Cayenne GTS,32000.0,AZN,2009,4.8 L,152000,Bakı,https://turbo.az/autos/10568712-porsche-cayenne-gts
Hyundai,Elantra,6000.0,AZN,2005,2.0 L,312000,Bakı,https://turbo.az/autos/10635835-hyundai-elantra
Changan,Uni-T,35800.0,AZN,2025,1.5 L,0,Bakı,https://turbo.az/autos/10109194-changan-uni-t
Land,Rover Defender,161500.0,AZN,2023,3.0 L,65000,Bakı,https://turbo.az/autos/10593886-land-rover-defender
BYD,Destroyer 05,25000.0,AZN,2025,1.5 L,0,Bakı,https://turbo.az/autos/10595496-byd-destroyer-05
LADA,(VAZ) 2109,2600.0,AZN,1995,1.5 L,90000,Xaçmaz,https://turbo.az/autos/10635819-lada-vaz-2109
Ford,Transit,18600.0,AZN,2007,2.4 L,240000,Sumqayıt,https://turbo.az/autos/10627837-ford-transit
GAZ,Volga Siber,11000.0,AZN,2009,2.4 L,165500,Bakı,https://turbo.az/autos/10343755-gaz-volga-siber
Ford,Transit,27400.0,AZN,2011,2.4 L,128000,Bakı,https://turbo.az/autos/10610586-ford-transit
Porsche,Cayenne,32000.0,AZN,2013,3.6 L,190000,Bakı,https://turbo.az/autos/10576958-porsche-cayenne
Changan,Uni-K iDD,49900.0,AZN,2025,1.5 L,0,Bakı,https://turbo.az/autos/9444596-changan-uni-k-idd
JAC,JS8,29500.0,AZN,2026,1.5 L,0,Bakı,https://turbo.az/autos/9568637-jac-js8
Mercedes,V 300 d,209126.0,AZN,2026,2.0 L,0,Bakı,https://turbo.az/autos/10516895-mercedes-v-300-d
Hyundai,Elantra,29300.0,AZN,2026,1.5 L,0,Sifarişlə,https://turbo.az/autos/10528610-hyundai-elantra
Changan,Uni-Z,37280.0,AZN,2025,1.5 L,0,Bakı,https://turbo.az/autos/10582394-changan-uni-z
Land,Rover Discovery Sport,32000.0,AZN,2015,2.0 L,99000,Bakı,https://turbo.az/autos/10077760-land-rover-discovery-sport
Land,Rover Discovery,40290.0,AZN,2017,2.0 L,245000,Bakı,https://turbo.az/autos/10411216-land-rover-discovery
Volkswagen,ID.6 Crozz,30000.0,AZN,2023,,80290,Bakı,https://turbo.az/autos/10527209-volkswagen-id-6-crozz
Chevrolet,Cruze,16200.0,AZN,2016,1.4 L,95500,Gəncə,https://turbo.az/autos/10576195-chevrolet-cruze
BMW,330,23500.0,AZN,2015,2.0 L,196000,Bakı,https://turbo.az/autos/10605121-bmw-330
Mercedes,B 180,12300.0,AZN,2010,1.7 L,128000,Sumqayıt,https://turbo.az/autos/10620314-mercedes-b-180
Mercedes,200 E,4100.0,AZN,1992,2.0 L,73587,Quba,https://turbo.az/autos/10629936-mercedes-200-e
Hyundai,Santa Fe,55999.0,AZN,2025,1.6 L,1680,Bakı,https://turbo.az/autos/10630055-hyundai-santa-fe
Mercedes,C 220,10800.0,AZN,2002,2.1 L,523000,Bakı,https://turbo.az/autos/10629607-mercedes-c-220
Lexus,GX 460,57800.0,AZN,2014,4.6 L,210400,Bakı,https://turbo.az/autos/10577637-lexus-gx-460
BYD,Shark,71900.0,AZN,2026,1.5 L,0,Sifarişlə,https://turbo.az/autos/10600688-byd-shark
Nissan,X-Trail,27000.0,AZN,2018,2.0 L,143070,Bakı,https://turbo.az/autos/10570545-nissan-x-trail
Chevrolet,Malibu,21000.0,AZN,2021,1.5 L,120000,Bakı,https://turbo.az/autos/10631355-chevrolet-malibu
BMW,330,47600.0,AZN,2019,2.0 L,89100,Bakı,https://turbo.az/autos/9499077-bmw-330
LADA,(VAZ) 2107,5900.0,AZN,2008,1.6 L,156000,Şirvan,https://turbo.az/autos/10635832-lada-vaz-2107
BMW,525,21500.0,AZN,2008,2.5 L,141000,Bakı,https://turbo.az/autos/10481529-bmw-525
Changan,Uni-Z,32899.0,AZN,2025,1.5 L,0,Bakı,https://turbo.az/autos/10562914-changan-uni-z
LADA,(VAZ) 2106,3500.0,AZN,1997,1.6 L,546959,İmişli,https://turbo.az/autos/10635839-lada-vaz-2106
Toyota,Prius,11700.0,AZN,2007,1.5 L,291291,Bakı,https://turbo.az/autos/10628055-toyota-prius
Toyota,RAV4,49900.0,AZN,2020,2.0 L,43000,Bakı,https://turbo.az/autos/10240689-toyota-rav4
Mercedes,E 240,13500.0,AZN,1999,2.4 L,456000,Bakı,https://turbo.az/autos/10356523-mercedes-e-240
Kia,Sorento,36800.0,AZN,2016,2.0 L,101220,Bakı,https://turbo.az/autos/10589482-kia-sorento
BMW,530,15500.0,AZN,2002,3.0 L,343000,Bakı,https://turbo.az/autos/10607064-bmw-530
Changan,Uni-Z,34899.0,AZN,2025,1.5 L,0,Bakı,https://turbo.az/autos/10570363-changan-uni-z
Kia,Sorento,32800.0,AZN,2016,2.0 L,207000,Bakı,https://turbo.az/autos/10629410-kia-sorento
Hyundai,Tucson,10100.0,AZN,2006,2.7 L,225369,Cəlilabad,https://turbo.az/autos/10576429-hyundai-tucson
Mercedes,E 320,7500.0,AZN,1995,3.2 L,380000,Sumqayıt,https://turbo.az/autos/10581159-mercedes-e-320
Mercedes,E 300,9800.0,AZN,1999,3.0 L,356000,Bakı,https://turbo.az/autos/10635831-mercedes-e-300
Kia,Sorento,32500.0,AZN,2015,2.0 L,373000,Lənkəran,https://turbo.az/autos/10603359-kia-sorento
Mercedes,E 300 e 4MATIC,116620.0,AZN,2023,2.0 L,47158,Bakı,https://turbo.az/autos/10530000-mercedes-e-300-e-4matic
Hyundai,Santa Fe,36500.0,AZN,2020,2.0 L,144841,Bakı,https://turbo.az/autos/10508965-hyundai-santa-fe
Toyota,Camry,18500.0,AZN,2008,2.4 L,229000,Bakı,https://turbo.az/autos/10620295-toyota-camry
ZEEKR,007 GT,84150.0,AZN,2026,,0,Bakı,https://turbo.az/autos/9797859-zeekr-007-gt
Toyota,Highlander,116900.0,AZN,2025,2.5 L,0,Bakı,https://turbo.az/autos/10034367-toyota-highlander
Hyundai,Sonata,64900.0,AZN,2025,2.0 L,0,Bakı,https://turbo.az/autos/10093440-hyundai-sonata
Changan,Oshan X5 Plus,25200.0,AZN,2026,1.5 L,0,Bakı,https://turbo.az/autos/10616552-changan-oshan-x5-plus
ZEEKR,001,130000.0,AZN,2024,,23000,Bakı,https://turbo.az/autos/10490983-zeekr-001
Mercedes,E 270,13800.0,AZN,2001,2.7 L,589000,Bakı,https://turbo.az/autos/10532633-mercedes-e-270
Toyota,Prius,17900.0,AZN,2014,1.8 L,460272,Bakı,https://turbo.az/autos/10548725-toyota-prius
Hyundai,Sonata,35200.0,AZN,2022,2.0 L,103000,Bakı,https://turbo.az/autos/10595039-hyundai-sonata
Mercedes,E 220,33500.0,AZN,2015,2.1 L,155000,Bakı,https://turbo.az/autos/10607424-mercedes-e-220
Ford,Transit,21800.0,AZN,2011,2.2 L,78000,Sumqayıt,https://turbo.az/autos/10620023-ford-transit
Zontes,310V,7300.0,AZN,2021,,32150,Bakı,https://turbo.az/autos/10624312-zontes-310v
Audi,A5,21000.0,AZN,2013,2.0 L,190000,Bakı,https://turbo.az/autos/10636043-audi-a5
M-Hero,817,106900.0,AZN,2025,1.5 L,0,Bakı,https://turbo.az/autos/9944823-m-hero-817
LADA,(VAZ) 2115,7500.0,AZN,2007,1.6 L,328832,Oğuz,https://turbo.az/autos/10635829-lada-vaz-2115
Ford,Transit,24500.0,AZN,2009,2.4 L,236000,Bakı,https://turbo.az/autos/10604997-ford-transit
Opel,Zafira,7000.0,AZN,2000,1.6 L,242150,Bakı,https://turbo.az/autos/10562637-opel-zafira
Kia,Sorento,37000.0,AZN,2016,2.0 L,98000,Bakı,https://turbo.az/autos/10622875-kia-sorento
Kia,Rio,15000.0,AZN,2013,1.4 L,212000,Bakı,https://turbo.az/autos/10624278-kia-rio
Chevrolet,Malibu,20300.0,AZN,2021,1.5 L,106000,Bakı,https://turbo.az/autos/10621967-chevrolet-malibu
Opel,Astra,8600.0,AZN,2006,1.7 L,280023,Sumqayıt,https://turbo.az/autos/10607001-opel-astra
Wuling,Starlight S,44000.0,AZN,2026,1.5 L,0,Bakı,https://turbo.az/autos/8958651-wuling-starlight-s
Land,Rover Range Rover,16700.0,AZN,2004,4.4 L,298754,Gəncə,https://turbo.az/autos/10635827-land-rover-range-rover
Wuling,Starlight S,44000.0,AZN,2026,1.5 L,0,Bakı,https://turbo.az/autos/10605817-wuling-starlight-s
Land,Rover RR Evoque,33000.0,AZN,2017,2.0 L,150000,Bakı,https://turbo.az/autos/10031173-land-rover-rr-evoque
BMW,X5,104000.0,AZN,2021,3.0 L,70000,Bakı,https://turbo.az/autos/10630651-bmw-x5
SEAT,Ibiza,5900.0,AZN,2012,1.4 L,370000,Bakı,https://turbo.az/autos/10616433-seat-ibiza
Kia,Sorento,32003.0,AZN,2015,2.0 L,177800,Bakı,https://turbo.az/autos/10506229-kia-sorento
BYD,Destroyer 05,48600.0,AZN,2025,1.5 L,0,Bakı,https://turbo.az/autos/10578183-byd-destroyer-05
Audi,A6,127827.0,AZN,2026,2.0 L,0,Sifarişlə,https://turbo.az/autos/9919199-audi-a6
Audi,SQ8,249351.0,AZN,2026,4.0 L,0,Sifarişlə,https://turbo.az/autos/10481380-audi-sq8
Mercedes,S 63 AMG,27000.0,AZN,2007,6.2 L,143000,Bakı,https://turbo.az/autos/10635825-mercedes-s-63-amg
Porsche,Boxster GTS,79900.0,AZN,2014,3.4 L,136000,Bakı,https://turbo.az/autos/10319246-porsche-boxster-gts
Mercedes,E 300,44900.0,AZN,2018,2.0 L,130000,Masallı,https://turbo.az/autos/10598055-mercedes-e-300
BMW,530,39900.0,AZN,2017,2.0 L,140000,Bakı,https://turbo.az/autos/10612295-bmw-530
Changan,Deepal SL03,31000.0,AZN,2025,1.5 L,0,Bakı,https://turbo.az/autos/10602898-changan-deepal-sl03
MG,RX8,41900.0,AZN,2021,2.0 L,26200,Bakı,https://turbo.az/autos/10517984-mg-rx8
Toyota,Camry,78030.0,AZN,2026,2.5 L,0,Bakı,https://turbo.az/autos/9064626-toyota-camry
Bestune,B70,30000.0,AZN,2026,1.5 L,0,Bakı,https://turbo.az/autos/10147885-bestune-b70
Nissan,Note,16800.0,AZN,2017,1.2 L,62000,Bakı,https://turbo.az/autos/10497442-nissan-note
Mazda,CX-90,75900.0,AZN,2023,3.3 L,42000,Bakı,https://turbo.az/autos/10606698-mazda-cx-90
Mercedes,Viano,26700.0,AZN,2008,2.1 L,280000,Bakı,https://turbo.az/autos/10385668-mercedes-viano
Volkswagen,Touareg,12800.0,AZN,2006,3.6 L,368500,Bakı,https://turbo.az/autos/10445351-volkswagen-touareg
Hyundai,Sonata,12900.0,AZN,2006,2.0 L,385000,Bakı,https://turbo.az/autos/10603145-hyundai-sonata
Hyundai,Accent,8800.0,AZN,2005,1.5 L,333671,Bakı,https://turbo.az/autos/10605982-hyundai-accent
Mercedes,E 220 d,56950.0,AZN,2019,2.0 L,94000,Bakı,https://turbo.az/autos/10623540-mercedes-e-220-d
Hyundai,Elantra,25800.0,AZN,2018,2.0 L,109435,Bakı,https://turbo.az/autos/10625399-hyundai-elantra
Kia,Sorento,30900.0,AZN,2015,2.0 L,228000,Bakı,https://turbo.az/autos/10625795-kia-sorento
Hyundai,Santa Fe,26500.0,AZN,2014,2.4 L,184000,Bakı,https://turbo.az/autos/10635099-hyundai-santa-fe
ZEEKR,001,65000.0,AZN,2024,,18000,Bakı,https://turbo.az/autos/10262992-zeekr-001
Changan,Uni-Z,35500.0,AZN,2025,1.5 L,0,Bakı,https://turbo.az/autos/10037713-changan-uni-z
Changan,Uni-Z,33300.0,AZN,2025,1.5 L,0,Bakı,https://turbo.az/autos/10005635-changan-uni-z
Geely,Galaxy A7,28500.0,AZN,2025,1.5 L,0,Bakı,https://turbo.az/autos/9982972-geely-galaxy-a7
Changan,Qiyuan Q07,45000.0,AZN,2025,1.5 L,12000,Bakı,https://turbo.az/autos/9980947-changan-qiyuan-q07
Kia,Sorento,59500.0,AZN,2024,2.5 L,8000,Bakı,https://turbo.az/autos/10547934-kia-sorento
Kia,Optima,11800.0,AZN,2006,2.0 L,312000,Bakı,https://turbo.az/autos/10635822-kia-optima
LADA,(VAZ) 21099,3200.0,AZN,1997,1.5 L,685688,Bərdə,https://turbo.az/autos/10624052-lada-vaz-21099
Chevrolet,Lacetti,7200.0,AZN,2008,1.6 L,302000,Bakı,https://turbo.az/autos/10635821-chevrolet-lacetti
BMW,550,42900.0,AZN,2013,4.4 L,95000,Bakı,https://turbo.az/autos/10425024-bmw-550
Isuzu,NPR 75,47000.0,AZN,2016,3.9 L,413713,Bakı,https://turbo.az/autos/10635820-isuzu-npr-75
Changan,Qiyuan A05,28500.0,AZN,2025,1.5 L,2300,Bakı,https://turbo.az/autos/10564416-changan-qiyuan-a05
Ford,Fusion (North America),24700.0,AZN,2020,2.0 L,121000,Bakı,https://turbo.az/autos/10624653-ford-fusion-north-america
LADA,(VAZ) 2115,6300.0,AZN,2008,1.6 L,183748,Bakı,https://turbo.az/autos/10622354-lada-vaz-2115
Mercedes,190,6200.0,AZN,1992,1.8 L,465000,Bakı,https://turbo.az/autos/10635762-mercedes-190
Ford,Transit,11700.0,AZN,1998,2.5 L,432000,Saatlı,https://turbo.az/autos/10627608-ford-transit
Changan,Qiyuan Q07,42800.0,AZN,2025,1.5 L,0,Bakı,https://turbo.az/autos/10026833-changan-qiyuan-q07
Chevrolet,Equinox,20700.0,AZN,2019,1.5 L,158032,Şəmkir,https://turbo.az/autos/10621284-chevrolet-equinox
Hyundai,Grandeur,25800.0,AZN,2014,2.2 L,220000,Bakı,https://turbo.az/autos/10520063-hyundai-grandeur
Toyota,Prius,9300.0,AZN,2009,1.5 L,400000,Bakı,https://turbo.az/autos/10635818-toyota-prius
Hyundai,Sonata,36800.0,AZN,2021,1.6 L,115873,Bakı,https://turbo.az/autos/10618455-hyundai-sonata
Mercedes,190,4900.0,AZN,1987,2.0 L,227000,Bakı,https://turbo.az/autos/10594833-mercedes-190
Kia,Sorento,32500.0,AZN,2017,2.0 L,175000,Gəncə,https://turbo.az/autos/10628218-kia-sorento
Mercedes,S 500 4MATIC,148580.0,AZN,2022,3.0 L,41000,Bakı,https://turbo.az/autos/10563041-mercedes-s-500-4matic
GAC,GS3 Emzoom,29900.0,AZN,2026,1.5 L,0,Bakı,https://turbo.az/autos/10293103-gac-gs3-emzoom
Changan,Qiyuan Q07,40100.0,AZN,2025,1.5 L,0,Bakı,https://turbo.az/autos/10342007-changan-qiyuan-q07
Voyah,Passion,110500.0,AZN,2026,1.5 L,0,Bakı,https://turbo.az/autos/10423509-voyah-passion
Kia,Niro,53900.0,AZN,2025,1.6 L,0,Bakı,https://turbo.az/autos/10471824-kia-niro
Audi,RS7,63500.0,AZN,2015,4.0 L,140000,Bakı,https://turbo.az/autos/9938136-audi-rs7
Honda,Civic,13500.0,AZN,2011,1.5 L,392000,Sumqayıt,https://turbo.az/autos/10365494-honda-civic
Porsche,Cayenne Turbo,138000.0,AZN,2020,4.0 L,86000,Bakı,https://turbo.az/autos/10591358-porsche-cayenne-turbo
Kia,Sorento,59300.0,AZN,2023,2.2 L,26500,Bakı,https://turbo.az/autos/10598175-kia-sorento
Hyundai,Santa Fe,42500.0,AZN,2022,1.6 L,175000,Bakı,https://turbo.az/autos/10600448-hyundai-santa-fe
Hyundai,Elantra,28500.0,AZN,2023,1.6 L,57000,Yevlax,https://turbo.az/autos/10601902-hyundai-elantra
Mercedes,E 300,43500.0,AZN,2018,2.0 L,180000,Bakı,https://turbo.az/autos/10631428-mercedes-e-300
Mercedes,GL 500 4MATIC,32000.0,AZN,2011,5.5 L,157000,Bakı,https://turbo.az/autos/10636129-mercedes-gl-500-4matic
Ford,Fusion (North America),20800.0,AZN,2020,1.5 L,195000,Bakı,https://turbo.az/autos/10534028-ford-fusion-north-america
Mercedes,GLS 580 4MATIC,163000.0,AZN,2022,4.0 L,52000,Bakı,https://turbo.az/autos/10601739-mercedes-gls-580-4matic
Audi,A7,77500.0,AZN,2018,3.0 L,88000,Bakı,https://turbo.az/autos/10238849-audi-a7
Toyota,Camry,57500.0,AZN,2025,2.0 L,0,Bakı,https://turbo.az/autos/10450590-toyota-camry
Volkswagen,Magotan,44500.0,AZN,2022,1.4 L,85000,Bakı,https://turbo.az/autos/10484333-volkswagen-magotan
Toyota,Wildlander,64500.0,AZN,2026,2.0 L,0,Bakı,https://turbo.az/autos/10588599-toyota-wildlander
BMW,528,23500.0,AZN,2011,2.0 L,240000,Bakı,https://turbo.az/autos/10616264-bmw-528
Mercedes,C 250,21500.0,AZN,2014,1.8 L,133000,Bakı,https://turbo.az/autos/10419557-mercedes-c-250
Mitsubishi,Destinator,59900.0,AZN,2026,1.5 L,0,Sifarişlə,https://turbo.az/autos/10333885-mitsubishi-destinator
Nio,ET5,45050.0,AZN,2025,,8000,Bakı,https://turbo.az/autos/10519691-nio-et5
Changan,CS 75 Plus,51500.0,AZN,2026,1.5 L,10,Bakı,https://turbo.az/autos/10630632-changan-cs-75-plus
Geely,Galaxy A7,27950.0,AZN,2025,1.5 L,0,Bakı,https://turbo.az/autos/9910941-geely-galaxy-a7
Kia,K5,32900.0,AZN,2020,1.6 L,163250,Bakı,https://turbo.az/autos/10614112-kia-k5
Hyundai,Sonata,21600.0,AZN,2013,2.4 L,138000,Bakı,https://turbo.az/autos/10617257-hyundai-sonata
Chevrolet,Equinox,21600.0,AZN,2018,1.5 L,130000,Bakı,https://turbo.az/autos/10609978-chevrolet-equinox
Hyundai,Elantra,20100.0,AZN,2014,1.8 L,319000,Füzuli,https://turbo.az/autos/10627863-hyundai-elantra
Lexus,LX 570,37060.0,AZN,2009,5.7 L,180000,Bakı,https://turbo.az/autos/10579997-lexus-lx-570
Mercedes,GL 500 4MATIC,67150.0,AZN,2013,4.7 L,66000,Bakı,https://turbo.az/autos/10154531-mercedes-gl-500-4matic
Hyundai,Elantra,22500.0,AZN,2016,2.0 L,179696,Bakı,https://turbo.az/autos/10634023-hyundai-elantra
Chevrolet,Captiva,15500.0,AZN,2007,2.0 L,256000,Füzuli,https://turbo.az/autos/10577106-chevrolet-captiva
Kia,Sorento,25000.0,AZN,2010,2.0 L,195000,Yardımlı,https://turbo.az/autos/10635812-kia-sorento
BMW,318,10000.0,AZN,2003,2.0 L,323000,Sumqayıt,https://turbo.az/autos/10582140-bmw-318
Mercedes,E 300,68000.0,AZN,2020,2.0 L,119000,Bakı,https://turbo.az/autos/10582618-mercedes-e-300
Toyota,Camry,50000.0,AZN,2022,2.5 L,133400,Şirvan,https://turbo.az/autos/10371367-toyota-camry
BMW,i5,97750.0,AZN,2023,,24000,Bakı,https://turbo.az/autos/10509622-bmw-i5
Hyundai,Accent,19000.0,AZN,2019,1.4 L,100000,Bakı,https://turbo.az/autos/10601078-hyundai-accent
Land,Rover Range Rover,61800.0,AZN,2016,3.0 L,132000,Bakı,https://turbo.az/autos/10601453-land-rover-range-rover
IM,LS8 EREV,99960.0,AZN,2026,1.5 L,0,Sifarişlə,https://turbo.az/autos/10624090-im-ls8-erev
Changan,Eado,11000.0,AZN,2014,1.6 L,190000,Bakı,https://turbo.az/autos/10350609-changan-eado
Porsche,Panamera 4 E-Hybrid,246500.0,AZN,2024,2.9 L,750,Bakı,https://turbo.az/autos/10520002-porsche-panamera-4-e-hybrid
Mercedes,Viano,76500.0,AZN,2016,2.1 L,265000,Bakı,https://turbo.az/autos/10575077-mercedes-viano
Lexus,CT 200h,21300.0,AZN,2014,1.8 L,185075,Bakı,https://turbo.az/autos/10580262-lexus-ct-200h
Ford,Fusion (North America),15500.0,AZN,2014,1.5 L,148000,Sumqayıt,https://turbo.az/autos/10603341-ford-fusion-north-america
Mercedes,190,6500.0,AZN,1990,2.0 L,485000,Bakı,https://turbo.az/autos/10614212-mercedes-190
Chevrolet,Malibu,18000.0,AZN,2018,1.5 L,227000,Bakı,https://turbo.az/autos/10620860-chevrolet-malibu
Changan,CS 75 Plus,43500.0,AZN,2026,2.0 L,0,Bakı,https://turbo.az/autos/10625708-changan-cs-75-plus
Toyota,Camry,50000.0,AZN,2022,2.5 L,133400,Şirvan,https://turbo.az/autos/10371367-toyota-camry
Hyundai,Santa Fe,42500.0,AZN,2022,1.6 L,175000,Bakı,https://turbo.az/autos/10600448-hyundai-santa-fe
Kia,Sorento,32500.0,AZN,2015,2.0 L,176000,Bakı,https://turbo.az/autos/10635808-kia-sorento
Volkswagen,Golf,3900.0,AZN,1998,1.4 L,458763,Bakı,https://turbo.az/autos/10635792-volkswagen-golf
Tofas,Dogan,4400.0,AZN,2005,1.6 L,195000,Bakı,https://turbo.az/autos/10612685-tofas-dogan
LADA,(VAZ) 2115,8900.0,AZN,2011,1.6 L,160000,Bərdə,https://turbo.az/autos/10635807-lada-vaz-2115
Kia,K5,21000.0,AZN,2014,2.0 L,133000,Bakı,https://turbo.az/autos/10635805-kia-k5
Mercedes,GL 500 4MATIC,19400.0,AZN,2007,5.5 L,273200,Bakı,https://turbo.az/autos/10625592-mercedes-gl-500-4matic
Mercedes,GLS 450 4MATIC,203830.0,AZN,2024,3.0 L,9533,Bakı,https://turbo.az/autos/10572993-mercedes-gls-450-4matic
Kia,K3,25900.0,AZN,2018,1.6 L,65000,Bakı,https://turbo.az/autos/10550553-kia-k3
Mercedes,E 300,39000.0,AZN,2017,2.0 L,237000,Bakı,https://turbo.az/autos/10635505-mercedes-e-300
BMW,750,17900.0,AZN,2009,4.4 L,225000,Bakı,https://turbo.az/autos/10635804-bmw-750
Ford,Mustang,38500.0,AZN,2021,2.3 L,99830,Bakı,https://turbo.az/autos/10635817-ford-mustang
Hyundai,Elantra,31800.0,AZN,2024,1.6 L,50000,Bakı,https://turbo.az/autos/10458166-hyundai-elantra
Mercedes,E 240,8300.0,AZN,1998,2.4 L,258000,Bakı,https://turbo.az/autos/10634657-mercedes-e-240
Hyundai,Accent,20900.0,AZN,2019,1.4 L,153000,Bakı,https://turbo.az/autos/10595392-hyundai-accent
BMW,320,5800.0,AZN,1996,2.0 L,265350,Bakı,https://turbo.az/autos/10624635-bmw-320
Opel,Astra,8300.0,AZN,1999,1.6 L,270000,Bakı,https://turbo.az/autos/10627186-opel-astra
Toyota,Prius,11300.0,AZN,2008,1.5 L,321528,Bakı,https://turbo.az/autos/10536201-toyota-prius
Chevrolet,Captiva,18900.0,AZN,2012,3.0 L,175000,Sumqayıt,https://turbo.az/autos/10635815-chevrolet-captiva
Opel,Astra,9500.0,AZN,2009,1.3 L,278000,Bakı,https://turbo.az/autos/10628812-opel-astra
Mercedes,E 280,15800.0,AZN,2000,2.8 L,212325,Bakı,https://turbo.az/autos/10635802-mercedes-e-280
Lexus,ES 250,60000.0,AZN,2021,2.5 L,142000,Bakı,https://turbo.az/autos/10611371-lexus-es-250
Toyota,Camry,46500.0,AZN,2021,2.5 L,46000,Bakı,https://turbo.az/autos/10600860-toyota-camry
BMW,iX,171000.0,AZN,2025,,0,Bakı,https://turbo.az/autos/9961918-bmw-ix
Lexus,GS 250,34500.0,AZN,2013,2.5 L,165000,Bakı,https://turbo.az/autos/9975755-lexus-gs-250
ZEEKR,007 GT,84150.0,AZN,2026,,0,Bakı,https://turbo.az/autos/10234655-zeekr-007-gt
Kia,Forte,19400.0,AZN,2016,1.6 L,107000,Bakı,https://turbo.az/autos/10631235-kia-forte
Porsche,Cayenne Turbo,23700.0,AZN,2010,4.8 L,253000,Bakı,https://turbo.az/autos/10068946-porsche-cayenne-turbo
Jeep,Wrangler,75000.0,AZN,2024,2.0 L,47000,Bakı,https://turbo.az/autos/10534333-jeep-wrangler
Toyota,Highlander,70500.0,AZN,2022,2.5 L,65000,Bakı,https://turbo.az/autos/10554009-toyota-highlander
Kia,Sorento,29500.0,AZN,2015,2.0 L,220000,Bakı,https://turbo.az/autos/10582749-kia-sorento
Hyundai,Grandeur,34800.0,AZN,2017,2.2 L,168000,Bakı,https://turbo.az/autos/10589214-hyundai-grandeur
Toyota,Land Cruiser,43350.0,AZN,2009,4.0 L,416000,Bakı,https://turbo.az/autos/10594933-toyota-land-cruiser
Mercedes,C 240,13300.0,AZN,1999,2.4 L,405000,Bakı,https://turbo.az/autos/10606527-mercedes-c-240
Mercedes,E 300,22900.0,AZN,2009,3.0 L,305000,Bakı,https://turbo.az/autos/10626497-mercedes-e-300
Geely,Monjaro,49000.0,AZN,2025,1.5 L,20000,Bakı,https://turbo.az/autos/10541575-geely-monjaro
Mitsubishi,Airtrek,8800.0,AZN,2002,2.0 L,185000,Bakı,https://turbo.az/autos/10624206-mitsubishi-airtrek
Honda,Accord,32000.0,AZN,2024,1.5 L,93000,Bakı,https://turbo.az/autos/10629807-honda-accord
Chevrolet,Equinox,20400.0,AZN,2018,1.5 L,128000,Bakı,https://turbo.az/autos/9466082-chevrolet-equinox
Mercedes,GLS 400 4MATIC,87550.0,AZN,2018,3.0 L,71000,Bakı,https://turbo.az/autos/9637786-mercedes-gls-400-4matic
DongFeng,Aeolus S30,7000.0,AZN,2016,1.6 L,40000,Bakı,https://turbo.az/autos/10635719-dongfeng-aeolus-s30
Toyota,Corolla,36620.0,AZN,2026,1.8 L,0,Sifarişlə,https://turbo.az/autos/10303305-toyota-corolla
Mercedes,C 180,8900.0,AZN,1998,1.8 L,254755,Bakı,https://turbo.az/autos/10626666-mercedes-c-180
Kia,KX1,35900.0,AZN,2026,1.4 L,0,Bakı,https://turbo.az/autos/10635803-kia-kx1
Chevrolet,Cruze,13600.0,AZN,2015,1.4 L,105000,Sumqayıt,https://turbo.az/autos/10433870-chevrolet-cruze
Nissan,Pathfinder,21500.0,AZN,2014,3.5 L,193000,Bakı,https://turbo.az/autos/10589184-nissan-pathfinder
LADA,(VAZ) Priora,11700.0,AZN,2013,1.6 L,179000,Bakı,https://turbo.az/autos/10612710-lada-vaz-priora
LADA,(VAZ) 2107,7900.0,AZN,2011,1.6 L,48569,Masallı,https://turbo.az/autos/10635801-lada-vaz-2107
Changan,Uni-Z,34000.0,AZN,2026,1.5 L,0,Bakı,https://turbo.az/autos/10390012-changan-uni-z
Hyundai,Santa Fe,32500.0,AZN,2014,2.0 L,158000,Bakı,https://turbo.az/autos/10594169-hyundai-santa-fe
Hyundai,Elantra,22500.0,AZN,2018,2.0 L,180000,Bakı,https://turbo.az/autos/10625494-hyundai-elantra
Hyundai,Santa Fe,31000.0,AZN,2016,2.0 L,143845,Bakı,https://turbo.az/autos/10635798-hyundai-santa-fe
Lynk,& Co 900,98997.0,AZN,2026,2.0 L,0,Sifarişlə,https://turbo.az/autos/10389276-lynk-co-900
Mazda,CX-30,58700.0,AZN,2026,2.0 L,0,Bakı,https://turbo.az/autos/10494923-mazda-cx-30
Changan,CS 55 Plus,31200.0,AZN,2026,1.5 L,0,Sifarişlə,https://turbo.az/autos/10240580-changan-cs-55-plus
Kia,Sorento,44500.0,AZN,2018,2.0 L,122000,Bakı,https://turbo.az/autos/10628318-kia-sorento
Land,Rover Range Rover,37900.0,AZN,2012,5.0 L,175000,Bakı,https://turbo.az/autos/10512889-land-rover-range-rover
Lynk,& Co 900,99999.0,AZN,2026,1.5 L,0,Bakı,https://turbo.az/autos/10618621-lynk-co-900
Changan,Qiyuan Q05,27000.0,AZN,2026,,0,Sifarişlə,https://turbo.az/autos/10072288-changan-qiyuan-q05
XPeng,X9,89900.0,AZN,2025,,0,Bakı,https://turbo.az/autos/9002355-xpeng-x9
Changan,CS 55 Plus,33300.0,AZN,2026,1.5 L,0,Sifarişlə,https://turbo.az/autos/10181237-changan-cs-55-plus
Ford,Fusion (North America),14900.0,AZN,2014,1.5 L,313822,Bakı,https://turbo.az/autos/10506061-ford-fusion-north-america
Land,Rover RR Sport,51900.0,AZN,2016,3.0 L,66000,Bakı,https://turbo.az/autos/10525580-land-rover-rr-sport
BMW,740,17200.0,AZN,2011,3.0 L,320000,Bakı,https://turbo.az/autos/10490532-bmw-740
Mercedes,S 500 4MATIC,149000.0,AZN,2023,3.0 L,27000,Bakı,https://turbo.az/autos/10543448-mercedes-s-500-4matic
Jeep,Grand Cherokee,47500.0,AZN,2016,3.6 L,110000,Bakı,https://turbo.az/autos/10586860-jeep-grand-cherokee
Hyundai,Sonata,20300.0,AZN,2020,2.0 L,132000,Bakı,https://turbo.az/autos/10596485-hyundai-sonata
Hyundai,Elantra,23700.0,AZN,2019,2.0 L,128000,Bakı,https://turbo.az/autos/10603958-hyundai-elantra
Porsche,Cayenne Turbo,115600.0,AZN,2018,4.0 L,94000,Bakı,https://turbo.az/autos/10618169-porsche-cayenne-turbo
Land,Rover Range Rover,125600.0,AZN,2021,3.0 L,98000,Bakı,https://turbo.az/autos/10632606-land-rover-range-rover
Toyota,Corolla,15500.0,AZN,2006,1.4 L,275000,Bakı,https://turbo.az/autos/10632715-toyota-corolla
Changan,Qiyuan Q05,27000.0,AZN,2026,,0,Sifarişlə,https://turbo.az/autos/10072288-changan-qiyuan-q05
Toyota,Corolla Fielder,19299.0,AZN,2017,1.5 L,120000,Salyan,https://turbo.az/autos/10560584-toyota-corolla-fielder
Land,Rover Range Rover,283900.0,AZN,2023,3.0 L,47000,Bakı,https://turbo.az/autos/10566371-land-rover-range-rover
Lynk,& Co 900,99999.0,AZN,2026,1.5 L,0,Bakı,https://turbo.az/autos/10600991-lynk-co-900
Changan,Qiyuan Q07,38000.0,AZN,2025,1.5 L,0,Sifarişlə,https://turbo.az/autos/9322686-changan-qiyuan-q07
Toyota,Prius,12300.0,AZN,2005,1.5 L,298000,Bakı,https://turbo.az/autos/10573328-toyota-prius
Mazda,CX-60,84900.0,AZN,2026,2.5 L,0,Bakı,https://turbo.az/autos/10053698-mazda-cx-60
Chevrolet,Camaro,33200.0,AZN,2018,2.0 L,124000,Bakı,https://turbo.az/autos/10477647-chevrolet-camaro
Changan,Qiyuan Q07,41750.0,AZN,2025,1.5 L,0,Sifarişlə,https://turbo.az/autos/10351203-changan-qiyuan-q07
Denza,N9,116999.0,AZN,2025,2.0 L,7400,Bakı,https://turbo.az/autos/10432708-denza-n9
Hyundai,Avante,10900.0,AZN,2008,1.6 L,341000,Bakı,https://turbo.az/autos/10607310-hyundai-avante
Toyota,Camry,57500.0,AZN,2026,2.0 L,0,Sifarişlə,https://turbo.az/autos/10303294-toyota-camry
Changan,Deepal S05,37999.0,AZN,2025,1.5 L,1400,Bakı,https://turbo.az/autos/10625631-changan-deepal-s05
Hyundai,Santa Fe,37900.0,AZN,2018,2.0 L,185000,Bakı,https://turbo.az/autos/10608363-hyundai-santa-fe
Toyota,Corolla Cross,37360.0,AZN,2026,2.0 L,0,Sifarişlə,https://turbo.az/autos/10303297-toyota-corolla-cross
Renault,Megane,6500.0,AZN,2007,1.9 L,200000,Gəncə,https://turbo.az/autos/10635757-renault-megane
Kia,K5,57400.0,AZN,2025,2.0 L,0,Bakı,https://turbo.az/autos/10221658-kia-k5
Changan,Oshan X5 Plus,26000.0,AZN,2026,1.5 L,0,Sifarişlə,https://turbo.az/autos/10160396-changan-oshan-x5-plus
BMW,528,30500.0,AZN,2016,2.0 L,151000,Bakı,https://turbo.az/autos/10590754-bmw-528
Changan,Qiyuan Q07,47500.0,AZN,2025,1.5 L,0,Bakı,https://turbo.az/autos/10620038-changan-qiyuan-q07
BAW,212,46900.0,AZN,2024,2.0 L,36900,Bakı,https://turbo.az/autos/10590008-baw-212
Mercedes,GLC 300,39800.0,AZN,2018,2.0 L,144000,Bakı,https://turbo.az/autos/10631399-mercedes-glc-300
Li,Auto L7,98923.0,AZN,2025,1.5 L,0,Sifarişlə,https://turbo.az/autos/9332022-li-auto-l7
LADA,(VAZ) 2106,5100.0,AZN,1991,1.6 L,100000,Qax,https://turbo.az/autos/10635784-lada-vaz-2106
Bentley,Continental GT,827232.0,AZN,2025,4.0 L,0,Bakı,https://turbo.az/autos/9993351-bentley-continental-gt
JETOUR,T2 i-DM,55000.0,AZN,2024,1.5 L,22300,Bakı,https://turbo.az/autos/10366038-jetour-t2-i-dm
GWM,(Great Wall Motor) Tank 700,158800.0,AZN,2025,3.0 L,4000,Bakı,https://turbo.az/autos/10445047-gwm-great-wall-motor-tank-700
Changan,CS 75 Plus,32370.0,AZN,2026,1.5 L,0,Sifarişlə,https://turbo.az/autos/10525463-changan-cs-75-plus
Hyundai,ix35,21000.0,AZN,2012,2.4 L,266128,Bakı,https://turbo.az/autos/10259620-hyundai-ix35
Toyota,RAV4,65000.0,AZN,2025,2.5 L,10000,Bakı,https://turbo.az/autos/10404005-toyota-rav4
Mercedes,E 250,40000.0,AZN,2016,2.0 L,152000,Bakı,https://turbo.az/autos/10443567-mercedes-e-250
Voyah,Dream,98500.0,AZN,2025,,32634,Bakı,https://turbo.az/autos/10574664-voyah-dream
Kia,Optima,17500.0,AZN,2011,2.0 L,154376,Sumqayıt,https://turbo.az/autos/10575065-kia-optima
Mercedes,EQS 580 4MATIC,144500.0,AZN,2024,,3000,Bakı,https://turbo.az/autos/10576841-mercedes-eqs-580-4matic
Hyundai,Venue,30900.0,AZN,2025,1.6 L,4900,Bakı,https://turbo.az/autos/10590662-hyundai-venue
BMW,530,14300.0,AZN,2005,3.0 L,408000,Bakı,https://turbo.az/autos/10625989-bmw-530
Kia,Optima,21400.0,AZN,2015,2.0 L,230136,Bakı,https://turbo.az/autos/10629037-kia-optima
Land,Rover Range Rover,299999.0,AZN,2024,3.0 L,2500,Bakı,https://turbo.az/autos/10627624-land-rover-range-rover
Kia,Soluto,26300.0,AZN,2026,1.4 L,0,Bakı,https://turbo.az/autos/10079851-kia-soluto
Li,Auto L7,101830.0,AZN,2025,1.5 L,0,Bakı,https://turbo.az/autos/9223366-li-auto-l7
Khazar,SD,11000.0,AZN,2021,1.7 L,181000,Bakı,https://turbo.az/autos/10612221-khazar-sd
Kia,K2500,39400.0,AZN,2025,2.5 L,0,Bakı,https://turbo.az/autos/9776724-kia-k2500
Mercedes,E 320,16200.0,AZN,2004,3.2 L,285000,Bakı,https://turbo.az/autos/10598428-mercedes-e-320
Hyundai,Grandeur,28600.0,AZN,2017,2.4 L,280000,Bakı,https://turbo.az/autos/10088654-hyundai-grandeur
Fiat,500,16500.0,AZN,2017,1.2 L,54000,Bakı,https://turbo.az/autos/9839183-fiat-500
ZEEKR,001,110330.0,AZN,2026,,0,Bakı,https://turbo.az/autos/10440752-zeekr-001
BMW,i5,101900.0,AZN,2025,,15800,Bakı,https://turbo.az/autos/9980676-bmw-i5
Honda,Insight,26900.0,AZN,2021,1.5 L,151000,Bakı,https://turbo.az/autos/10241404-honda-insight
ZEEKR,001,110330.0,AZN,2026,,0,Bakı,https://turbo.az/autos/10440730-zeekr-001
Toyota,Prius,13800.0,AZN,2008,1.5 L,231000,Bakı,https://turbo.az/autos/10626748-toyota-prius
ZEEKR,001,110330.0,AZN,2026,,0,Bakı,https://turbo.az/autos/10439835-zeekr-001
Changan,CS 55 Plus,33100.0,AZN,2026,1.5 L,0,Sifarişlə,https://turbo.az/autos/10072402-changan-cs-55-plus
Toyota,RAV4,57500.0,AZN,2026,2.0 L,0,Sifarişlə,https://turbo.az/autos/10303314-toyota-rav4
Mercedes,C 220,7800.0,AZN,1995,2.2 L,350000,Bakı,https://turbo.az/autos/10635733-mercedes-c-220
BYD,Seal 05,17900.0,AZN,2025,1.5 L,1781,Bakı,https://turbo.az/autos/10634613-byd-seal-05
Land,Rover RR Sport,22800.0,AZN,2008,4.4 L,302000,Bakı,https://turbo.az/autos/10518864-land-rover-rr-sport
Li,Auto L9,125800.0,AZN,2025,1.5 L,0,Bakı,https://turbo.az/autos/10057115-li-auto-l9
Nissan,Tiida,10600.0,AZN,2007,1.6 L,234546,Bakı,https://turbo.az/autos/10635794-nissan-tiida
Changan,Qiyuan Q05,29500.0,AZN,2024,1.5 L,57000,Bakı,https://turbo.az/autos/10617492-changan-qiyuan-q05
Changan,Oshan X5 Plus,25500.0,AZN,2026,1.5 L,0,Bakı,https://turbo.az/autos/10606548-changan-oshan-x5-plus
Suzuki,SV 650,15990.0,AZN,2025,0.6 L,0,Bakı,https://turbo.az/autos/9375957-suzuki-sv-650
BMW,520,115000.0,AZN,2024,2.0 L,26173,Bakı,https://turbo.az/autos/10550613-bmw-520
Geely,Monjaro,49900.0,AZN,2025,1.5 L,10000,Bakı,https://turbo.az/autos/10568818-geely-monjaro
Changan,Eado,28200.0,AZN,2025,1.5 L,0,Bakı,https://turbo.az/autos/10616961-changan-eado
Honda,Accord,42900.0,AZN,2024,2.0 L,18000,Bakı,https://turbo.az/autos/9692035-honda-accord
Toyota,RAV4,51900.0,AZN,2021,2.5 L,170000,Bakı,https://turbo.az/autos/10513466-toyota-rav4
BMW,530e,67000.0,AZN,2021,2.0 L,102000,Bakı,https://turbo.az/autos/10524332-bmw-530e
Ford,Focus,11500.0,AZN,2013,1.6 L,227421,Sumqayıt,https://turbo.az/autos/10552518-ford-focus
Chevrolet,Cruze,9500.0,AZN,2009,1.6 L,254100,Bakı,https://turbo.az/autos/10555156-chevrolet-cruze
Kia,Sorento,59300.0,AZN,2023,2.2 L,26500,Bakı,https://turbo.az/autos/10598175-kia-sorento
Renault,Megane,8500.0,AZN,2009,1.5 L,408000,Bakı,https://turbo.az/autos/10602145-renault-megane
Changan,CS 75 Plus,35200.0,AZN,2026,1.5 L,0,Bakı,https://turbo.az/autos/10622713-changan-cs-75-plus
Changan,Uni-Z,33500.0,AZN,2025,1.5 L,0,Bakı,https://turbo.az/autos/10606534-changan-uni-z
Changan,Qiyuan Q07,44000.0,AZN,2025,1.5 L,0,Bakı,https://turbo.az/autos/10606506-changan-qiyuan-q07
Changan,Qiyuan Q07,38500.0,AZN,2025,1.5 L,0,Bakı,https://turbo.az/autos/10606490-changan-qiyuan-q07
Changan,CS 55 Plus,33500.0,AZN,2025,1.5 L,0,Bakı,https://turbo.az/autos/10606450-changan-cs-55-plus
Changan,Qiyuan Q07,48800.0,AZN,2025,1.5 L,0,Bakı,https://turbo.az/autos/10606431-changan-qiyuan-q07
Changan,Eado,23800.0,AZN,2025,1.5 L,0,Bakı,https://turbo.az/autos/10426955-changan-eado
Hyundai,Santa Fe,20500.0,AZN,2009,2.2 L,238000,Zaqatala,https://turbo.az/autos/10631513-hyundai-santa-fe
XPeng,P7,82280.0,AZN,2025,,0,Bakı,https://turbo.az/autos/9978282-xpeng-p7
Kia,Sorento,53800.0,AZN,2021,2.2 L,176000,Bakı,https://turbo.az/autos/10546838-kia-sorento
Toyota,RAV4,28000.0,AZN,2014,2.0 L,168000,Bakı,https://turbo.az/autos/10462990-toyota-rav4
BMW,520d,32500.0,AZN,2016,2.0 L,187000,Bakı,https://turbo.az/autos/10462974-bmw-520d
Kia,Optima,21800.0,AZN,2013,2.0 L,180247,Bakı,https://turbo.az/autos/10455068-kia-optima
BMW,530,39800.0,AZN,2017,2.0 L,311000,Bakı,https://turbo.az/autos/10369359-bmw-530
Mercedes,E 300,31900.0,AZN,2014,3.5 L,210000,Bakı,https://turbo.az/autos/10369331-mercedes-e-300
Opel,Astra,9700.0,AZN,2007,1.3 L,433000,Bakı,https://turbo.az/autos/10300648-opel-astra
Mercedes,G 63 AMG,135000.0,AZN,2014,5.5 L,149000,Bakı,https://turbo.az/autos/10229912-mercedes-g-63-amg
Hyundai,Elantra N Line,31800.0,AZN,2021,1.6 L,27771,Bakı,https://turbo.az/autos/10123867-hyundai-elantra-n-line
Hyundai,Elantra,18800.0,AZN,2011,1.8 L,148800,Bakı,https://turbo.az/autos/10095058-hyundai-elantra
Toyota,Auris,11800.0,AZN,2007,1.4 L,347148,Bakı,https://turbo.az/autos/9873065-toyota-auris
DFSK,C-35,28700.0,AZN,2026,1.5 L,0,Bakı,https://turbo.az/autos/10541800-dfsk-c-35
Kia,Sorento,23500.0,AZN,2010,2.0 L,268000,Bakı,https://turbo.az/autos/10625847-kia-sorento
Li,Auto L7,101830.0,AZN,2025,1.5 L,0,Bakı,https://turbo.az/autos/10057107-li-auto-l7
Land,Rover Range Rover,65500.0,AZN,2017,3.0 L,160934,Gəncə,https://turbo.az/autos/10520596-land-rover-range-rover
Mercedes,E 320,12600.0,AZN,2000,3.2 L,370000,Bakı,https://turbo.az/autos/10633194-mercedes-e-320
Isuzu,FVR 34 Q,98000.0,AZN,2026,7.5 L,0,Bakı,https://turbo.az/autos/6916629-isuzu-fvr-34-q
BMW,X7,229900.0,AZN,2025,3.0 L,2850,Bakı,https://turbo.az/autos/10581700-bmw-x7
Audi,Q7,154614.0,AZN,2026,2.0 L,0,Bakı,https://turbo.az/autos/10619245-audi-q7
Land,Rover Defender,195330.0,AZN,2023,3.0 L,27000,Bakı,https://turbo.az/autos/10634162-land-rover-defender
Can-Am,Spyder RS,17000.0,AZN,2010,0.9 L,3661,Bakı,https://turbo.az/autos/8814505-can-am-spyder-rs
Land,Rover RR Velar,52700.0,AZN,2018,2.0 L,130850,Bakı,https://turbo.az/autos/10601223-land-rover-rr-velar
Mercedes,Sprinter 315,28500.0,AZN,2007,2.2 L,313000,Bakı,https://turbo.az/autos/10601693-mercedes-sprinter-315
Haval,H6 GT,37500.0,AZN,2023,2.0 L,46500,Gəncə,https://turbo.az/autos/10606493-haval-h6-gt
Mercedes,C 220,11900.0,AZN,1999,2.2 L,495000,Bakı,https://turbo.az/autos/10615909-mercedes-c-220
Mercedes,C 180,5900.0,AZN,1995,1.8 L,150000,Bakı,https://turbo.az/autos/10629474-mercedes-c-180
BMW,320d,24000.0,AZN,2013,2.0 L,232000,Bakı,https://turbo.az/autos/10631231-bmw-320d
BMW,430,100000.0,AZN,2024,2.0 L,22000,Bakı,https://turbo.az/autos/10631989-bmw-430
Toyota,Land Cruiser Prado,43900.0,AZN,2014,2.7 L,182000,Bakı,https://turbo.az/autos/10612797-toyota-land-cruiser-prado
Geely,Geometry Panda Mini,16490.0,AZN,2025,,0,Bakı,https://turbo.az/autos/10465431-geely-geometry-panda-mini
Honda,Insight,11800.0,AZN,2011,1.3 L,250000,Bakı,https://turbo.az/autos/10632987-honda-insight
Changan,Qiyuan Q07,42500.0,AZN,2025,1.5 L,34000,Bakı,https://turbo.az/autos/10617528-changan-qiyuan-q07
Chevrolet,Equinox,21800.0,AZN,2017,1.5 L,208000,Bakı,https://turbo.az/autos/10617519-chevrolet-equinox
Toyota,Avalon,19800.0,AZN,2011,3.5 L,257000,Bakı,https://turbo.az/autos/10617499-toyota-avalon
Kia,Sorento,36500.0,AZN,2016,2.0 L,235000,Bakı,https://turbo.az/autos/10617479-kia-sorento
Toyota,Camry,24800.0,AZN,2013,2.5 L,297000,Bakı,https://turbo.az/autos/10617461-toyota-camry
Hyundai,Sonata,54800.0,AZN,2025,2.0 L,9600,Bakı,https://turbo.az/autos/10617444-hyundai-sonata
JETOUR,T2,58000.0,AZN,2024,2.0 L,18000,Bakı,https://turbo.az/autos/10601305-jetour-t2
Hyundai,Avante,20800.0,AZN,2015,1.6 L,314000,Bakı,https://turbo.az/autos/10439699-hyundai-avante
Chevrolet,Trax,19800.0,AZN,2017,1.4 L,184000,Bakı,https://turbo.az/autos/10300671-chevrolet-trax
Toyota,Corolla Fielder,17800.0,AZN,2016,1.5 L,231959,Bakı,https://turbo.az/autos/10192318-toyota-corolla-fielder
Kia,K8,57000.0,AZN,2023,1.6 L,84217,Bakı,https://turbo.az/autos/10182023-kia-k8
BMW,i3,56950.0,AZN,2024,,27708,Bakı,https://turbo.az/autos/10172406-bmw-i3
Changan,CS 75 Plus,37220.0,AZN,2026,1.5 L,0,Sifarişlə,https://turbo.az/autos/10601854-changan-cs-75-plus
Kia,Sorento,52600.0,AZN,2021,2.2 L,114000,Bakı,https://turbo.az/autos/10635799-kia-sorento
Toyota,Corolla,39300.0,AZN,2026,1.8 L,0,Bakı,https://turbo.az/autos/10548269-toyota-corolla
Toyota,Camry,60600.0,AZN,2026,2.0 L,0,Bakı,https://turbo.az/autos/10548287-toyota-camry
Li,Auto L7,101830.0,AZN,2025,1.5 L,0,Bakı,https://turbo.az/autos/9835178-li-auto-l7
Changan,Oshan X5 Plus,24460.0,AZN,2026,1.5 L,0,Sifarişlə,https://turbo.az/autos/10548237-changan-oshan-x5-plus
BMW,528,26700.0,AZN,2015,2.0 L,198000,Bakı,https://turbo.az/autos/10630162-bmw-528
Changan,Uni-K iDD,37300.0,AZN,2024,1.5 L,88000,Bakı,https://turbo.az/autos/10434936-changan-uni-k-idd
DFSK,C-35,28400.0,AZN,2025,1.5 L,0,Bakı,https://turbo.az/autos/9959296-dfsk-c-35
Audi,A8,234382.0,AZN,2026,3.0 L,0,Bakı,https://turbo.az/autos/9457092-audi-a8
DongFeng,YiPai 008,61900.0,AZN,2025,1.5 L,0,Bakı,https://turbo.az/autos/9833467-dongfeng-yipai-008
Geely,Monjaro,49900.0,AZN,2025,1.5 L,10000,Bakı,https://turbo.az/autos/10568818-geely-monjaro
Lynk,& Co 900,99999.0,AZN,2026,1.5 L,0,Bakı,https://turbo.az/autos/10600991-lynk-co-900
DAF,105 XF,39500.0,AZN,2011,13 L,934679,Bakı,https://turbo.az/autos/10058838-daf-105-xf
Toyota,Land Cruiser Prado,40500.0,AZN,2013,2.7 L,163000,Bakı,https://turbo.az/autos/10261824-toyota-land-cruiser-prado
BMW,328,22900.0,AZN,2015,2.0 L,142000,Bakı,https://turbo.az/autos/10363043-bmw-328
Lexus,LX 570,79560.0,AZN,2014,5.7 L,210000,Bakı,https://turbo.az/autos/10415576-lexus-lx-570
Volkswagen,Polo,18500.0,AZN,2020,1.6 L,91000,Bakı,https://turbo.az/autos/10531618-volkswagen-polo
Hyundai,Santa Fe,67150.0,AZN,2024,1.6 L,20587,Bakı,https://turbo.az/autos/10598964-hyundai-santa-fe
Land,Rover RR Velar,77000.0,AZN,2021,2.0 L,79800,Bakı,https://turbo.az/autos/10611490-land-rover-rr-velar
Chevrolet,Equinox,23900.0,AZN,2021,1.5 L,67000,Bakı,https://turbo.az/autos/10631245-chevrolet-equinox
Changan,CS 75 Plus,51900.0,AZN,2025,2.0 L,55,Bakı,https://turbo.az/autos/10630617-changan-cs-75-plus
Land,Rover Range Rover,54500.0,AZN,2015,3.0 L,185000,Bakı,https://turbo.az/autos/10494393-land-rover-range-rover
Ford,Transit,18500.0,AZN,2004,2.4 L,480000,Tovuz,https://turbo.az/autos/10615145-ford-transit
DFSK,D71 Plus,27900.0,AZN,2024,1.6 L,0,Bakı,https://turbo.az/autos/9959303-dfsk-d71-plus
Changan,Qiyuan A05,24000.0,AZN,2025,1.5 L,35000,Bakı,https://turbo.az/autos/10635694-changan-qiyuan-a05
Ford,Bronco Sport,38500.0,AZN,2022,1.5 L,47500,Bakı,https://turbo.az/autos/9846200-ford-bronco-sport
Mercedes,GLC 200 4MATIC,161231.0,AZN,2026,2.0 L,0,Bakı,https://turbo.az/autos/10506138-mercedes-glc-200-4matic
Ford,Fusion (North America),16500.0,AZN,2015,1.5 L,161480,Qazax,https://turbo.az/autos/10634749-ford-fusion-north-america
Nissan,Tiida,13800.0,AZN,2012,1.5 L,93057,Bakı,https://turbo.az/autos/10628568-nissan-tiida
Lexus,LX 570,101660.0,AZN,2016,5.7 L,200000,Bakı,https://turbo.az/autos/10590192-lexus-lx-570
DFSK,Glory 330 S,24800.0,AZN,2024,1.5 L,0,Bakı,https://turbo.az/autos/9958073-dfsk-glory-330-s
Mercedes,C 180,6800.0,AZN,1994,1.8 L,400000,Sumqayıt,https://turbo.az/autos/10621443-mercedes-c-180
Mercedes,Vito 115 CDI,25300.0,AZN,2009,2.1 L,300000,Ucar,https://turbo.az/autos/10635747-mercedes-vito-115-cdi
Lexus,LX 570,119000.0,AZN,2016,5.7 L,94000,Bakı,https://turbo.az/autos/10575141-lexus-lx-570
Ford,Fusion (North America),17500.0,AZN,2018,1.5 L,122400,Gəncə,https://turbo.az/autos/10613822-ford-fusion-north-america
JAECOO,J8,75000.0,AZN,2026,1.5 L,0,Bakı,https://turbo.az/autos/10334485-jaecoo-j8
Land,Rover Defender,116900.0,AZN,2024,2.0 L,31000,Bakı,https://turbo.az/autos/10627900-land-rover-defender
Hyundai,Sonata,15600.0,AZN,2011,2.4 L,278000,Mingəçevir,https://turbo.az/autos/10423838-hyundai-sonata
JAECOO,J8,59900.0,AZN,2026,1.5 L,0,Bakı,https://turbo.az/autos/10396750-jaecoo-j8
Hyundai,Elantra,36500.0,AZN,2026,1.5 L,0,Bakı,https://turbo.az/autos/10405458-hyundai-elantra
Hyundai,Elantra,36500.0,AZN,2026,1.5 L,0,Bakı,https://turbo.az/autos/10405449-hyundai-elantra
Nissan,Altima,35500.0,AZN,2019,2.0 L,45000,Bakı,https://turbo.az/autos/10318884-nissan-altima
Toyota,Highlander,95500.0,AZN,2025,2.5 L,0,Bakı,https://turbo.az/autos/9635322-toyota-highlander
JAECOO,J8,59900.0,AZN,2026,1.5 L,0,Bakı,https://turbo.az/autos/10396758-jaecoo-j8
Changan,Qiyuan A06,37500.0,AZN,2025,1.5 L,0,Bakı,https://turbo.az/autos/10233620-changan-qiyuan-a06
Toyota,RAV4,83980.0,AZN,2026,2.5 L,0,Bakı,https://turbo.az/autos/10368979-toyota-rav4
Audi,A7,30600.0,AZN,2013,3.0 L,195000,Bakı,https://turbo.az/autos/10532162-audi-a7
Chevrolet,Equinox,21900.0,AZN,2018,1.5 L,96000,Bakı,https://turbo.az/autos/10614687-chevrolet-equinox
Toyota,Camry,16000.0,AZN,2007,2.4 L,306100,Mingəçevir,https://turbo.az/autos/10081278-toyota-camry
Kia,Sorento,47300.0,AZN,2018,2.0 L,118000,Bakı,https://turbo.az/autos/10412500-kia-sorento
BMW,X5,124100.0,AZN,2022,3.0 L,49000,Bakı,https://turbo.az/autos/10539293-bmw-x5
Chevrolet,Cruze,15000.0,AZN,2017,1.4 L,187000,Bakı,https://turbo.az/autos/10614326-chevrolet-cruze
Mercedes,B 180,12300.0,AZN,2010,1.7 L,128000,Sumqayıt,https://turbo.az/autos/10620314-mercedes-b-180
Hyundai,Elantra,28300.0,AZN,2024,1.5 L,20000,Bakı,https://turbo.az/autos/10622340-hyundai-elantra
Nissan,Note,12300.0,AZN,2014,1.2 L,130000,Bakı,https://turbo.az/autos/10626778-nissan-note
Hyundai,Santa Fe,26500.0,AZN,2014,2.4 L,184000,Bakı,https://turbo.az/autos/10635099-hyundai-santa-fe
JAECOO,J8,59900.0,AZN,2026,1.5 L,0,Bakı,https://turbo.az/autos/10396758-jaecoo-j8
JAECOO,J8,75000.0,AZN,2026,1.5 L,0,Bakı,https://turbo.az/autos/10010320-jaecoo-j8
JAECOO,J8,59900.0,AZN,2026,1.5 L,0,Bakı,https://turbo.az/autos/10396740-jaecoo-j8
Kia,Forte,17800.0,AZN,2018,2.0 L,154000,Bakı,https://turbo.az/autos/10635796-kia-forte
Daewoo,Gentra,10700.0,AZN,2014,1.5 L,280000,Xaçmaz,https://turbo.az/autos/10635793-daewoo-gentra
Nissan,Note,15500.0,AZN,2016,1.2 L,62000,Bakı,https://turbo.az/autos/10550250-nissan-note
Nissan,Note,16600.0,AZN,2017,1.2 L,79000,Bakı,https://turbo.az/autos/10498676-nissan-note
Nissan,Note,16600.0,AZN,2017,1.2 L,44000,Bakı,https://turbo.az/autos/10498685-nissan-note
Nissan,Note,17200.0,AZN,2018,1.2 L,78000,Bakı,https://turbo.az/autos/10497305-nissan-note
Nissan,Note,17200.0,AZN,2018,1.2 L,45000,Bakı,https://turbo.az/autos/10497351-nissan-note
Nissan,Note,16800.0,AZN,2018,1.2 L,74000,Bakı,https://turbo.az/autos/10498696-nissan-note
Nissan,Note,17100.0,AZN,2018,1.2 L,55000,Bakı,https://turbo.az/autos/10498666-nissan-note
Nissan,Note,16600.0,AZN,2019,1.2 L,65000,Bakı,https://turbo.az/autos/10498836-nissan-note
BYD,Destroyer 05,20500.0,AZN,2025,1.5 L,54000,Neftçala,https://turbo.az/autos/10634985-byd-destroyer-05
Mercedes,C 250,20400.0,AZN,2014,1.8 L,240694,Bakı,https://turbo.az/autos/10604938-mercedes-c-250
BMW,528,23600.0,AZN,2014,2.0 L,199000,Sumqayıt,https://turbo.az/autos/10635795-bmw-528
BMW,528,22500.0,AZN,2013,2.0 L,245000,Mingəçevir,https://turbo.az/autos/10501545-bmw-528
Hyundai,Santa Fe,59800.0,AZN,2024,1.6 L,700,Bakı,https://turbo.az/autos/9967684-hyundai-santa-fe
BMW,520d,34000.0,AZN,2015,2.0 L,200000,Mingəçevir,https://turbo.az/autos/10332303-bmw-520d
Land,Rover RR Sport,60000.0,AZN,2016,3.0 L,150000,Mingəçevir,https://turbo.az/autos/10623777-land-rover-rr-sport
Hyundai,Elantra,25700.0,AZN,2019,1.6 L,159003,Bakı,https://turbo.az/autos/10390304-hyundai-elantra
Kia,Optima,26300.0,AZN,2018,2.0 L,125000,Gəncə,https://turbo.az/autos/10585709-kia-optima
Hyundai,Accent,13500.0,AZN,2011,1.6 L,332000,Bakı,https://turbo.az/autos/10631264-hyundai-accent
Mercedes,E 300,21600.0,AZN,2011,3.0 L,212793,Bakı,https://turbo.az/autos/10632141-mercedes-e-300
BMW,740,73950.0,AZN,2019,3.0 L,145000,Bakı,https://turbo.az/autos/10089888-bmw-740
Hyundai,Sonata,59900.0,AZN,2026,2.0 L,0,Bakı,https://turbo.az/autos/10445652-hyundai-sonata
Toyota,Corolla,39300.0,AZN,2026,1.8 L,0,Bakı,https://turbo.az/autos/10548269-toyota-corolla
LADA,(VAZ) 2107,12000.0,AZN,2012,1.6 L,69000,Mingəçevir,https://turbo.az/autos/10623554-lada-vaz-2107
Chevrolet,Cruze,13600.0,AZN,2015,1.4 L,105000,Sumqayıt,https://turbo.az/autos/10433870-chevrolet-cruze
Toyota,Land Cruiser Prado,25200.0,AZN,2008,2.7 L,211000,Bakı,https://turbo.az/autos/10513721-toyota-land-cruiser-prado
BMW,X6,27500.0,AZN,2010,4.4 L,189000,Bakı,https://turbo.az/autos/10585925-bmw-x6
Hyundai,Avante,21000.0,AZN,2015,1.6 L,162600,Bakı,https://turbo.az/autos/10600085-hyundai-avante
BYD,Destroyer 05,25900.0,AZN,2025,1.5 L,19800,Bakı,https://turbo.az/autos/10601725-byd-destroyer-05
LADA,(VAZ) 2106,5700.0,AZN,2006,1.6 L,115000,Bakı,https://turbo.az/autos/10618567-lada-vaz-2106
Ford,Transit,26000.0,AZN,2010,2.4 L,252000,Bakı,https://turbo.az/autos/10622967-ford-transit
Porsche,Cayenne Turbo,34900.0,AZN,2012,4.8 L,210000,Bakı,https://turbo.az/autos/10625515-porsche-cayenne-turbo
Geely,Galaxy M9,60800.0,AZN,2025,1.5 L,0,Bakı,https://turbo.az/autos/10442670-geely-galaxy-m9
LADA,(VAZ) 2107,12000.0,AZN,2012,1.6 L,69000,Mingəçevir,https://turbo.az/autos/10623554-lada-vaz-2107
Ford,Fusion (North America),17300.0,AZN,2017,1.5 L,207605,Mingəçevir,https://turbo.az/autos/10623813-ford-fusion-north-america
Mercedes,C 180,9500.0,AZN,1999,1.8 L,324000,Bakı,https://turbo.az/autos/10618521-mercedes-c-180
Land,Rover Discovery,30000.0,AZN,2014,3.0 L,186000,Mingəçevir,https://turbo.az/autos/10623835-land-rover-discovery
Mazda,CX-90,75900.0,AZN,2023,3.3 L,42000,Bakı,https://turbo.az/autos/10606698-mazda-cx-90
Nissan,X-Trail,12500.0,AZN,2004,2.0 L,243000,Mingəçevir,https://turbo.az/autos/10623854-nissan-x-trail
Hyundai,Palisade,59900.0,AZN,2019,2.2 L,147000,Bakı,https://turbo.az/autos/10133177-hyundai-palisade
BMW,X5,21000.0,AZN,2009,3.0 L,197000,Bakı,https://turbo.az/autos/10635789-bmw-x5
Yamaha,Grizzly 450,4000.0,AZN,2022,,1000,Bakı,https://turbo.az/autos/10635791-yamaha-grizzly-450
Toyota,Land Cruiser Prado,33900.0,AZN,2009,2.7 L,217000,Bakı,https://turbo.az/autos/10484525-toyota-land-cruiser-prado
Land,Rover Range Rover,58900.0,AZN,2013,5.0 L,132000,Bakı,https://turbo.az/autos/10572849-land-rover-range-rover
Mercedes,E 200,67400.0,AZN,2020,2.0 L,98600,Bakı,https://turbo.az/autos/10457617-mercedes-e-200
GAZ,GAZel (33023-744),19500.0,AZN,2007,2.3 L,250000,Füzuli,https://turbo.az/autos/10635787-gaz-gazel-33023-744
Changan,Uni-Z,31795.0,AZN,2025,1.5 L,0,Bakı,https://turbo.az/autos/10220780-changan-uni-z
Li,Auto L9,81700.0,AZN,2024,1.5 L,37000,Bakı,https://turbo.az/autos/10106594-li-auto-l9
LADA,(VAZ) 2106,3300.0,AZN,2001,1.6 L,45000,Gədəbəy,https://turbo.az/autos/10635785-lada-vaz-2106
Changan,Qiyuan A05,27600.0,AZN,2025,1.5 L,57000,Bakı,https://turbo.az/autos/10588046-changan-qiyuan-a05
Kia,Sportage,31800.0,AZN,2015,2.0 L,126000,Bakı,https://turbo.az/autos/10533684-kia-sportage
Toyota,Land Cruiser,18700.0,AZN,2006,4.5 L,270142,Bakı,https://turbo.az/autos/10616962-toyota-land-cruiser
Toyota,RAV4,62000.0,AZN,2026,2.0 L,0,Bakı,https://turbo.az/autos/10352804-toyota-rav4
Ford,Transit,19900.0,AZN,2010,2.2 L,172860,Bakı,https://turbo.az/autos/10635790-ford-transit
Lexus,LX 470,28900.0,AZN,2007,4.7 L,98000,Bakı,https://turbo.az/autos/10620756-lexus-lx-470
Chevrolet,Cruze,11900.0,AZN,2014,1.4 L,0,Tovuz,https://turbo.az/autos/10635786-chevrolet-cruze
Changan,Qiyuan Q07,47900.0,AZN,2026,1.5 L,0,Bakı,https://turbo.az/autos/9753810-changan-qiyuan-q07
Mazda,3,49200.0,AZN,2026,2.0 L,0,Bakı,https://turbo.az/autos/10373717-mazda-3
GAZ,"31105 ""Volga""",12777.0,AZN,2004,2.4 L,18900,Bakı,https://turbo.az/autos/10475404-gaz-31105-volga
Jeep,Wrangler,68900.0,AZN,2024,2.0 L,12000,Bakı,https://turbo.az/autos/10546431-jeep-wrangler
Mini,Cabrio,26000.0,AZN,2017,2.0 L,81000,Bakı,https://turbo.az/autos/10448953-mini-cabrio
Jeep,Cherokee,19900.0,AZN,2018,2.4 L,115000,Bakı,https://turbo.az/autos/10516058-jeep-cherokee
BMW,X5,124100.0,AZN,2022,3.0 L,49000,Bakı,https://turbo.az/autos/10539293-bmw-x5
Lexus,CT 200h,21300.0,AZN,2014,1.8 L,185075,Bakı,https://turbo.az/autos/10580262-lexus-ct-200h
Volkswagen,Tiguan,18000.0,AZN,2013,2.0 L,167785,Bakı,https://turbo.az/autos/10581834-volkswagen-tiguan
Chevrolet,Niva,10500.0,AZN,2012,1.7 L,244000,Şəmkir,https://turbo.az/autos/10601597-chevrolet-niva
Land,Rover Range Rover,55930.0,AZN,2016,3.0 L,180000,Bakı,https://turbo.az/autos/10611538-land-rover-range-rover
Toyota,Camry,15500.0,AZN,2008,2.4 L,330000,Bakı,https://turbo.az/autos/10633950-toyota-camry
Chevrolet,Cruze,11900.0,AZN,2014,1.4 L,0,Tovuz,https://turbo.az/autos/10635786-chevrolet-cruze
Kia,Sportage,28000.0,AZN,2016,2.0 L,189000,Bakı,https://turbo.az/autos/10585329-kia-sportage
Hyundai,i30,11500.0,AZN,2007,1.6 L,398860,Bakı,https://turbo.az/autos/10610930-hyundai-i30
Kia,Sorento,49700.0,AZN,2018,2.2 L,124700,Bakı,https://turbo.az/autos/10635783-kia-sorento
BMW,X5,54400.0,AZN,2015,3.0 L,134000,Bakı,https://turbo.az/autos/10609601-bmw-x5
Changan,Qiyuan A05,23800.0,AZN,2025,1.5 L,47500,Bakı,https://turbo.az/autos/10493623-changan-qiyuan-a05
Ford,Fusion (North America),13800.0,AZN,2013,1.6 L,242000,Bakı,https://turbo.az/autos/10635782-ford-fusion-north-america
Chevrolet,Nexia,19465.0,AZN,2021,1.5 L,55000,Bakı,https://turbo.az/autos/10635776-chevrolet-nexia
Volkswagen,Passat CC,9200.0,AZN,2009,2.0 L,320000,Bakı,https://turbo.az/autos/10635780-volkswagen-passat-cc
Toyota,Land Cruiser,109000.0,AZN,2022,3.3 L,239000,Bakı,https://turbo.az/autos/10590463-toyota-land-cruiser
Ford,Fusion (North America),22000.0,AZN,2016,2.0 L,192317,Bakı,https://turbo.az/autos/10589407-ford-fusion-north-america
Chevrolet,Malibu,17500.0,AZN,2017,1.5 L,238000,Xaçmaz,https://turbo.az/autos/10635779-chevrolet-malibu
Opel,Astra,8700.0,AZN,2000,1.6 L,403223,Mingəçevir,https://turbo.az/autos/10599810-opel-astra
LADA,(VAZ) 2107,7400.0,AZN,2010,1.5 L,106000,Bakı,https://turbo.az/autos/10611188-lada-vaz-2107
Changan,CS 75 Plus,49500.0,AZN,2025,2.0 L,50,Bakı,https://turbo.az/autos/10630591-changan-cs-75-plus
Hyundai,Sonata,30000.0,AZN,2020,1.6 L,49550,Bakı,https://turbo.az/autos/10635777-hyundai-sonata
Lexus,LX 570,41650.0,AZN,2010,5.7 L,167000,Bakı,https://turbo.az/autos/10606315-lexus-lx-570
Ford,Fusion (North America),15500.0,AZN,2014,1.5 L,148000,Sumqayıt,https://turbo.az/autos/10603341-ford-fusion-north-america
Leapmotor,C16,49900.0,AZN,2024,1.5 L,0,Bakı,https://turbo.az/autos/10229377-leapmotor-c16
XPeng,X9,89900.0,AZN,2025,,0,Bakı,https://turbo.az/autos/9002355-xpeng-x9
Changan,Uni-V iDD,44000.0,AZN,2025,1.5 L,17000,Bakı,https://turbo.az/autos/10635774-changan-uni-v-idd
Opel,Astra,10000.0,AZN,2006,1.3 L,410000,Masallı,https://turbo.az/autos/10635764-opel-astra
Land,Rover Range Rover,63300.0,AZN,2016,3.0 L,165000,Bakı,https://turbo.az/autos/10422657-land-rover-range-rover
XPeng,G7,69900.0,AZN,2026,,0,Sifarişlə,https://turbo.az/autos/10460499-xpeng-g7
Suzuki,GSX-8S,22850.0,AZN,2025,0.8 L,0,Bakı,https://turbo.az/autos/9419401-suzuki-gsx-8s
Changan,Qiyuan A06,38500.0,AZN,2025,1.5 L,0,Bakı,https://turbo.az/autos/9982317-changan-qiyuan-a06
Land,Rover Range Rover,151300.0,AZN,2018,5.0 L,120000,Bakı,https://turbo.az/autos/10303704-land-rover-range-rover
Kia,Sorento,93900.0,AZN,2026,2.5 L,0,Bakı,https://turbo.az/autos/10469119-kia-sorento
Land,Rover Range Rover,73100.0,AZN,2014,5.0 L,164000,Bakı,https://turbo.az/autos/9269719-land-rover-range-rover
LADA,(VAZ) Priora,12900.0,AZN,2014,1.6 L,124056,Şəki,https://turbo.az/autos/10309650-lada-vaz-priora
Kia,Sorento,34500.0,AZN,2015,2.2 L,234000,Bakı,https://turbo.az/autos/10617082-kia-sorento
Toyota,Highlander,66300.0,AZN,2022,2.5 L,120000,Bakı,https://turbo.az/autos/10621457-toyota-highlander
Zontes,310V,7300.0,AZN,2021,,32150,Bakı,https://turbo.az/autos/10624312-zontes-310v
Changan,Qiyuan Q07,42500.0,AZN,2025,1.5 L,2000,Bakı,https://turbo.az/autos/10624790-changan-qiyuan-q07
LADA,(VAZ) Niva Pickup (2328/2329),14200.0,AZN,2014,1.7 L,129000,Bakı,https://turbo.az/autos/10626127-lada-vaz-niva-pickup-2328-2329
Mercedes,C 300 4MATIC,33900.0,AZN,2016,2.0 L,160000,Bakı,https://turbo.az/autos/10635828-mercedes-c-300-4matic
LADA,(VAZ) 2106,2700.0,AZN,1983,1.6 L,51275,Şəmkir,https://turbo.az/autos/10635763-lada-vaz-2106
XPeng,G9,69900.0,AZN,2024,,0,Bakı,https://turbo.az/autos/8240070-xpeng-g9
Toyota,Land Cruiser Prado,43500.0,AZN,2014,2.7 L,192000,Bakı,https://turbo.az/autos/10606425-toyota-land-cruiser-prado
Hyundai,Santa Fe,28500.0,AZN,2014,2.2 L,270000,Bakı,https://turbo.az/autos/10592575-hyundai-santa-fe
Hyundai,Elantra,25800.0,AZN,2018,2.0 L,109435,Bakı,https://turbo.az/autos/10625399-hyundai-elantra
Voge,Ds525x,12000.0,AZN,2025,,7000,Bakı,https://turbo.az/autos/10494760-voge-ds525x
Mercedes,GLE 450 4MATIC,125630.0,AZN,2022,3.0 L,74000,Bakı,https://turbo.az/autos/10590638-mercedes-gle-450-4matic
Mercedes,260 E,3600.0,AZN,1988,2.6 L,500000,Bakı,https://turbo.az/autos/10619393-mercedes-260-e
BMW,528,24400.0,AZN,2015,2.0 L,236000,Bakı,https://turbo.az/autos/10590374-bmw-528
Toyota,Corolla,14800.0,AZN,2006,1.4 L,217575,Bakı,https://turbo.az/autos/10629718-toyota-corolla
Golden,Dragon X5,79900.0,AZN,2026,3.0 L,0,Sifarişlə,https://turbo.az/autos/10211609-golden-dragon-x5
Kia,K3,19900.0,AZN,2017,1.6 L,160000,Bakı,https://turbo.az/autos/10588056-kia-k3
ROX,(Polar Stone) 01,95200.0,AZN,2025,1.5 L,0,Bakı,https://turbo.az/autos/10314991-rox-polar-stone-01
Toyota,Camry,59000.0,AZN,2025,2.0 L,0,Bakı,https://turbo.az/autos/9996360-toyota-camry
Land,Rover Defender,187000.0,AZN,2023,3.0 L,56000,Bakı,https://turbo.az/autos/10519279-land-rover-defender
Kia,Sorento,21000.0,AZN,2013,2.4 L,218522,İmişli,https://turbo.az/autos/10532825-kia-sorento
BYD,Destroyer 05,29500.0,AZN,2025,1.5 L,0,Bakı,https://turbo.az/autos/9778965-byd-destroyer-05
Mercedes,E 220 d,132430.0,AZN,2024,2.0 L,2700,Bakı,https://turbo.az/autos/10577646-mercedes-e-220-d
ROX,(Polar Stone) Adamas,131750.0,AZN,2026,1.5 L,0,Sifarişlə,https://turbo.az/autos/10243287-rox-polar-stone-adamas
Mercedes,Sprinter 315,26500.0,AZN,2008,2.2 L,207050,Bakı,https://turbo.az/autos/10600606-mercedes-sprinter-315
Audi,A6,127827.0,AZN,2025,2.0 L,0,Bakı,https://turbo.az/autos/10229433-audi-a6
Seres,Aito M7,101830.0,AZN,2026,1.5 L,0,Sifarişlə,https://turbo.az/autos/10376883-seres-aito-m7
BMW,330,51850.0,AZN,2019,2.0 L,111000,Bakı,https://turbo.az/autos/10585882-bmw-330
Chevrolet,Malibu,21900.0,AZN,2022,1.5 L,120000,Bakı,https://turbo.az/autos/10625253-chevrolet-malibu
Haojue,KA150,3915.0,AZN,2026,0.2 L,0,Sifarişlə,https://turbo.az/autos/9998548-haojue-ka150
Lynk,& Co 900,90100.0,AZN,2025,1.5 L,0,Bakı,https://turbo.az/autos/10054750-lynk-co-900
BYD,Qin Plus,23300.0,AZN,2025,1.5 L,0,Bakı,https://turbo.az/autos/10210380-byd-qin-plus
IM,LS8 EREV,99960.0,AZN,2026,1.5 L,0,Sifarişlə,https://turbo.az/autos/10624090-im-ls8-erev
Mercedes,E 220 d,56950.0,AZN,2019,2.0 L,51044,Bakı,https://turbo.az/autos/10379693-mercedes-e-220-d
Mitsubishi,L200,17500.0,AZN,2010,2.5 L,620000,Bakı,https://turbo.az/autos/10461227-mitsubishi-l200
Infiniti,FX35,16500.0,AZN,2007,3.5 L,250000,Bakı,https://turbo.az/autos/10486174-infiniti-fx35
Porsche,Macan,52000.0,AZN,2018,2.0 L,88514,Bakı,https://turbo.az/autos/10497126-porsche-macan
BMW,430,30300.0,AZN,2018,2.0 L,88000,Bakı,https://turbo.az/autos/10614596-bmw-430
Honda,Accord,21900.0,AZN,2015,2.0 L,238000,Bakı,https://turbo.az/autos/10627782-honda-accord
Mercedes,E 300,43500.0,AZN,2018,2.0 L,180000,Bakı,https://turbo.az/autos/10631428-mercedes-e-300
Hyundai,Elantra,23000.0,AZN,2020,1.6 L,201973,Bakı,https://turbo.az/autos/10634070-hyundai-elantra
Hyundai,Tucson,13000.0,AZN,2005,2.7 L,227900,Bakı,https://turbo.az/autos/10354933-hyundai-tucson
Audi,A6,127827.0,AZN,2025,2.0 L,0,Bakı,https://turbo.az/autos/10003021-audi-a6
Mercedes,C 200,8900.0,AZN,1998,2.0 L,365467,Bakı,https://turbo.az/autos/10632957-mercedes-c-200
Seres,Aito M8,135830.0,AZN,2026,1.5 L,0,Sifarişlə,https://turbo.az/autos/10532067-seres-aito-m8
KamAz,55111,29000.0,AZN,1989,11 L,150000,Mingəçevir,https://turbo.az/autos/10608140-kamaz-55111
Mercedes,S 350,35000.0,AZN,2011,3.5 L,137000,Bakı,https://turbo.az/autos/10590041-mercedes-s-350
Hyundai,i30,13700.0,AZN,2008,1.6 L,306851,Qəbələ,https://turbo.az/autos/10635773-hyundai-i30
Audi,Q5,137507.0,AZN,2026,2.0 L,0,Sifarişlə,https://turbo.az/autos/10301048-audi-q5
Kia,Sorento,31800.0,AZN,2016,2.0 L,160000,Bakı,https://turbo.az/autos/10626213-kia-sorento
Mercedes,E 250,27900.0,AZN,2015,2.1 L,202000,Bakı,https://turbo.az/autos/10534436-mercedes-e-250
Mercedes,E 220 d,44500.0,AZN,2016,2.0 L,221000,Bakı,https://turbo.az/autos/10503337-mercedes-e-220-d
Hyundai,Grandeur,68000.0,AZN,2023,1.6 L,60000,Bakı,https://turbo.az/autos/10565346-hyundai-grandeur
Mini,Countryman Cooper S,19900.0,AZN,2011,1.6 L,82000,Bakı,https://turbo.az/autos/10452700-mini-countryman-cooper-s
Chevrolet,Equinox,24800.0,AZN,2020,1.5 L,74000,Gəncə,https://turbo.az/autos/10635770-chevrolet-equinox
Mercedes,E 300,55000.0,AZN,2018,2.0 L,19000,Bakı,https://turbo.az/autos/10633148-mercedes-e-300
Lexus,LX 450d,108000.0,AZN,2018,4.5 L,232000,Bakı,https://turbo.az/autos/10070763-lexus-lx-450d
BMW,M4,295000.0,AZN,2026,3.0 L,0,Bakı,https://turbo.az/autos/10618418-bmw-m4
Toyota,Corolla,27800.0,AZN,2021,1.6 L,85000,Bakı,https://turbo.az/autos/10591504-toyota-corolla
Mercedes,GLE 450 e 4MATIC,134300.0,AZN,2024,2.0 L,27000,Bakı,https://turbo.az/autos/10626571-mercedes-gle-450-e-4matic
Seres,Aito M8,117130.0,AZN,2026,1.5 L,0,Sifarişlə,https://turbo.az/autos/10376891-seres-aito-m8
Mercedes,E 220 d,47500.0,AZN,2017,2.0 L,140000,Bakı,https://turbo.az/autos/10592667-mercedes-e-220-d
LADA,(VAZ) 2102,4000.0,AZN,1976,1.5 L,45422,Gəncə,https://turbo.az/autos/10635768-lada-vaz-2102
Hyundai,Santa Fe,19900.0,AZN,2009,2.0 L,234500,Şəmkir,https://turbo.az/autos/10585381-hyundai-santa-fe
Mercedes,Vito,18400.0,AZN,2007,2.1 L,171588,Bakı,https://turbo.az/autos/10600032-mercedes-vito
Lynk,& Co 08,63900.0,AZN,2026,1.5 L,0,Bakı,https://turbo.az/autos/9364880-lynk-co-08
Haojue,TF125,2925.0,AZN,2025,0.1 L,0,Bakı,https://turbo.az/autos/9420753-haojue-tf125
ROX,(Polar Stone) 01,96220.0,AZN,2025,1.5 L,0,Bakı,https://turbo.az/autos/10129360-rox-polar-stone-01
Nissan,Note,17800.0,AZN,2018,1.2 L,50000,Bakı,https://turbo.az/autos/10590965-nissan-note
Porsche,Panamera 4 E-Hybrid,150000.0,AZN,2021,2.9 L,13000,Bakı,https://turbo.az/autos/9212575-porsche-panamera-4-e-hybrid
Kia,EV6,28500.0,AZN,2022,,220000,Bakı,https://turbo.az/autos/10380918-kia-ev6
Mercedes,AMG GT 53 4MATIC+,188700.0,AZN,2021,3.0 L,28000,Bakı,https://turbo.az/autos/10395124-mercedes-amg-gt-53-4matic
BMW,530,41200.0,AZN,2018,2.0 L,153000,Bakı,https://turbo.az/autos/10480165-bmw-530
Honda,Pilot,16900.0,AZN,2008,3.5 L,375000,Bakı,https://turbo.az/autos/10570804-honda-pilot
Ford,Escape,19900.0,AZN,2017,1.5 L,67000,Bakı,https://turbo.az/autos/10578145-ford-escape
BMW,528,32500.0,AZN,2015,2.0 L,100000,Bakı,https://turbo.az/autos/10609130-bmw-528
LADA,(VAZ) 2107,4900.0,AZN,2004,1.6 L,30000,Biləsuvar,https://turbo.az/autos/10628032-lada-vaz-2107
Hyundai,Getz,5999.0,AZN,2006,1.1 L,500000,Ucar,https://turbo.az/autos/10635767-hyundai-getz
BMW,330,25800.0,AZN,2017,2.0 L,175000,Sumqayıt,https://turbo.az/autos/10623316-bmw-330
Mercedes,B 170,11400.0,AZN,2007,1.7 L,195000,Sumqayıt,https://turbo.az/autos/10620933-mercedes-b-170
Mercedes,GLS 450 4MATIC,109650.0,AZN,2020,3.0 L,131000,Bakı,https://turbo.az/autos/10539380-mercedes-gls-450-4matic
Lexus,LX 570,48500.0,AZN,2008,5.7 L,225000,Sumqayıt,https://turbo.az/autos/10620247-lexus-lx-570
Tesla,Model Y,28000.0,AZN,2020,,182000,Bakı,https://turbo.az/autos/10306250-tesla-model-y
Hyundai,Accent,22900.0,AZN,2019,1.6 L,98000,Bakı,https://turbo.az/autos/10632029-hyundai-accent
Hyundai,ix35,23500.0,AZN,2010,2.0 L,150000,Bakı,https://turbo.az/autos/10635765-hyundai-ix35
Changan,CS 55 Plus,30500.0,AZN,2026,1.5 L,0,Bakı,https://turbo.az/autos/10600982-changan-cs-55-plus
Mitsubishi,Pajero Sport,89900.0,AZN,2026,2.4 L,0,Bakı,https://turbo.az/autos/8708437-mitsubishi-pajero-sport
Kia,Optima,15800.0,AZN,2008,2.0 L,235000,Sumqayıt,https://turbo.az/autos/10540061-kia-optima
Mitsubishi,L200,64500.0,AZN,2026,2.4 L,0,Sifarişlə,https://turbo.az/autos/8249036-mitsubishi-l200
Lexus,LX 470,21500.0,AZN,2005,4.7 L,255000,Sumqayıt,https://turbo.az/autos/10451892-lexus-lx-470
Mini,Cooper,20500.0,AZN,2015,1.5 L,105000,Sumqayıt,https://turbo.az/autos/10257604-mini-cooper
Mitsubishi,L200,76400.0,AZN,2026,2.4 L,0,Sifarişlə,https://turbo.az/autos/8246312-mitsubishi-l200
Ford,Mustang,35000.0,AZN,2017,2.3 L,128748,Ağcabədi,https://turbo.az/autos/10269919-ford-mustang
BYD,Destroyer 05,26800.0,AZN,2025,1.5 L,0,Bakı,https://turbo.az/autos/8745716-byd-destroyer-05
Toyota,Camry,40800.0,AZN,2020,2.5 L,131000,Bakı,https://turbo.az/autos/10604936-toyota-camry
JMC,D60,68000.0,AZN,2026,2.9 L,0,Bakı,https://turbo.az/autos/10309863-jmc-d60
Mitsubishi,L200,81500.0,AZN,2026,2.4 L,0,Sifarişlə,https://turbo.az/autos/9217143-mitsubishi-l200
Toyota,Camry,60500.0,AZN,2026,2.0 L,0,Bakı,https://turbo.az/autos/10595551-toyota-camry
LADA,(VAZ) Granta,14900.0,AZN,2024,1.6 L,46000,Sumqayıt,https://turbo.az/autos/10476920-lada-vaz-granta
Mitsubishi,Rosa,30500.0,AZN,2005,3.9 L,910929,Sumqayıt,https://turbo.az/autos/10601551-mitsubishi-rosa
Toyota,Land Cruiser Prado,31900.0,AZN,2010,2.7 L,185000,Sumqayıt,https://turbo.az/autos/10493351-toyota-land-cruiser-prado
Changan,Uni-Z,34899.0,AZN,2025,1.5 L,0,Bakı,https://turbo.az/autos/9773775-changan-uni-z
Porsche,Panamera Turbo,123250.0,AZN,2017,4.0 L,67000,Bakı,https://turbo.az/autos/9828626-porsche-panamera-turbo
Haval,M6,34900.0,AZN,2026,1.5 L,0,Bakı,https://turbo.az/autos/10474861-haval-m6
Toyota,RAV4,90700.0,AZN,2026,2.5 L,0,Bakı,https://turbo.az/autos/10605782-toyota-rav4
Ford,Transit,13800.0,AZN,2003,2.4 L,898338,Bakı,https://turbo.az/autos/10126192-ford-transit
BMW,X5,99000.0,AZN,2022,2.0 L,100000,Bakı,https://turbo.az/autos/10315913-bmw-x5
Opel,Astra,8300.0,AZN,1998,1.6 L,555000,Sumqayıt,https://turbo.az/autos/10372594-opel-astra
BMW,750,112200.0,AZN,2017,4.4 L,29400,Bakı,https://turbo.az/autos/10523037-bmw-750
Volkswagen,Multivan,35700.0,AZN,2015,2.0 L,130000,Bakı,https://turbo.az/autos/10551472-volkswagen-multivan
Hyundai,Genesis,21500.0,AZN,2010,3.8 L,195000,Bakı,https://turbo.az/autos/10612329-hyundai-genesis
Mercedes,190,6500.0,AZN,1990,2.0 L,485000,Bakı,https://turbo.az/autos/10614212-mercedes-190
LADA,(VAZ) 2106,5700.0,AZN,2006,1.6 L,115000,Bakı,https://turbo.az/autos/10618567-lada-vaz-2106
JMC,D77,99000.0,AZN,2026,2.9 L,0,Bakı,https://turbo.az/autos/10309846-jmc-d77
Changan,Uni-Z,35150.0,AZN,2025,1.5 L,0,Sumqayıt,https://turbo.az/autos/10635760-changan-uni-z
Toyota,RAV4,61700.0,AZN,2026,2.0 L,0,Bakı,https://turbo.az/autos/10413679-toyota-rav4
GAC,E8,55900.0,AZN,2025,2.0 L,0,Bakı,https://turbo.az/autos/10271836-gac-e8
Kia,Sorento,51000.0,AZN,2020,2.2 L,199500,Bakı,https://turbo.az/autos/10403574-kia-sorento
Toyota,Highlander,106777.0,AZN,2026,2.5 L,0,Bakı,https://turbo.az/autos/10450736-toyota-highlander
Mitsubishi,Pajero io,8600.0,AZN,2000,2.0 L,300000,Ağdam,https://turbo.az/autos/10635761-mitsubishi-pajero-io
Hyundai,Grandeur,28500.0,AZN,2014,2.2 L,230000,Bakı,https://turbo.az/autos/10595000-hyundai-grandeur
Changan,Qiyuan Q07,47900.0,AZN,2025,1.5 L,0,Lənkəran,https://turbo.az/autos/10056088-changan-qiyuan-q07
BMW,520,21900.0,AZN,2012,2.0 L,260000,Bakı,https://turbo.az/autos/10632000-bmw-520
Ford,Fusion (North America),23900.0,AZN,2019,2.0 L,142000,Bakı,https://turbo.az/autos/10599808-ford-fusion-north-america
BMW,X7,190000.0,AZN,2023,3.0 L,15500,Bakı,https://turbo.az/autos/10323946-bmw-x7
Infiniti,FX35,5600.0,AZN,2005,3.5 L,247000,Bakı,https://turbo.az/autos/10635759-infiniti-fx35
BMW,520,21700.0,AZN,2013,2.0 L,247000,Bakı,https://turbo.az/autos/10635766-bmw-520
Changan,Uni-K iDD,49900.0,AZN,2025,1.5 L,0,Bakı,https://turbo.az/autos/8564301-changan-uni-k-idd
Hyundai,Tucson,16300.0,AZN,2009,2.0 L,189000,Bakı,https://turbo.az/autos/10549265-hyundai-tucson
Hyundai,Sonata,16800.0,AZN,2015,2.4 L,171524,Bakı,https://turbo.az/autos/10628622-hyundai-sonata
Kia,Carnival,92400.0,AZN,2025,1.6 L,0,Bakı,https://turbo.az/autos/9731172-kia-carnival
Ford,Transit,21800.0,AZN,2004,2.4 L,487265,Bakı,https://turbo.az/autos/10542532-ford-transit
Opel,Meriva,11000.0,AZN,2005,1.4 L,118200,Bakı,https://turbo.az/autos/10595466-opel-meriva
Kia,K5,31500.0,AZN,2021,1.6 L,173648,Qəbələ,https://turbo.az/autos/10630291-kia-k5
GAC,S7,66900.0,AZN,2026,1.5 L,0,Bakı,https://turbo.az/autos/10516986-gac-s7
Kia,Optima,16300.0,AZN,2009,2.0 L,282000,Ağdaş,https://turbo.az/autos/10635755-kia-optima
Toyota,Land Cruiser Prado,41900.0,AZN,2014,2.7 L,128000,Bakı,https://turbo.az/autos/10616694-toyota-land-cruiser-prado
Lynk,& Co 900,104900.0,AZN,2026,1.5 L,0,Bakı,https://turbo.az/autos/9759474-lynk-co-900
Seres,Aito M5,64090.0,AZN,2025,1.5 L,0,Bakı,https://turbo.az/autos/10524341-seres-aito-m5
Isuzu,Re-Max,37700.0,AZN,2026,2.5 L,0,Bakı,https://turbo.az/autos/10588125-isuzu-re-max
Mercedes,S 500,24800.0,AZN,2010,5.5 L,235000,Sumqayıt,https://turbo.az/autos/10624415-mercedes-s-500
BYD,Qin Plus,21500.0,AZN,2025,1.5 L,30000,Bakı,https://turbo.az/autos/10101563-byd-qin-plus
Hyundai,Tucson,24500.0,AZN,2017,1.6 L,193121,Bakı,https://turbo.az/autos/10470599-hyundai-tucson
DongFeng,YiPai 008,54000.0,AZN,2025,1.5 L,9300,Bakı,https://turbo.az/autos/10514723-dongfeng-yipai-008
Kia,Forte,22000.0,AZN,2021,2.0 L,277000,Bakı,https://turbo.az/autos/10570950-kia-forte
Jaguar,F-Pace,42500.0,AZN,2018,2.0 L,164000,Bakı,https://turbo.az/autos/10572895-jaguar-f-pace
BMW,X5,54000.0,AZN,2015,3.0 L,99000,Bakı,https://turbo.az/autos/10613627-bmw-x5
Ford,Fusion (North America),18000.0,AZN,2018,1.5 L,196970,Şamaxı,https://turbo.az/autos/10634049-ford-fusion-north-america
Hyundai,Santa Fe,26500.0,AZN,2014,2.4 L,184000,Bakı,https://turbo.az/autos/10635099-hyundai-santa-fe
Ford,Fusion (North America),25000.0,AZN,2017,2.0 L,192000,Bakı,https://turbo.az/autos/10587230-ford-fusion-north-america
GAC,GS3 Emzoom,29900.0,AZN,2026,1.5 L,0,Bakı,https://turbo.az/autos/10293103-gac-gs3-emzoom
Suzuki,GSX-8S,22850.0,AZN,2025,0.8 L,0,Bakı,https://turbo.az/autos/9419401-suzuki-gsx-8s
Kia,Sportage,20800.0,AZN,2010,2.0 L,288000,Sumqayıt,https://turbo.az/autos/10582627-kia-sportage
Kia,Sorento,21000.0,AZN,2010,2.4 L,249000,Bakı,https://turbo.az/autos/10563137-kia-sorento
Mitsubishi,L200,26800.0,AZN,2013,2.5 L,200000,Bakı,https://turbo.az/autos/10635754-mitsubishi-l200
Audi,Q7,28500.0,AZN,2013,3.0 L,177500,Bakı,https://turbo.az/autos/10534565-audi-q7
Hyundai,Santa Fe,25900.0,AZN,2012,2.0 L,215000,Bakı,https://turbo.az/autos/10635758-hyundai-santa-fe
Changan,CS 55 Plus,30800.0,AZN,2025,1.5 L,6500,Bakı,https://turbo.az/autos/10629176-changan-cs-55-plus
Changan,CS 75 Plus,50900.0,AZN,2026,1.5 L,10,Bakı,https://turbo.az/autos/10630568-changan-cs-75-plus
Renault,Megane,12500.0,AZN,2011,1.5 L,345000,Bakı,https://turbo.az/autos/10199260-renault-megane
KamAz,55111,12500.0,AZN,1992,11 L,242000,Qəbələ,https://turbo.az/autos/10600223-kamaz-55111
Hyundai,Sonata,24500.0,AZN,2016,1.7 L,296000,Bakı,https://turbo.az/autos/10635742-hyundai-sonata
Ford,Transit,25900.0,AZN,2011,2.4 L,211772,Bakı,https://turbo.az/autos/10523121-ford-transit
Volkswagen,Passat,23500.0,AZN,2018,1.8 L,131896,Bakı,https://turbo.az/autos/10615813-volkswagen-passat
Hyundai,Sonata,14900.0,AZN,2010,2.4 L,230000,Gəncə,https://turbo.az/autos/10501349-hyundai-sonata
Honda,Insight,13300.0,AZN,2012,1.3 L,193000,Bakı,https://turbo.az/autos/10611526-honda-insight
Kia,Ceed SW,18100.0,AZN,2010,1.6 L,299100,Lənkəran,https://turbo.az/autos/10635752-kia-ceed-sw
Hyundai,Accent,18800.0,AZN,2016,1.4 L,79000,Ağsu,https://turbo.az/autos/10603162-hyundai-accent
Mercedes,ML 350 4MATIC,13600.0,AZN,2006,3.5 L,371222,Bakı,https://turbo.az/autos/10635748-mercedes-ml-350-4matic
LADA,(VAZ) 2107,2999.0,AZN,1999,1.6 L,236045,Bərdə,https://turbo.az/autos/10635751-lada-vaz-2107
Ford,Fusion (North America),20900.0,AZN,2019,1.5 L,144000,Bakı,https://turbo.az/autos/10470958-ford-fusion-north-america
Hyundai,Accent,17400.0,AZN,2015,1.4 L,135000,Bakı,https://turbo.az/autos/10635750-hyundai-accent
Kia,Optima,17500.0,AZN,2011,2.0 L,154376,Sumqayıt,https://turbo.az/autos/10575065-kia-optima
Changan,Oshan X5 Plus,26900.0,AZN,2026,1.5 L,0,Bakı,https://turbo.az/autos/10353684-changan-oshan-x5-plus
Mercedes,E 300 e,162492.0,AZN,2025,2.0 L,0,Bakı,https://turbo.az/autos/10413253-mercedes-e-300-e
Mazda,CX-90,118900.0,AZN,2026,3.3 L,0,Sifarişlə,https://turbo.az/autos/10600906-mazda-cx-90
IM,LS8 EREV,99960.0,AZN,2026,1.5 L,0,Sifarişlə,https://turbo.az/autos/10624090-im-ls8-erev
Mazda,CX-5,40000.0,AZN,2022,2.0 L,41700,Bakı,https://turbo.az/autos/10472645-mazda-cx-5
Toyota,Corolla,14800.0,AZN,2007,1.8 L,270000,Bakı,https://turbo.az/autos/10583022-toyota-corolla
Kia,Sorento,37800.0,AZN,2017,2.0 L,151300,Bakı,https://turbo.az/autos/10611366-kia-sorento
Chevrolet,Cobalt,15800.0,AZN,2025,1.5 L,100000,Bakı,https://turbo.az/autos/10613682-chevrolet-cobalt
Mercedes,C 240,11220.0,AZN,2000,2.6 L,354000,Bakı,https://turbo.az/autos/10616166-mercedes-c-240
Mercedes,E 240,8900.0,AZN,1998,2.4 L,450000,Bakı,https://turbo.az/autos/10624047-mercedes-e-240
Kia,Rio,12500.0,AZN,2010,1.5 L,260000,Bakı,https://turbo.az/autos/10624613-kia-rio
Porsche,Macan S,47000.0,AZN,2017,3.0 L,198000,Bakı,https://turbo.az/autos/10627176-porsche-macan-s
Kia,Optima,17500.0,AZN,2011,2.0 L,154376,Sumqayıt,https://turbo.az/autos/10575065-kia-optima
Mercedes,E 240,9500.0,AZN,1998,2.4 L,536000,Biləsuvar,https://turbo.az/autos/10630788-mercedes-e-240
Mercedes,Vito 112 CDI,13000.0,AZN,2003,2.1 L,350000,Gəncə,https://turbo.az/autos/10635734-mercedes-vito-112-cdi
Mercedes,B 170,11800.0,AZN,2009,1.7 L,141000,Sumqayıt,https://turbo.az/autos/10627247-mercedes-b-170
Lynk,& Co 08,55000.0,AZN,2024,1.5 L,0,Bakı,https://turbo.az/autos/10601471-lynk-co-08
Lynk,& Co 900,104900.0,AZN,2026,1.5 L,0,Bakı,https://turbo.az/autos/9759491-lynk-co-900
Jeep,Wrangler,49500.0,AZN,2023,2.0 L,54879,Bakı,https://turbo.az/autos/10635749-jeep-wrangler
Chevrolet,Equinox,24500.0,AZN,2018,1.5 L,75560,Bakı,https://turbo.az/autos/10532115-chevrolet-equinox
Jeep,Wrangler,65000.0,AZN,2023,2.0 L,41000,Bakı,https://turbo.az/autos/10624950-jeep-wrangler
Ford,Transit,24500.0,AZN,2008,2.4 L,240148,Bakı,https://turbo.az/autos/10567134-ford-transit
Lynk,& Co 900,104900.0,AZN,2026,1.5 L,0,Bakı,https://turbo.az/autos/9759510-lynk-co-900
Mercedes,Vito 115 CDI,22300.0,AZN,2009,2.1 L,249000,Bakı,https://turbo.az/autos/10422632-mercedes-vito-115-cdi
Lexus,LX 570,76500.0,AZN,2014,5.7 L,175000,Bakı,https://turbo.az/autos/10631939-lexus-lx-570
Toyota,Land Cruiser Prado,25900.0,AZN,2007,2.7 L,291000,Sumqayıt,https://turbo.az/autos/10559916-toyota-land-cruiser-prado
Lynk,& Co 900,104900.0,AZN,2026,1.5 L,0,Bakı,https://turbo.az/autos/9456333-lynk-co-900
Hyundai,Elantra,22000.0,AZN,2016,2.0 L,100655,Bakı,https://turbo.az/autos/10524030-hyundai-elantra
BMW,X5,44700.0,AZN,2015,3.0 L,157200,Bakı,https://turbo.az/autos/10623960-bmw-x5
BMW,X5,103700.0,AZN,2021,3.0 L,74000,Bakı,https://turbo.az/autos/10615507-bmw-x5
Hyundai,Sonata,22500.0,AZN,2015,1.7 L,311000,Bakı,https://turbo.az/autos/10555138-hyundai-sonata
Nissan,X-Trail,42500.0,AZN,2023,2.5 L,20000,Bakı,https://turbo.az/autos/10497964-nissan-x-trail
Land,Rover Range Rover,99500.0,AZN,2019,3.0 L,140000,Bakı,https://turbo.az/autos/10618682-land-rover-range-rover
Mercedes,B 170,11200.0,AZN,2009,1.7 L,163000,Sumqayıt,https://turbo.az/autos/10578151-mercedes-b-170
Kia,K5,25300.0,AZN,2015,2.0 L,103000,Bakı,https://turbo.az/autos/10635746-kia-k5
Changan,Qiyuan A05,26900.0,AZN,2025,1.5 L,0,Bakı,https://turbo.az/autos/10582546-changan-qiyuan-a05
Mercedes,GLS 450 4MATIC,230240.0,AZN,2025,3.0 L,0,Bakı,https://turbo.az/autos/10109862-mercedes-gls-450-4matic
Changan,CS 55 Plus,32000.0,AZN,2025,1.5 L,0,Bakı,https://turbo.az/autos/10588634-changan-cs-55-plus
Kia,Sportage,42500.0,AZN,2024,2.0 L,11700,Bakı,https://turbo.az/autos/10589992-kia-sportage
Li,Auto L7,110000.0,AZN,2025,1.5 L,13900,Bakı,https://turbo.az/autos/10597273-li-auto-l7
Chevrolet,Cobalt,16000.0,AZN,2022,1.5 L,91157,Bakı,https://turbo.az/autos/10449531-chevrolet-cobalt
BMW,320d,24000.0,AZN,2013,2.0 L,200500,Bakı,https://turbo.az/autos/10492377-bmw-320d
BMW,330,26500.0,AZN,2017,2.0 L,160550,Bakı,https://turbo.az/autos/10493034-bmw-330
Maserati,Levante,76500.0,AZN,2017,3.0 L,98000,Bakı,https://turbo.az/autos/10504740-maserati-levante
Kia,Optima,17700.0,AZN,2012,2.4 L,197270,Bakı,https://turbo.az/autos/10580749-kia-optima
Changan,Uni-Z,36300.0,AZN,2025,1.5 L,0,Bakı,https://turbo.az/autos/10628215-changan-uni-z
Hyundai,Santa Fe,16300.0,AZN,2008,2.2 L,294000,Sumqayıt,https://turbo.az/autos/10629165-hyundai-santa-fe
BMW,528,23200.0,AZN,2012,2.0 L,290000,Bakı,https://turbo.az/autos/10635009-bmw-528
Wuling,Starlight S,36000.0,AZN,2025,1.5 L,0,Bakı,https://turbo.az/autos/9646944-wuling-starlight-s
Lynk,& Co 09,84900.0,AZN,2025,2.0 L,0,Bakı,https://turbo.az/autos/8947990-lynk-co-09
Kia,Sorento,33600.0,AZN,2015,2.0 L,212212,Lənkəran,https://turbo.az/autos/10540585-kia-sorento
ZEEKR,007,66900.0,AZN,2024,,0,Bakı,https://turbo.az/autos/10408504-zeekr-007
BMW,328,26200.0,AZN,2015,2.0 L,193800,Bakı,https://turbo.az/autos/10480098-bmw-328
Land,Rover RR Sport,64000.0,AZN,2017,3.0 L,94000,Bakı,https://turbo.az/autos/9263333-land-rover-rr-sport
Toyota,Camry,49500.0,AZN,2023,2.5 L,93500,Bakı,https://turbo.az/autos/10635741-toyota-camry
Mercedes,E 220,13600.0,AZN,2004,2.2 L,270000,Sumqayıt,https://turbo.az/autos/10630438-mercedes-e-220
Changan,Qiyuan Q05,28500.0,AZN,2024,1.5 L,3500,Bakı,https://turbo.az/autos/10635743-changan-qiyuan-q05
Chevrolet,Cruze,10900.0,AZN,2014,1.4 L,256000,Gəncə,https://turbo.az/autos/10629428-chevrolet-cruze
Volkswagen,Passat,2000.0,AZN,1998,1.8 L,370000,Bakı,https://turbo.az/autos/10635740-volkswagen-passat
Changan,CS 55 Plus,29600.0,AZN,2026,1.5 L,0,Bakı,https://turbo.az/autos/10615809-changan-cs-55-plus
Ford,Transit,26700.0,AZN,2011,2.4 L,178300,Bakı,https://turbo.az/autos/10494779-ford-transit
GAZ,GAZel (2705),4800.0,AZN,1997,2.4 L,599400,Xaçmaz,https://turbo.az/autos/10635722-gaz-gazel-2705
Mercedes,B 170,12200.0,AZN,2010,1.7 L,116000,Sumqayıt,https://turbo.az/autos/10622375-mercedes-b-170
Toyota,Land Cruiser,60500.0,AZN,2013,4.6 L,305995,Bakı,https://turbo.az/autos/10522950-toyota-land-cruiser
Kia,Rio,18300.0,AZN,2018,1.6 L,163000,Bakı,https://turbo.az/autos/10635738-kia-rio
Changan,Qiyuan Q07,43900.0,AZN,2025,1.5 L,1142,Sumqayıt,https://turbo.az/autos/10608101-changan-qiyuan-q07
Mitsubishi,L200,16500.0,AZN,2008,2.5 L,434500,Bakı,https://turbo.az/autos/10595417-mitsubishi-l200
JETOUR,X70C-DM,43000.0,AZN,2025,1.5 L,0,Bakı,https://turbo.az/autos/10059598-jetour-x70c-dm
LADA,(VAZ) 21099,4100.0,AZN,1997,1.5 L,445850,Tərtər,https://turbo.az/autos/10635736-lada-vaz-21099
BYD,Song Plus DM-İ,28800.0,AZN,2023,1.5 L,27000,Bakı,https://turbo.az/autos/9716200-byd-song-plus-dm-i
Hyundai,Grandeur,69500.0,AZN,2023,1.6 L,45000,Sumqayıt,https://turbo.az/autos/10557265-hyundai-grandeur
Audi,A1,17900.0,AZN,2014,1.4 L,101049,Bakı,https://turbo.az/autos/10586431-audi-a1
Bentley,Continental GT,640120.0,AZN,2024,4.0 L,0,Bakı,https://turbo.az/autos/9540001-bentley-continental-gt
Changan,CS 75 Pro,32900.0,AZN,2026,1.5 L,0,Bakı,https://turbo.az/autos/10600413-changan-cs-75-pro
Lamborghini,Urus,518500.0,AZN,2021,4.0 L,8800,Bakı,https://turbo.az/autos/10607427-lamborghini-urus
Changan,CS 55 Plus,34500.0,AZN,2026,1.5 L,0,Bakı,https://turbo.az/autos/10635884-changan-cs-55-plus
Mercedes,CLA 250 e,75000.0,AZN,2023,1.3 L,72000,Bakı,https://turbo.az/autos/9841526-mercedes-cla-250-e
Renault,Logan,12600.0,AZN,2015,1.6 L,180000,Bakı,https://turbo.az/autos/10506734-renault-logan
Nissan,Teana,13700.0,AZN,2009,2.5 L,280000,Salyan,https://turbo.az/autos/10617327-nissan-teana
Changan,CS 75 Plus,34999.0,AZN,2026,1.5 L,0,Bakı,https://turbo.az/autos/10624179-changan-cs-75-plus
Kia,K5,29000.0,AZN,2020,1.6 L,184000,Bakı,https://turbo.az/autos/10626908-kia-k5
Changan,Qiyuan Q07,40800.0,AZN,2025,1.5 L,21400,Bakı,https://turbo.az/autos/10629183-changan-qiyuan-q07
Mitsubishi,Outlander,21900.0,AZN,2022,2.5 L,49200,Bakı,https://turbo.az/autos/10632152-mitsubishi-outlander
Mercedes,GLE 350 de 4MATIC,135000.0,AZN,2023,2.0 L,26300,Bakı,https://turbo.az/autos/10632368-mercedes-gle-350-de-4matic
JETOUR,Dashing,39900.0,AZN,2024,1.6 L,0,Bakı,https://turbo.az/autos/10059727-jetour-dashing
BMW,R1300GS,61057.0,AZN,2026,,0,Bakı,https://turbo.az/autos/10349764-bmw-r1300gs
LADA,(VAZ) Niva,10700.0,AZN,2014,1.7 L,197156,Bakı,https://turbo.az/autos/10503950-lada-vaz-niva
Mercedes,S 320,14500.0,AZN,1997,3.2 L,420000,Bakı,https://turbo.az/autos/10599126-mercedes-s-320
BMW,S 1000 R,49240.0,AZN,2026,,0,Bakı,https://turbo.az/autos/10495012-bmw-s-1000-r
Hyundai,Sonata,25000.0,AZN,2015,2.0 L,145000,Bakı,https://turbo.az/autos/10592966-hyundai-sonata
LADA,(VAZ) Priora,6400.0,AZN,2008,1.6 L,450000,Bakı,https://turbo.az/autos/10539819-lada-vaz-priora
Toyota,Corolla,19200.0,AZN,2013,1.6 L,150893,Bakı,https://turbo.az/autos/10635735-toyota-corolla
Mercedes,E 240,12400.0,AZN,1998,2.4 L,419419,Bakı,https://turbo.az/autos/10625930-mercedes-e-240
Hyundai,Avante,27900.0,AZN,2020,1.6 L,149900,Bakı,https://turbo.az/autos/10552146-hyundai-avante
LADA,(VAZ) 2107,6400.0,AZN,2006,1.6 L,28000,Gəncə,https://turbo.az/autos/10514841-lada-vaz-2107
BMW,530,19500.0,AZN,2004,3.0 L,266714,Bakı,https://turbo.az/autos/10629243-bmw-530
BMW,530,17000.0,AZN,2007,3.0 L,280125,Qusar,https://turbo.az/autos/10539197-bmw-530
Mercedes,E 350,96000.0,AZN,2022,2.0 L,17000,Bakı,https://turbo.az/autos/10633124-mercedes-e-350
Mercedes,C 230,13300.0,AZN,1999,2.3 L,185000,Saatlı,https://turbo.az/autos/10635721-mercedes-c-230
BMW,M 1000 R,68936.0,AZN,2026,,0,Bakı,https://turbo.az/autos/10473839-bmw-m-1000-r
Hyundai,Elantra,17500.0,AZN,2013,1.8 L,226136,Bakı,https://turbo.az/autos/10577119-hyundai-elantra
Hyundai,Santa Fe,28900.0,AZN,2012,2.2 L,257000,Bakı,https://turbo.az/autos/10635745-hyundai-santa-fe
Changan,Qiyuan Q07,43200.0,AZN,2025,1.5 L,0,Bakı,https://turbo.az/autos/10344003-changan-qiyuan-q07
BMW,F 900 XR,33877.0,AZN,2026,,0,Bakı,https://turbo.az/autos/10349719-bmw-f-900-xr
Hyundai,Sonata,35200.0,AZN,2022,2.0 L,103000,Bakı,https://turbo.az/autos/10595039-hyundai-sonata
Mercedes,C 300,42900.0,AZN,2018,2.0 L,90000,Sumqayıt,https://turbo.az/autos/10210981-mercedes-c-300
Changan,Qiyuan Q07,42400.0,AZN,2025,1.5 L,0,Bakı,https://turbo.az/autos/9747402-changan-qiyuan-q07
Volkswagen,Passat,11000.0,AZN,2011,1.8 L,330000,Bakı,https://turbo.az/autos/10625833-volkswagen-passat
Changan,Qiyuan Q07,42700.0,AZN,2025,1.5 L,0,Bakı,https://turbo.az/autos/9599220-changan-qiyuan-q07
Toyota,Corolla Cross,53550.0,AZN,2026,2.0 L,0,Bakı,https://turbo.az/autos/9680521-toyota-corolla-cross
Changan,CS 55 Plus,31200.0,AZN,2026,1.5 L,0,Sifarişlə,https://turbo.az/autos/10240580-changan-cs-55-plus
Mercedes,CLE 53 AMG 4MATIC+,229273.0,AZN,2026,3.0 L,0,Bakı,https://turbo.az/autos/10462418-mercedes-cle-53-amg-4matic
Tesla,Model Y,39000.0,AZN,2023,,55000,Bakı,https://turbo.az/autos/10420121-tesla-model-y
BMW,330,26500.0,AZN,2017,2.0 L,160550,Bakı,https://turbo.az/autos/10493034-bmw-330
Ford,Fusion (North America),26700.0,AZN,2020,2.0 L,100900,Bakı,https://turbo.az/autos/10542719-ford-fusion-north-america
Kia,Sorento,25500.0,AZN,2013,2.0 L,220000,Bakı,https://turbo.az/autos/10580389-kia-sorento
Toyota,Land Cruiser,26300.0,AZN,2001,4.2 L,599000,Bakı,https://turbo.az/autos/10582628-toyota-land-cruiser
BMW,X1,28000.0,AZN,2017,2.0 L,200000,Bakı,https://turbo.az/autos/10613994-bmw-x1
Toyota,Land Cruiser Prado,25500.0,AZN,2007,2.7 L,237000,Bakı,https://turbo.az/autos/10625357-toyota-land-cruiser-prado
Kia,Picanto,13000.0,AZN,2013,1.3 L,184000,Bakı,https://turbo.az/autos/10627184-kia-picanto
Chevrolet,Cruze,16700.0,AZN,2018,1.4 L,145000,Bakı,https://turbo.az/autos/10420060-chevrolet-cruze
BMW,F 800 GS,31513.0,AZN,2026,,0,Bakı,https://turbo.az/autos/10349733-bmw-f-800-gs
Kia,K5,33900.0,AZN,2021,1.6 L,46000,Sumqayıt,https://turbo.az/autos/10474345-kia-k5
BMW,R Nine T,43331.0,AZN,2026,,0,Bakı,https://turbo.az/autos/10561640-bmw-r-nine-t
Skoda,Kamiq,38900.0,AZN,2024,1.0 L,0,Bakı,https://turbo.az/autos/9996986-skoda-kamiq
Opel,Astra,10800.0,AZN,2006,1.4 L,294000,Bakı,https://turbo.az/autos/10635732-opel-astra
BMW,F 900 GS,34468.0,AZN,2026,,0,Bakı,https://turbo.az/autos/10561656-bmw-f-900-gs
BMW,X5,88400.0,AZN,2020,3.0 L,177028,Bakı,https://turbo.az/autos/10475501-bmw-x5
Lynk,& Co 900,99900.0,AZN,2026,1.5 L,0,Sifarişlə,https://turbo.az/autos/10587445-lynk-co-900
Hyundai,i10,9500.0,AZN,2008,1.3 L,200212,Bakı,https://turbo.az/autos/10635728-hyundai-i10
Mercedes,Atego 816,37900.0,AZN,2008,4.3 L,389000,Bakı,https://turbo.az/autos/10281121-mercedes-atego-816
Mercedes,E 240,13800.0,AZN,2004,2.6 L,390000,Bakı,https://turbo.az/autos/10623590-mercedes-e-240
Volkswagen,Touareg,44900.0,AZN,2020,3.0 L,170000,Bakı,https://turbo.az/autos/10126254-volkswagen-touareg
Hyundai,Santa Fe,34900.0,AZN,2018,2.0 L,212000,Bakı,https://turbo.az/autos/10609721-hyundai-santa-fe
Kia,K3,18600.0,AZN,2015,1.6 L,279000,Bakı,https://turbo.az/autos/10610223-kia-k3
Chevrolet,Cobalt,17500.0,AZN,2026,1.5 L,0,Bakı,https://turbo.az/autos/8925650-chevrolet-cobalt
Chevrolet,Cruze,14800.0,AZN,2018,1.4 L,145000,Bakı,https://turbo.az/autos/10577331-chevrolet-cruze
Opel,Vectra,4800.0,AZN,1996,1.6 L,402316,Bakı,https://turbo.az/autos/10615760-opel-vectra
Mitsubishi,Airtrek,6700.0,AZN,2002,2.4 L,288760,Bakı,https://turbo.az/autos/10556738-mitsubishi-airtrek
Hyundai,Elantra,25500.0,AZN,2019,2.0 L,177028,Bakı,https://turbo.az/autos/10629967-hyundai-elantra
Toyota,Land Cruiser Prado,89250.0,AZN,2018,3.0 L,106000,Bakı,https://turbo.az/autos/10537232-toyota-land-cruiser-prado
Porsche,Macan S,44900.0,AZN,2014,3.0 L,91000,Bakı,https://turbo.az/autos/10416602-porsche-macan-s
Changan,Uni-Z,32799.0,AZN,2026,1.5 L,0,Bakı,https://turbo.az/autos/10623101-changan-uni-z
Maserati,Grecale Folgore,137704.0,AZN,2024,,0,Bakı,https://turbo.az/autos/9178301-maserati-grecale-folgore
Land,Rover RR Evoque,59900.0,AZN,2021,2.0 L,101500,Bakı,https://turbo.az/autos/10221975-land-rover-rr-evoque
Toyota,Camry,61400.0,AZN,2026,2.0 L,0,Bakı,https://turbo.az/autos/10390035-toyota-camry
Hyundai,Staria,79900.0,AZN,2026,2.2 L,0,Bakı,https://turbo.az/autos/10618377-hyundai-staria
Changan,Oshan X5 Plus,25200.0,AZN,2025,1.5 L,0,Bakı,https://turbo.az/autos/10619701-changan-oshan-x5-plus
Mitsubishi,Outlander,11000.0,AZN,2006,3.0 L,294000,Bakı,https://turbo.az/autos/10379538-mitsubishi-outlander
Chevrolet,Cruze,10800.0,AZN,2012,1.4 L,290000,Bakı,https://turbo.az/autos/10541094-chevrolet-cruze
Hyundai,Santa Fe,27800.0,AZN,2013,2.0 L,261000,Bakı,https://turbo.az/autos/10613059-hyundai-santa-fe
Kia,Carens,14700.0,AZN,2008,2.0 L,445658,Bakı,https://turbo.az/autos/10616122-kia-carens
Land,Rover RR Velar,58310.0,AZN,2018,2.0 L,117316,Bakı,https://turbo.az/autos/10618309-land-rover-rr-velar
Genesis,G70,49999.0,AZN,2022,2.0 L,40000,Bakı,https://turbo.az/autos/10624738-genesis-g70
Toyota,Prius,15800.0,AZN,2010,1.8 L,252331,Bakı,https://turbo.az/autos/10631406-toyota-prius
BYD,Destroyer 05,24800.0,AZN,2025,1.5 L,1450,Gəncə,https://turbo.az/autos/10632885-byd-destroyer-05
Hyundai,Santa Fe,46900.0,AZN,2021,1.6 L,83200,Bakı,https://turbo.az/autos/10614068-hyundai-santa-fe
Opel,Astra,7400.0,AZN,2006,1.3 L,255000,Sumqayıt,https://turbo.az/autos/10628122-opel-astra
Changan,CS 55 Plus,32200.0,AZN,2025,1.5 L,0,Bakı,https://turbo.az/autos/10618389-changan-cs-55-plus
Mitsubishi,Outlander,8800.0,AZN,2004,2.4 L,373000,Sumqayıt,https://turbo.az/autos/10634406-mitsubishi-outlander
Changan,Oshan X5 Plus,25290.0,AZN,2025,1.5 L,0,Bakı,https://turbo.az/autos/10620755-changan-oshan-x5-plus
Mercedes,C 230,7000.0,AZN,1996,2.3 L,234567,Salyan,https://turbo.az/autos/10635707-mercedes-c-230
Haval,Raptor,64900.0,AZN,2026,1.5 L,0,Bakı,https://turbo.az/autos/10529781-haval-raptor
GAZ,"3110 ""Volga""",8500.0,AZN,2000,2.5 L,300000,Bakı,https://turbo.az/autos/10617147-gaz-3110-volga
Ford,Fusion (North America),14200.0,AZN,2013,1.5 L,257495,Bakı,https://turbo.az/autos/10579183-ford-fusion-north-america
Ford,Fusion (North America),19900.0,AZN,2017,2.0 L,221235,Bakı,https://turbo.az/autos/10561963-ford-fusion-north-america
Changan,Qiyuan Q07,36990.0,AZN,2026,1.5 L,0,Bakı,https://turbo.az/autos/10624525-changan-qiyuan-q07
GAZ,GAZel Next A22R32,22900.0,AZN,2021,2.8 L,198238,Bakı,https://turbo.az/autos/10635726-gaz-gazel-next-a22r32
Mercedes,C 300,29300.0,AZN,2015,2.0 L,291291,Bakı,https://turbo.az/autos/10635720-mercedes-c-300
Toyota,Corolla,14800.0,AZN,2007,1.8 L,270000,Bakı,https://turbo.az/autos/10583022-toyota-corolla
Changan,Qiyuan Q07,42000.0,AZN,2025,1.5 L,0,Bakı,https://turbo.az/autos/10599653-changan-qiyuan-q07
LADA,(VAZ) 2107,5500.0,AZN,2004,1.6 L,129000,Neftçala,https://turbo.az/autos/10630683-lada-vaz-2107
BMW,528,25700.0,AZN,2014,2.0 L,193000,Bakı,https://turbo.az/autos/10620675-bmw-528
Renault,Logan,12600.0,AZN,2015,1.6 L,180000,Bakı,https://turbo.az/autos/10506734-renault-logan
LADA,(VAZ) 2115,8400.0,AZN,2011,1.6 L,350000,Bərdə,https://turbo.az/autos/10624114-lada-vaz-2115
Toyota,RAV4,14000.0,AZN,2005,2.0 L,270000,Hacıqabul,https://turbo.az/autos/10635724-toyota-rav4
BMW,528,24000.0,AZN,2015,2.0 L,188000,Bakı,https://turbo.az/autos/10633100-bmw-528
Chevrolet,Cruze,11300.0,AZN,2013,1.4 L,298142,Bakı,https://turbo.az/autos/10623042-chevrolet-cruze
Changan,Qiyuan Q07,48199.0,AZN,2025,1.5 L,0,Bakı,https://turbo.az/autos/9625374-changan-qiyuan-q07
GAC,GS3 Emzoom,29900.0,AZN,2026,1.5 L,0,Bakı,https://turbo.az/autos/10293168-gac-gs3-emzoom
BMW,i5,111350.0,AZN,2023,,22000,Bakı,https://turbo.az/autos/10190287-bmw-i5
Mikilon,HAMMER 200L Pro,5500.0,AZN,2026,0.2 L,0,Bakı,https://turbo.az/autos/10244659-mikilon-hammer-200l-pro
Changan,Uni-Z,35300.0,AZN,2025,1.5 L,0,Bakı,https://turbo.az/autos/10418171-changan-uni-z
Isuzu,Re-Max,36000.0,AZN,2026,2.5 L,0,Bakı,https://turbo.az/autos/10610004-isuzu-re-max
Changan,Qiyuan A05,25000.0,AZN,2024,1.5 L,17500,Bakı,https://turbo.az/autos/9662382-changan-qiyuan-a05
Mercedes,ML 350 4MATIC,19900.0,AZN,2008,3.5 L,230000,Bakı,https://turbo.az/autos/10316051-mercedes-ml-350-4matic
Porsche,Cayenne Turbo GT Coupe,323000.0,AZN,2023,4.0 L,39000,Bakı,https://turbo.az/autos/10353307-porsche-cayenne-turbo-gt-coupe
Hyundai,Santa Fe,36500.0,AZN,2020,2.0 L,144841,Bakı,https://turbo.az/autos/10508965-hyundai-santa-fe
Chevrolet,Cruze,15600.0,AZN,2017,1.4 L,220000,Bakı,https://turbo.az/autos/10551944-chevrolet-cruze
Hyundai,Sonata,52400.0,AZN,2025,2.5 L,1900,Bakı,https://turbo.az/autos/10591146-hyundai-sonata
Hyundai,Grandeur,13400.0,AZN,2007,2.7 L,213000,Bakı,https://turbo.az/autos/10628749-hyundai-grandeur
Kia,Optima,16300.0,AZN,2012,2.0 L,260714,Bakı,https://turbo.az/autos/10632131-kia-optima
Moskvich,407,3900.0,AZN,1958,1.4 L,205000,Bakı,https://turbo.az/autos/10003618-moskvich-407
Kia,Sorento,38700.0,AZN,2018,2.0 L,125000,Bakı,https://turbo.az/autos/10635723-kia-sorento
Hyundai,Accent,22700.0,AZN,2021,1.6 L,46000,Bakı,https://turbo.az/autos/10370430-hyundai-accent
Hyundai,Santa Fe,27800.0,AZN,2013,2.0 L,261000,Bakı,https://turbo.az/autos/10613059-hyundai-santa-fe
LADA,(VAZ) Priora,12400.0,AZN,2015,1.6 L,175000,Bakı,https://turbo.az/autos/10630641-lada-vaz-priora
Toyota,Prius,12000.0,AZN,2008,1.5 L,380000,Bakı,https://turbo.az/autos/10635698-toyota-prius
BMW,530e,42000.0,AZN,2018,2.0 L,95000,Bakı,https://turbo.az/autos/10459726-bmw-530e
Toyota,HiAce,14500.0,AZN,2009,2.5 L,105600,Bakı,https://turbo.az/autos/10128323-toyota-hiace
Mercedes,Vito,21900.0,AZN,2010,2.1 L,195000,Bakı,https://turbo.az/autos/10040871-mercedes-vito
Changan,Oshan X5 Plus,27300.0,AZN,2026,1.5 L,0,Bakı,https://turbo.az/autos/10596860-changan-oshan-x5-plus
Kia,Ceed,20000.0,AZN,2018,1.4 L,130912,Bakı,https://turbo.az/autos/10635689-kia-ceed
Kia,Optima,15700.0,AZN,2011,2.0 L,185000,Bakı,https://turbo.az/autos/10612046-kia-optima
Toyota,HiAce,10500.0,AZN,2008,2.7 L,217500,Bakı,https://turbo.az/autos/10039171-toyota-hiace
Geely,Emgrand,25680.0,AZN,2026,1.5 L,0,Sifarişlə,https://turbo.az/autos/10437075-geely-emgrand
Toyota,Prius,12300.0,AZN,2008,1.5 L,272000,Bakı,https://turbo.az/autos/10622717-toyota-prius
Mercedes,E 200,18500.0,AZN,1994,2.0 L,156600,Bakı,https://turbo.az/autos/10577381-mercedes-e-200
Nissan,Note,14500.0,AZN,2014,1.2 L,39000,Bakı,https://turbo.az/autos/10635718-nissan-note
Hyundai,Sonata,39800.0,AZN,2021,2.0 L,55000,Bakı,https://turbo.az/autos/10590120-hyundai-sonata
Nissan,Skyline,8800.0,AZN,1986,2.0 L,67900,Bakı,https://turbo.az/autos/9968522-nissan-skyline
Toyota,Camry,60900.0,AZN,2026,2.5 L,0,Bakı,https://turbo.az/autos/10596131-toyota-camry
Changan,Qiyuan Q07,40600.0,AZN,2025,1.5 L,9200,Bakı,https://turbo.az/autos/10633316-changan-qiyuan-q07
GAC,Emkoo,42900.0,AZN,2026,2.0 L,0,Bakı,https://turbo.az/autos/10293678-gac-emkoo
Hyundai,Staria,79900.0,AZN,2026,2.2 L,0,Bakı,https://turbo.az/autos/10618377-hyundai-staria
Ford,Fusion (North America),19400.0,AZN,2017,2.0 L,147000,Bakı,https://turbo.az/autos/10622899-ford-fusion-north-america
BMW,X5,240000.0,AZN,2025,3.0 L,0,Bakı,https://turbo.az/autos/10149494-bmw-x5
Land,Rover Range Rover,372300.0,AZN,2024,4.4 L,33600,Bakı,https://turbo.az/autos/10542464-land-rover-range-rover
BMW,520,115000.0,AZN,2024,2.0 L,26173,Bakı,https://turbo.az/autos/10550613-bmw-520
Xiaomi,SU7,78200.0,AZN,2024,,11000,Bakı,https://turbo.az/autos/10583748-xiaomi-su7
Hyundai,Elantra,23900.0,AZN,2017,1.6 L,153000,Bakı,https://turbo.az/autos/10320416-hyundai-elantra
Ford,Explorer,24000.0,AZN,2012,2.0 L,248000,Bakı,https://turbo.az/autos/10326197-ford-explorer
Volkswagen,Passat,35000.0,AZN,2020,1.4 L,71000,Bakı,https://turbo.az/autos/10379728-volkswagen-passat
Toyota,Corolla,10700.0,AZN,2005,1.4 L,430000,Bakı,https://turbo.az/autos/10498290-toyota-corolla
Chevrolet,Captiva,15500.0,AZN,2007,2.0 L,256000,Füzuli,https://turbo.az/autos/10577106-chevrolet-captiva
Toyota,Camry,17800.0,AZN,2008,3.5 L,240000,Bakı,https://turbo.az/autos/10578998-toyota-camry
BMW,X5,42700.0,AZN,2016,2.0 L,207000,Bakı,https://turbo.az/autos/10591987-bmw-x5
Kia,Sorento,34500.0,AZN,2015,2.2 L,234000,Bakı,https://turbo.az/autos/10617082-kia-sorento
Ford,Explorer,13500.0,AZN,2007,4.0 L,366000,Bakı,https://turbo.az/autos/10601798-ford-explorer
Geely,Coolray,26000.0,AZN,2022,1.5 L,44900,Bakı,https://turbo.az/autos/10376954-geely-coolray
Toyota,Highlander,76900.0,AZN,2022,2.5 L,26000,Bakı,https://turbo.az/autos/10607618-toyota-highlander
BYD,Seal 05,21300.0,AZN,2025,1.5 L,36000,Bakı,https://turbo.az/autos/10628446-byd-seal-05
Hyundai,Tucson,19300.0,AZN,2011,2.0 L,244000,Bakı,https://turbo.az/autos/10630636-hyundai-tucson
Lexus,RX 350,56000.0,AZN,2018,3.5 L,141000,Bakı,https://turbo.az/autos/10307350-lexus-rx-350
Hyundai,Santa Fe,16800.0,AZN,2007,2.7 L,232500,Bakı,https://turbo.az/autos/10635714-hyundai-santa-fe
Lynk,& Co 06,39900.0,AZN,2025,1.5 L,0,Bakı,https://turbo.az/autos/10625361-lynk-co-06
Toyota,RAV4,62999.0,AZN,2026,2.0 L,0,Bakı,https://turbo.az/autos/10532020-toyota-rav4
Chevrolet,Malibu,22000.0,AZN,2022,1.5 L,78000,Bakı,https://turbo.az/autos/10576523-chevrolet-malibu
GAC,Empow,29900.0,AZN,2026,1.5 L,0,Bakı,https://turbo.az/autos/10293190-gac-empow
Land,Rover Range Rover,127500.0,AZN,2021,3.0 L,89000,Bakı,https://turbo.az/autos/10450381-land-rover-range-rover
Hyundai,Sonata,33800.0,AZN,2022,1.6 L,117000,Bakı,https://turbo.az/autos/10615073-hyundai-sonata
LADA,(VAZ) 2104,6500.0,AZN,2005,1.5 L,98000,Cəlilabad,https://turbo.az/autos/10635713-lada-vaz-2104
Toyota,Yaris Cross,43860.0,AZN,2026,1.5 L,0,Bakı,https://turbo.az/autos/9617998-toyota-yaris-cross
Toyota,Frontlander,49999.0,AZN,2026,2.0 L,0,Bakı,https://turbo.az/autos/10056888-toyota-frontlander
Honda,Accord,16900.0,AZN,2011,2.4 L,224000,Sumqayıt,https://turbo.az/autos/10625213-honda-accord
Ford,Fusion (North America),24500.0,AZN,2019,2.0 L,120000,Bakı,https://turbo.az/autos/10529833-ford-fusion-north-america
GAC,Empow,29900.0,AZN,2026,1.5 L,0,Bakı,https://turbo.az/autos/10293126-gac-empow
Hyundai,Elantra,17500.0,AZN,2012,1.8 L,240600,Bakı,https://turbo.az/autos/10628407-hyundai-elantra
Ford,Mondeo,12200.0,AZN,2011,2.3 L,214000,Bakı,https://turbo.az/autos/10231798-ford-mondeo
Ford,Fusion (North America),17500.0,AZN,2017,2.0 L,160000,Bakı,https://turbo.az/autos/10613533-ford-fusion-north-america
Toyota,Corolla Cross,39999.0,AZN,2025,2.0 L,0,Bakı,https://turbo.az/autos/10036054-toyota-corolla-cross
Toyota,Corolla Cross,53550.0,AZN,2026,2.0 L,0,Bakı,https://turbo.az/autos/9680483-toyota-corolla-cross
Haojue,EX 125,2762.0,AZN,2025,0.1 L,0,Bakı,https://turbo.az/autos/10001916-haojue-ex-125
ROX,(Polar Stone) 01,95200.0,AZN,2025,1.5 L,0,Bakı,https://turbo.az/autos/10314991-rox-polar-stone-01
BMW,X5,233000.0,AZN,2026,3.0 L,0,Bakı,https://turbo.az/autos/10562657-bmw-x5
LADA,(VAZ) Niva,19500.0,AZN,2025,1.7 L,5500,Bakı,https://turbo.az/autos/10603608-lada-vaz-niva
Changan,Qiyuan A05,25000.0,AZN,2024,1.5 L,17500,Bakı,https://turbo.az/autos/9662382-changan-qiyuan-a05
Toyota,RAV4,65000.0,AZN,2025,2.5 L,10000,Bakı,https://turbo.az/autos/10404005-toyota-rav4
Mitsubishi,L200,17500.0,AZN,2010,2.5 L,620000,Bakı,https://turbo.az/autos/10461227-mitsubishi-l200
BMW,525,19000.0,AZN,2006,2.5 L,500000,Bakı,https://turbo.az/autos/10491649-bmw-525
Toyota,Corolla,35500.0,AZN,2025,1.8 L,0,Bakı,https://turbo.az/autos/10507689-toyota-corolla
Toyota,Corolla,14800.0,AZN,2007,1.8 L,270000,Bakı,https://turbo.az/autos/10583022-toyota-corolla
BMW,530e,35014.0,AZN,2018,2.0 L,191512,Bakı,https://turbo.az/autos/10616457-bmw-530e
BMW,X5,43000.0,AZN,2016,2.0 L,159000,Şəmkir,https://turbo.az/autos/10619941-bmw-x5
Toyota,Crown Kluger,75000.0,AZN,2023,2.5 L,75022,Bakı,https://turbo.az/autos/10494149-toyota-crown-kluger
Toyota,Corolla,48110.0,AZN,2026,1.8 L,0,Bakı,https://turbo.az/autos/9957658-toyota-corolla
Ford,Transit,26000.0,AZN,2010,2.4 L,252000,Bakı,https://turbo.az/autos/10622967-ford-transit
Toyota,RAV4,83980.0,AZN,2026,2.5 L,0,Bakı,https://turbo.az/autos/10377744-toyota-rav4
Kia,Seltos,36900.0,AZN,2026,1.5 L,0,Bakı,https://turbo.az/autos/10512257-kia-seltos
Toyota,RAV4,83980.0,AZN,2026,2.5 L,0,Bakı,https://turbo.az/autos/10368979-toyota-rav4
BMW,528,23000.0,AZN,2012,2.0 L,183855,Gəncə,https://turbo.az/autos/10632937-bmw-528
Toyota,Corolla Cross,53550.0,AZN,2026,2.0 L,0,Bakı,https://turbo.az/autos/10058608-toyota-corolla-cross
Mercedes,ML 350 4MATIC,24900.0,AZN,2010,3.0 L,283000,Xırdalan,https://turbo.az/autos/10566735-mercedes-ml-350-4matic
Hyundai,Sonata,34500.0,AZN,2021,1.6 L,88000,Bakı,https://turbo.az/autos/10250234-hyundai-sonata
Seres,Aito M7,65620.0,AZN,2025,1.5 L,0,Bakı,https://turbo.az/autos/9433588-seres-aito-m7
Toyota,Land Cruiser Prado,86700.0,AZN,2021,2.8 L,18000,Bakı,https://turbo.az/autos/10354286-toyota-land-cruiser-prado
Kia,Sorento,44800.0,AZN,2018,2.2 L,165400,Bakı,https://turbo.az/autos/10547556-kia-sorento
Mercedes,E 220,31800.0,AZN,2015,2.1 L,240000,Bakı,https://turbo.az/autos/10625059-mercedes-e-220
Hyundai,Santa Fe,47000.0,AZN,2022,1.6 L,69202,Bakı,https://turbo.az/autos/10430474-hyundai-santa-fe
Mercedes,ML 350 4MATIC,14500.0,AZN,2007,3.5 L,242000,Bakı,https://turbo.az/autos/10635709-mercedes-ml-350-4matic
Changan,Qiyuan Q07,44000.0,AZN,2026,1.5 L,0,Bakı,https://turbo.az/autos/10633073-changan-qiyuan-q07
Seres,Aito M9,120700.0,AZN,2024,1.5 L,0,Bakı,https://turbo.az/autos/8669769-seres-aito-m9
Mazda,CX-9,44800.0,AZN,2020,2.5 L,89598,Bakı,https://turbo.az/autos/10618366-mazda-cx-9
Hyundai,Sonata,44999.0,AZN,2023,2.0 L,73000,Bakı,https://turbo.az/autos/10608630-hyundai-sonata
Toyota,Corolla,39499.0,AZN,2026,1.8 L,0,Bakı,https://turbo.az/autos/10499095-toyota-corolla
Kia,Forte,17900.0,AZN,2017,2.0 L,234248,Bakı,https://turbo.az/autos/10629088-kia-forte
Ford,Transit,22000.0,AZN,2010,2.4 L,198660,Goranboy,https://turbo.az/autos/10616195-ford-transit
Nissan,March,10900.0,AZN,2012,1.2 L,60000,Bakı,https://turbo.az/autos/10614696-nissan-march
Toyota,Corolla,39999.0,AZN,2026,1.8 L,0,Bakı,https://turbo.az/autos/10499087-toyota-corolla
Changan,Oshan X5 Plus,25200.0,AZN,2025,1.5 L,0,Bakı,https://turbo.az/autos/10619701-changan-oshan-x5-plus
Opel,Astra,9900.0,AZN,2006,1.4 L,240000,Sumqayıt,https://turbo.az/autos/10627860-opel-astra
Avatr,12,79900.0,AZN,2026,1.5 L,0,Bakı,https://turbo.az/autos/10632870-avatr-12
Mitsubishi,Grandis,6500.0,AZN,2003,2.4 L,333000,Lənkəran,https://turbo.az/autos/10508141-mitsubishi-grandis
Ford,Fusion (North America),17500.0,AZN,2016,1.5 L,158000,Bakı,https://turbo.az/autos/10539937-ford-fusion-north-america
Tesla,Model Y,59330.0,AZN,2024,,0,Bakı,https://turbo.az/autos/10596997-tesla-model-y
Land,Rover Range Rover,96050.0,AZN,2019,3.0 L,158000,Bakı,https://turbo.az/autos/10609352-land-rover-range-rover
Mercedes,GLC 300 4MATIC Coupe,78250.0,AZN,2018,2.0 L,179000,Bakı,https://turbo.az/autos/10619053-mercedes-glc-300-4matic-coupe
Ford,Transit,28000.0,AZN,2011,2.4 L,217452,Bakı,https://turbo.az/autos/10621005-ford-transit
Mercedes,E 300 e,68000.0,AZN,2021,2.0 L,120000,Bakı,https://turbo.az/autos/10628182-mercedes-e-300-e
Ford,Fusion (North America),19800.0,AZN,2020,1.5 L,188000,Bakı,https://turbo.az/autos/10630928-ford-fusion-north-america
LADA,(VAZ) Priora,14400.0,AZN,2018,1.6 L,202758,Bakı,https://turbo.az/autos/10635704-lada-vaz-priora
Nissan,Pathfinder,19900.0,AZN,2007,2.5 L,306000,Bakı,https://turbo.az/autos/10562575-nissan-pathfinder
Chevrolet,Equinox,22800.0,AZN,2019,1.5 L,133000,Bakı,https://turbo.az/autos/10614702-chevrolet-equinox
BYD,Seal 05,25999.0,AZN,2025,1.5 L,0,Bakı,https://turbo.az/autos/9996344-byd-seal-05
Chevrolet,Equinox,21900.0,AZN,2018,1.5 L,96000,Bakı,https://turbo.az/autos/10614687-chevrolet-equinox
Toyota,Land Cruiser,210800.0,AZN,2026,3.5 L,0,Bakı,https://turbo.az/autos/10635708-toyota-land-cruiser
Chevrolet,Cruze,15500.0,AZN,2016,1.4 L,158000,Bakı,https://turbo.az/autos/10584489-chevrolet-cruze
Chevrolet,Cobalt,31720.0,AZN,2025,1.5 L,95000,Bakı,https://turbo.az/autos/10635702-chevrolet-cobalt
Toyota,Prius C,18800.0,AZN,2017,1.5 L,117000,Bakı,https://turbo.az/autos/10594582-toyota-prius-c
Changan,Qiyuan Q07,42000.0,AZN,2025,1.5 L,18756,Bakı,https://turbo.az/autos/10460127-changan-qiyuan-q07
Hyundai,Elantra,24850.0,AZN,2020,2.0 L,59546,Bakı,https://turbo.az/autos/10555524-hyundai-elantra
BMW,535,22900.0,AZN,2012,3.0 L,271000,Bakı,https://turbo.az/autos/10614822-bmw-535
Toyota,RAV4,21500.0,AZN,2011,2.0 L,252000,Bakı,https://turbo.az/autos/10504207-toyota-rav4
Mercedes,C 250,20500.0,AZN,2013,1.8 L,225000,Zaqatala,https://turbo.az/autos/10635701-mercedes-c-250
LADA,(VAZ) Niva,8700.0,AZN,2014,1.7 L,158210,Bakı,https://turbo.az/autos/10596010-lada-vaz-niva
Maserati,Levante,76500.0,AZN,2017,3.0 L,98000,Bakı,https://turbo.az/autos/10504740-maserati-levante
Yamaha,SR 250,2300.0,AZN,2008,,27000,Gəncə,https://turbo.az/autos/10635700-yamaha-sr-250
Mitsubishi,Mirage,17000.0,AZN,2024,1.2 L,18829,Bakı,https://turbo.az/autos/10535033-mitsubishi-mirage
Hyundai,Elantra,22800.0,AZN,2017,2.0 L,95638,Bakı,https://turbo.az/autos/10492269-hyundai-elantra
Kia,Cerato,30900.0,AZN,2020,1.6 L,91500,Bakı,https://turbo.az/autos/10635696-kia-cerato
Volkswagen,Polo,24500.0,AZN,2021,1.6 L,135000,Bakı,https://turbo.az/autos/10604504-volkswagen-polo
Mercedes,E 240,15700.0,AZN,2002,2.6 L,325685,Bakı,https://turbo.az/autos/10635695-mercedes-e-240
Hyundai,Grandeur,29500.0,AZN,2015,2.2 L,162500,Xaçmaz,https://turbo.az/autos/10562874-hyundai-grandeur
Hyundai,Sonata,16300.0,AZN,2008,2.4 L,250000,Gəncə,https://turbo.az/autos/10635693-hyundai-sonata
Cengo,NL-JA4+2,18000.0,AZN,2026,,0,Bakı,https://turbo.az/autos/10477288-cengo-nl-ja4-2
Changan,Uni-Z,35200.0,AZN,2025,1.5 L,0,Bakı,https://turbo.az/autos/10616540-changan-uni-z
Mazda,CX-9,44800.0,AZN,2020,2.5 L,89598,Bakı,https://turbo.az/autos/10618366-mazda-cx-9
Kia,Rio,15400.0,AZN,2012,1.6 L,298000,Bakı,https://turbo.az/autos/10624013-kia-rio
Hyundai,Santa Fe,50800.0,AZN,2024,1.6 L,26414,Bakı,https://turbo.az/autos/10248780-hyundai-santa-fe
Land,Rover Range Rover,65500.0,AZN,2017,3.0 L,160934,Gəncə,https://turbo.az/autos/10520596-land-rover-range-rover
Mercedes,GLE 350 4MATIC,92000.0,AZN,2021,2.0 L,63000,Bakı,https://turbo.az/autos/10570066-mercedes-gle-350-4matic
Porsche,Cayenne Turbo,85000.0,AZN,2011,4.8 L,46000,Bakı,https://turbo.az/autos/10589146-porsche-cayenne-turbo
Mercedes,ML 350 4MATIC,21600.0,AZN,2009,3.5 L,180000,Bakı,https://turbo.az/autos/10594880-mercedes-ml-350-4matic
Ford,Transit,8500.0,AZN,1993,2.5 L,275000,Yevlax,https://turbo.az/autos/10612423-ford-transit
Hyundai,Sonata,15500.0,AZN,2011,2.0 L,213305,Bakı,https://turbo.az/autos/10627174-hyundai-sonata
Toyota,RAV4,55000.0,AZN,2021,2.5 L,114000,Ağsu,https://turbo.az/autos/10631803-toyota-rav4
Renault,12 Toros,3300.0,AZN,1998,1.2 L,406156,Bakı,https://turbo.az/autos/10635690-renault-12-toros
Mercedes,GLK 250 4MATIC,31456.0,AZN,2015,2.1 L,182999,Bakı,https://turbo.az/autos/10327163-mercedes-glk-250-4matic
LADA,(VAZ) Kalina,8700.0,AZN,2011,1.4 L,253400,Şirvan,https://turbo.az/autos/10635692-lada-vaz-kalina
LADA,(VAZ) Niva,9400.0,AZN,2013,1.7 L,322227,Bakı,https://turbo.az/autos/10383724-lada-vaz-niva
Mercedes,200 D,6800.0,AZN,1990,2.0 L,220000,Bakı,https://turbo.az/autos/10635686-mercedes-200-d
Chevrolet,Cruze,13999.0,AZN,2014,1.4 L,198000,Bakı,https://turbo.az/autos/10591254-chevrolet-cruze
Chevrolet,Cruze,14000.0,AZN,2014,1.4 L,216556,Gəncə,https://turbo.az/autos/10635688-chevrolet-cruze
Hyundai,Elantra,23000.0,AZN,2019,2.0 L,263932,Bakı,https://turbo.az/autos/10635685-hyundai-elantra
Hyundai,Veracruz,17600.0,AZN,2008,3.8 L,193000,Bakı,https://turbo.az/autos/10574819-hyundai-veracruz
Changan,Oshan X5 Plus,24999.0,AZN,2025,1.5 L,0,Bakı,https://turbo.az/autos/10608697-changan-oshan-x5-plus
Hyundai,Avante,21000.0,AZN,2015,1.6 L,137000,Bakı,https://turbo.az/autos/10633040-hyundai-avante
Changan,CS 55 Plus,34500.0,AZN,2026,1.5 L,0,Bakı,https://turbo.az/autos/10498681-changan-cs-55-plus
Changan,Qiyuan Q07,39500.0,AZN,2026,1.5 L,0,Bakı,https://turbo.az/autos/10486549-changan-qiyuan-q07
Mercedes,CLA 200,51500.0,AZN,2019,1.3 L,37000,Sabirabad,https://turbo.az/autos/10101882-mercedes-cla-200
Toyota,Prius,21800.0,AZN,2019,1.8 L,168000,Bakı,https://turbo.az/autos/10562673-toyota-prius
Toyota,Highlander,62500.0,AZN,2021,2.5 L,39600,Bakı,https://turbo.az/autos/10579677-toyota-highlander
Mitsubishi,Mirage,14900.0,AZN,2021,1.2 L,128300,Bakı,https://turbo.az/autos/10185145-mitsubishi-mirage
LADA,(VAZ) Niva,17900.0,AZN,2021,1.7 L,44500,Bakı,https://turbo.az/autos/10620806-lada-vaz-niva
Xiaomi,YU7,105230.0,AZN,2025,,4800,Bakı,https://turbo.az/autos/10213110-xiaomi-yu7
BMW,528,29000.0,AZN,2012,2.0 L,220000,Bakı,https://turbo.az/autos/10563682-bmw-528
BMW,318,14600.0,AZN,2005,2.0 L,220000,Bakı,https://turbo.az/autos/10623209-bmw-318
Hyundai,Santa Fe,24300.0,AZN,2014,2.4 L,202000,Gəncə,https://turbo.az/autos/10632212-hyundai-santa-fe
Changan,Eado,16000.0,AZN,2015,1.6 L,54000,Bakı,https://turbo.az/autos/10620443-changan-eado
Ford,Transit,21000.0,AZN,2009,2.2 L,235000,Bakı,https://turbo.az/autos/10611688-ford-transit
BMW,i7,162860.0,AZN,2023,,28000,Bakı,https://turbo.az/autos/9755629-bmw-i7
CFMOTO,450 SR,10490.0,AZN,2025,0.5 L,0,Bakı,https://turbo.az/autos/9984283-cfmoto-450-sr
Changan,Deepal S05,43900.0,AZN,2025,1.5 L,0,Bakı,https://turbo.az/autos/10172720-changan-deepal-s05
BMW,X7,175950.0,AZN,2023,3.0 L,55000,Bakı,https://turbo.az/autos/10415585-bmw-x7
Volkswagen,Magotan,44500.0,AZN,2022,1.4 L,85000,Bakı,https://turbo.az/autos/10484333-volkswagen-magotan
Land,Rover Discovery Sport,41500.0,AZN,2019,2.0 L,53000,Bakı,https://turbo.az/autos/10484834-land-rover-discovery-sport
Hyundai,Avante,10900.0,AZN,2008,1.6 L,341000,Bakı,https://turbo.az/autos/10607310-hyundai-avante
BMW,X6,35000.0,AZN,2012,3.0 L,123000,Bakı,https://turbo.az/autos/10620712-bmw-x6
Kia,Rio,12500.0,AZN,2010,1.5 L,260000,Bakı,https://turbo.az/autos/10624613-kia-rio
Toyota,Land Cruiser,42000.0,AZN,2011,4.0 L,152500,Bakı,https://turbo.az/autos/10629888-toyota-land-cruiser
Can-Am,Spyder RT,45050.0,AZN,2022,,12000,Bakı,https://turbo.az/autos/10630181-can-am-spyder-rt
Isuzu,Ecobus,35000.0,AZN,2012,4.5 L,800000,Sumqayıt,https://turbo.az/autos/10631664-isuzu-ecobus
Infiniti,FX35,18500.0,AZN,2008,3.5 L,230000,Sumqayıt,https://turbo.az/autos/10635691-infiniti-fx35
Kia,Rio,21500.0,AZN,2018,1.6 L,85000,Bakı,https://turbo.az/autos/10611664-kia-rio
Hyundai,Elantra,22500.0,AZN,2020,2.0 L,117482,Bakı,https://turbo.az/autos/10631411-hyundai-elantra
Hyundai,i30,14800.0,AZN,2011,1.6 L,228000,Qəbələ,https://turbo.az/autos/10528808-hyundai-i30
Saipa,Saina,9500.0,AZN,2022,1.5 L,178000,Sumqayıt,https://turbo.az/autos/10620816-saipa-saina
Hyundai,Elantra,18500.0,AZN,2013,1.8 L,250000,Bakı,https://turbo.az/autos/10626181-hyundai-elantra
Nissan,Patrol,130050.0,AZN,2023,4.0 L,57000,Bakı,https://turbo.az/autos/10588166-nissan-patrol
Ford,Transit,12500.0,AZN,2003,2.4 L,750000,Bakı,https://turbo.az/autos/10635683-ford-transit
JETOUR,Dashing,40900.0,AZN,2024,1.6 L,0,Bakı,https://turbo.az/autos/10059695-jetour-dashing
Mercedes,C 230,13300.0,AZN,2007,2.5 L,246000,Cəlilabad,https://turbo.az/autos/10635680-mercedes-c-230
Toyota,Highlander,83000.0,AZN,2023,2.5 L,22500,Bakı,https://turbo.az/autos/10564435-toyota-highlander
Land,Rover Range Rover,71300.0,AZN,2017,3.0 L,78600,Bakı,https://turbo.az/autos/10585367-land-rover-range-rover
Mercedes,GLE 400 e 4MATIC,146200.0,AZN,2023,2.0 L,19370,Bakı,https://turbo.az/autos/10601133-mercedes-gle-400-e-4matic
Bestune,T77,26000.0,AZN,2026,1.5 L,0,Bakı,https://turbo.az/autos/10426901-bestune-t77
Toyota,Camry,58000.0,AZN,2025,2.0 L,0,Bakı,https://turbo.az/autos/10106568-toyota-camry
Toyota,Wildlander,63500.0,AZN,2026,2.0 L,0,Bakı,https://turbo.az/autos/10585704-toyota-wildlander
BYD,Leopard 7,75500.0,AZN,2026,1.5 L,0,Bakı,https://turbo.az/autos/10601514-byd-leopard-7
Toyota,Land Cruiser Prado,41500.0,AZN,2012,2.7 L,190000,Şamaxı,https://turbo.az/autos/10416761-toyota-land-cruiser-prado
Lynk,& Co 900,94500.0,AZN,2025,1.5 L,0,Bakı,https://turbo.az/autos/10620966-lynk-co-900
Mercedes,C 250,23000.0,AZN,2014,1.8 L,185000,Bakı,https://turbo.az/autos/10614889-mercedes-c-250
Kia,Sportage,50900.0,AZN,2026,2.0 L,0,Bakı,https://turbo.az/autos/10371758-kia-sportage
CFMOTO,CFORCE C5,13900.0,AZN,2026,,0,Bakı,https://turbo.az/autos/10625408-cfmoto-cforce-c5
Land,Rover Discovery,40290.0,AZN,2017,2.0 L,245000,Bakı,https://turbo.az/autos/10411216-land-rover-discovery
BYD,Seal 05,23500.0,AZN,2025,1.5 L,0,Bakı,https://turbo.az/autos/10004036-byd-seal-05
Kia,EV6,30900.0,AZN,2023,,66000,Bakı,https://turbo.az/autos/10477941-kia-ev6
Haval,H6,56900.0,AZN,2026,1.5 L,0,Bakı,https://turbo.az/autos/10516396-haval-h6
Land,Rover RR Sport,51900.0,AZN,2016,3.0 L,66000,Bakı,https://turbo.az/autos/10525580-land-rover-rr-sport
BMW,530,38500.0,AZN,2017,2.0 L,206000,Bakı,https://turbo.az/autos/10552341-bmw-530
Hyundai,Sonata,21000.0,AZN,2013,2.4 L,160000,Gəncə,https://turbo.az/autos/10326471-hyundai-sonata
Kia,Sorento,20000.0,AZN,2009,2.4 L,183000,Bakı,https://turbo.az/autos/10558519-kia-sorento
Hyundai,Santa Fe,33700.0,AZN,2016,2.0 L,165000,Bakı,https://turbo.az/autos/10581016-hyundai-santa-fe
LADA,(VAZ) 2107,8200.0,AZN,2010,1.6 L,78000,Bakı,https://turbo.az/autos/10609037-lada-vaz-2107
Kia,Sorento,40000.0,AZN,2015,2.0 L,147000,Bakı,https://turbo.az/autos/10617445-kia-sorento
Chevrolet,Malibu,18000.0,AZN,2018,1.5 L,227000,Bakı,https://turbo.az/autos/10620860-chevrolet-malibu
LADA,(VAZ) 2107,6300.0,AZN,2007,1.6 L,350000,Salyan,https://turbo.az/autos/10622327-lada-vaz-2107
Hyundai,Sonata,15300.0,AZN,2009,2.0 L,330000,Sumqayıt,https://turbo.az/autos/10629767-hyundai-sonata
BYD,Seal 05,23500.0,AZN,2025,1.5 L,0,Bakı,https://turbo.az/autos/10004036-byd-seal-05
Mercedes,ML 350 4MATIC,31999.0,AZN,2012,3.5 L,206324,Bakı,https://turbo.az/autos/10255255-mercedes-ml-350-4matic
Kia,Forte,22100.0,AZN,2020,2.0 L,110000,Bakı,https://turbo.az/autos/10614599-kia-forte
ZEEKR,001,72930.0,AZN,2024,,16084,Bakı,https://turbo.az/autos/10189850-zeekr-001
Ford,Transit,21500.0,AZN,2011,2.2 L,200000,Bakı,https://turbo.az/autos/10402616-ford-transit
Hyundai,Elantra,16500.0,AZN,2013,1.8 L,300000,Bakı,https://turbo.az/autos/10498927-hyundai-elantra
Toyota,Corolla Cross,42900.0,AZN,2026,2.0 L,0,Bakı,https://turbo.az/autos/10479452-toyota-corolla-cross
Mercedes,E 200,40000.0,AZN,2015,2.0 L,97000,Bakı,https://turbo.az/autos/10594763-mercedes-e-200
Changan,Qiyuan Q05,29400.0,AZN,2024,1.5 L,32000,Bakı,https://turbo.az/autos/10634499-changan-qiyuan-q05
Infiniti,FX35,14500.0,AZN,2007,3.5 L,220000,Sumqayıt,https://turbo.az/autos/10635678-infiniti-fx35
Toyota,Aqua,14500.0,AZN,2015,1.5 L,224118,Xırdalan,https://turbo.az/autos/10623697-toyota-aqua
Kia,Sorento,23900.0,AZN,2010,2.0 L,190000,Xırdalan,https://turbo.az/autos/10483599-kia-sorento
Mitsubishi,L200,52000.0,AZN,2020,2.4 L,131440,Bakı,https://turbo.az/autos/10621854-mitsubishi-l200
Hyundai,Avante,17900.0,AZN,2016,1.6 L,186000,Bakı,https://turbo.az/autos/10611593-hyundai-avante
Suzuki,Baleno,31450.0,AZN,2024,1.5 L,0,Bakı,https://turbo.az/autos/8951793-suzuki-baleno
Hyundai,Elantra,21900.0,AZN,2018,2.0 L,114000,Xırdalan,https://turbo.az/autos/10574696-hyundai-elantra
Skoda,Rapid,13700.0,AZN,2019,1.4 L,166000,Bakı,https://turbo.az/autos/10627919-skoda-rapid
LADA,(VAZ) Niva,23500.0,AZN,2026,1.7 L,0,Bakı,https://turbo.az/autos/10550130-lada-vaz-niva
Bestune,T55,24500.0,AZN,2026,1.5 L,0,Bakı,https://turbo.az/autos/10550007-bestune-t55
Hyundai,Accent,21500.0,AZN,2017,1.4 L,33500,Bakı,https://turbo.az/autos/10609656-hyundai-accent
Opel,Astra,12400.0,AZN,2007,1.3 L,259000,Bakı,https://turbo.az/autos/10609061-opel-astra
Land,Rover Range Rover,93500.0,AZN,2020,3.0 L,107000,Bakı,https://turbo.az/autos/10395975-land-rover-range-rover
Audi,A5,22500.0,AZN,2013,2.0 L,181500,Bakı,https://turbo.az/autos/10616432-audi-a5
GAZ,53,5900.0,AZN,1989,6.3 L,500000,Ağdam,https://turbo.az/autos/10519544-gaz-53
Mercedes,EQE 350+,104389.0,AZN,2024,,0,Bakı,https://turbo.az/autos/8849505-mercedes-eqe-350
BYD,Qin Plus,23999.0,AZN,2025,1.5 L,0,Bakı,https://turbo.az/autos/9553808-byd-qin-plus
Seres,Aito M8,135830.0,AZN,2026,1.5 L,0,Sifarişlə,https://turbo.az/autos/10532067-seres-aito-m8
BMW,X7,132430.0,AZN,2021,3.0 L,51431,Bakı,https://turbo.az/autos/10545271-bmw-x7
BMW,X6,34800.0,AZN,2010,3.0 L,163000,Bakı,https://turbo.az/autos/10249554-bmw-x6
Kia,Forte,27600.0,AZN,2019,2.0 L,74000,Bakı,https://turbo.az/autos/10424808-kia-forte
Kia,K7,37500.0,AZN,2019,2.2 L,146000,Bakı,https://turbo.az/autos/10562090-kia-k7
Chevrolet,Traverse,45000.0,AZN,2022,3.6 L,155000,Bakı,https://turbo.az/autos/10577172-chevrolet-traverse
Hyundai,Santa Fe,39800.0,AZN,2018,2.0 L,151277,Bakı,https://turbo.az/autos/10586913-hyundai-santa-fe
Hyundai,i40,16900.0,AZN,2012,2.0 L,211000,Bakı,https://turbo.az/autos/10616419-hyundai-i40
Hyundai,Grandeur,67500.0,AZN,2023,1.6 L,80206,Bakı,https://turbo.az/autos/10622229-hyundai-grandeur
Hyundai,Tucson,27000.0,AZN,2018,2.4 L,104,Sumqayıt,https://turbo.az/autos/10634640-hyundai-tucson
Kia,Forte,22300.0,AZN,2016,2.0 L,202777,Bakı,https://turbo.az/autos/10598994-kia-forte
LADA,(VAZ) Niva,24500.0,AZN,2024,1.7 L,25000,Bakı,https://turbo.az/autos/10613287-lada-vaz-niva
BMW,530,38500.0,AZN,2017,2.0 L,206000,Bakı,https://turbo.az/autos/10552341-bmw-530
Land,Rover Defender,118660.0,AZN,2022,2.0 L,94000,Bakı,https://turbo.az/autos/10609190-land-rover-defender
Mercedes,G 63 AMG,86190.0,AZN,2013,5.5 L,147800,Bakı,https://turbo.az/autos/10490496-mercedes-g-63-amg
Land,Rover Defender,101660.0,AZN,2020,2.0 L,91000,Bakı,https://turbo.az/autos/10608530-land-rover-defender
Hyundai,Tucson,25500.0,AZN,2016,1.6 L,191512,Bakı,https://turbo.az/autos/10598975-hyundai-tucson
Chevrolet,Express,82450.0,AZN,2009,5.3 L,27359,Bakı,https://turbo.az/autos/10470506-chevrolet-express
Mazda,CX-90,118900.0,AZN,2026,3.3 L,0,Sifarişlə,https://turbo.az/autos/10600910-mazda-cx-90
Lexus,ES 300h,62000.0,AZN,2022,2.5 L,96112,Bakı,https://turbo.az/autos/10094711-lexus-es-300h
Mercedes,G 63 AMG,125290.0,AZN,2015,5.5 L,124200,Bakı,https://turbo.az/autos/10586231-mercedes-g-63-amg
Mercedes,G 63 AMG,125800.0,AZN,2015,5.5 L,93000,Bakı,https://turbo.az/autos/10598845-mercedes-g-63-amg
Kia,Stinger,29500.0,AZN,2017,2.0 L,138000,Bakı,https://turbo.az/autos/10484145-kia-stinger
Mazda,CX-90,118900.0,AZN,2026,3.3 L,0,Sifarişlə,https://turbo.az/autos/10600906-mazda-cx-90
Hyundai,Accent,26500.0,AZN,2021,1.6 L,101851,Bakı,https://turbo.az/autos/10635675-hyundai-accent
Isuzu,Re-Max,36000.0,AZN,2026,2.5 L,0,Bakı,https://turbo.az/autos/10609998-isuzu-re-max
Opel,Astra,11500.0,AZN,2006,1.4 L,259844,Balakən,https://turbo.az/autos/10635677-opel-astra
Land,Rover Discovery,39950.0,AZN,2005,2.5 L,35000,Bakı,https://turbo.az/autos/10245179-land-rover-discovery
Isuzu,Re-Max,36000.0,AZN,2026,2.5 L,0,Bakı,https://turbo.az/autos/10610004-isuzu-re-max
BMW,740,73950.0,AZN,2019,3.0 L,145000,Bakı,https://turbo.az/autos/10089888-bmw-740
Kia,Sorento,31500.0,AZN,2017,2.0 L,140000,Sifarişlə,https://turbo.az/autos/10587484-kia-sorento
Hyundai,Tucson,16300.0,AZN,2007,2.0 L,339000,Bakı,https://turbo.az/autos/10570353-hyundai-tucson
Kia,Ceed SW,20500.0,AZN,2015,1.6 L,223000,Bakı,https://turbo.az/autos/10558605-kia-ceed-sw
Kia,Morning,14200.0,AZN,2014,1.0 L,140000,Bakı,https://turbo.az/autos/10573287-kia-morning
Changan,Uni-Z,32800.0,AZN,2025,1.5 L,0,Bakı,https://turbo.az/autos/9958473-changan-uni-z
GAC,GS3 Emzoom,29900.0,AZN,2026,1.5 L,0,Bakı,https://turbo.az/autos/10293103-gac-gs3-emzoom
BENDA,Redstone 550 R2 DL,14500.0,AZN,2026,,0,Bakı,https://turbo.az/autos/10402590-benda-redstone-550-r2-dl
Mercedes,G 63 AMG,125290.0,AZN,2015,5.5 L,124200,Bakı,https://turbo.az/autos/10586231-mercedes-g-63-amg
Kia,EV6,28500.0,AZN,2022,,220000,Bakı,https://turbo.az/autos/10380918-kia-ev6
Honda,Insight,21900.0,AZN,2018,1.5 L,212000,Bakı,https://turbo.az/autos/10518565-honda-insight
Lexus,NX 300,37900.0,AZN,2018,2.0 L,140000,Bakı,https://turbo.az/autos/10599914-lexus-nx-300
Mercedes,Vito 115 CDI,13000.0,AZN,2004,2.1 L,300000,Bakı,https://turbo.az/autos/10615885-mercedes-vito-115-cdi
Hyundai,Sonata,21900.0,AZN,2018,1.6 L,123000,Bakı,https://turbo.az/autos/10617141-hyundai-sonata
BMW,X6,35000.0,AZN,2012,3.0 L,123000,Bakı,https://turbo.az/autos/10620712-bmw-x6
Chrysler,Town & Country,18000.0,AZN,2008,3.3 L,95000,Bakı,https://turbo.az/autos/10620868-chrysler-town-country
Toyota,Land Cruiser,48500.0,AZN,2011,4.0 L,230000,Şirvan,https://turbo.az/autos/10629850-toyota-land-cruiser
LADA,(VAZ) 2115,6500.0,AZN,2007,1.6 L,228000,Bakı,https://turbo.az/autos/10607878-lada-vaz-2115
Hyundai,Grandeur,26900.0,AZN,2013,3.0 L,199500,Bakı,https://turbo.az/autos/10492084-hyundai-grandeur
Kia,Sorento,37900.0,AZN,2017,2.2 L,197000,Xırdalan,https://turbo.az/autos/10575009-kia-sorento
Mercedes,C 180,12200.0,AZN,1999,1.8 L,348263,Tovuz,https://turbo.az/autos/10635673-mercedes-c-180
Changan,CS 75 Plus,35200.0,AZN,2026,1.5 L,0,Bakı,https://turbo.az/autos/10622713-changan-cs-75-plus
Lexus,RX 300,10900.0,AZN,2001,3.0 L,292000,Bakı,https://turbo.az/autos/10632389-lexus-rx-300
Porsche,Panamera GTS,45500.0,AZN,2012,4.8 L,113000,Bakı,https://turbo.az/autos/10550973-porsche-panamera-gts
Lexus,GX 550,205700.0,AZN,2026,3.4 L,0,Bakı,https://turbo.az/autos/10587876-lexus-gx-550
Hyundai,Elantra,18500.0,AZN,2011,1.8 L,267000,Bakı,https://turbo.az/autos/10589345-hyundai-elantra
Hyundai,Elantra,22700.0,AZN,2018,2.0 L,178637,Bakı,https://turbo.az/autos/10627930-hyundai-elantra
Toyota,Land Cruiser Prado,24700.0,AZN,2006,2.7 L,275000,Bakı,https://turbo.az/autos/10597596-toyota-land-cruiser-prado
Toyota,Highlander,104000.0,AZN,2026,2.5 L,0,Bakı,https://turbo.az/autos/10451689-toyota-highlander
Mercedes,C 220,4300.0,AZN,1994,2.2 L,434768,Bakı,https://turbo.az/autos/10475592-mercedes-c-220
Mercedes,E 250,19900.0,AZN,2011,2.1 L,262000,Bakı,https://turbo.az/autos/10620405-mercedes-e-250
Lexus,LX 600,286450.0,AZN,2026,3.5 L,0,Bakı,https://turbo.az/autos/10294451-lexus-lx-600
Chevrolet,Cruze,13900.0,AZN,2014,1.4 L,295000,Bakı,https://turbo.az/autos/10562411-chevrolet-cruze
Mercedes,A 250 e,38800.0,AZN,2020,1.3 L,44000,Bakı,https://turbo.az/autos/10400084-mercedes-a-250-e
Mercedes,ML 320,9900.0,AZN,2002,3.2 L,303000,Bakı,https://turbo.az/autos/10600239-mercedes-ml-320
Mercedes,S 63 AMG,360400.0,AZN,2024,4.0 L,8800,Bakı,https://turbo.az/autos/10117182-mercedes-s-63-amg
Toyota,Land Cruiser Prado,39400.0,AZN,2012,2.7 L,148500,Bakı,https://turbo.az/autos/10635669-toyota-land-cruiser-prado
Toyota,Prius,11600.0,AZN,2008,1.5 L,410000,Bakı,https://turbo.az/autos/10603385-toyota-prius
Kia,Morning,12900.0,AZN,2014,1.0 L,193700,Bakı,https://turbo.az/autos/10600263-kia-morning
Changan,Star,4050.0,AZN,2008,1.0 L,423652,Bakı,https://turbo.az/autos/10562291-changan-star
Ford,Transit,22000.0,AZN,2002,2.4 L,350000,Bakı,https://turbo.az/autos/10627032-ford-transit
Mazda,3,49200.0,AZN,2026,2.0 L,0,Sifarişlə,https://turbo.az/autos/9023661-mazda-3
Li,Auto L9,110200.0,AZN,2025,1.5 L,0,Bakı,https://turbo.az/autos/10023554-li-auto-l9
Mercedes,C 300,74800.0,AZN,2023,2.0 L,6956,Bakı,https://turbo.az/autos/10550559-mercedes-c-300
BYD,Leopard 7,76000.0,AZN,2026,1.5 L,0,Bakı,https://turbo.az/autos/10630831-byd-leopard-7
Chevrolet,Nexia,14500.0,AZN,2023,1.5 L,236000,Bakı,https://turbo.az/autos/10311832-chevrolet-nexia
Porsche,Panamera 4 E-Hybrid,246500.0,AZN,2024,2.9 L,750,Bakı,https://turbo.az/autos/10520002-porsche-panamera-4-e-hybrid
Mercedes,E 300 de,90000.0,AZN,2023,2.0 L,63000,Sumqayıt,https://turbo.az/autos/10551328-mercedes-e-300-de
Ford,Focus,11500.0,AZN,2013,1.6 L,227421,Sumqayıt,https://turbo.az/autos/10552518-ford-focus
Hyundai,Elantra,29000.0,AZN,2021,2.0 L,51000,Bakı,https://turbo.az/autos/10569583-hyundai-elantra
Kia,Sorento,34800.0,AZN,2016,2.2 L,172000,Bakı,https://turbo.az/autos/10619620-kia-sorento
Cadillac,Escalade,207400.0,AZN,2023,3.0 L,49000,Bakı,https://turbo.az/autos/10627128-cadillac-escalade
Hyundai,Accent,12400.0,AZN,2008,1.4 L,180000,Bakı,https://turbo.az/autos/10629356-hyundai-accent
Land,Rover Defender,117000.0,AZN,2020,2.0 L,122000,Bakı,https://turbo.az/autos/10635670-land-rover-defender
Nissan,Note,13900.0,AZN,2013,1.2 L,107000,Bakı,https://turbo.az/autos/10615394-nissan-note
Kia,Morning,14500.0,AZN,2016,1.0 L,146000,Bakı,https://turbo.az/autos/10625093-kia-morning
Porsche,Cayenne Turbo S,45390.0,AZN,2013,4.8 L,80500,Bakı,https://turbo.az/autos/10434520-porsche-cayenne-turbo-s
Toyota,Camry,39800.0,AZN,2021,2.5 L,138000,Bakı,https://turbo.az/autos/10612136-toyota-camry
Mercedes,E 240,13900.0,AZN,2003,2.6 L,398000,Bakı,https://turbo.az/autos/10608876-mercedes-e-240
Lynk,& Co 09,84900.0,AZN,2026,2.0 L,0,Bakı,https://turbo.az/autos/8947743-lynk-co-09
Chevrolet,Cruze,12900.0,AZN,2013,1.4 L,295000,Bakı,https://turbo.az/autos/10574553-chevrolet-cruze
Lexus,RX 350h,153000.0,AZN,2026,2.5 L,0,Bakı,https://turbo.az/autos/10559976-lexus-rx-350h
BMW,750e,306000.0,AZN,2024,3.0 L,9000,Bakı,https://turbo.az/autos/10528826-bmw-750e
Lexus,LX 600,306000.0,AZN,2026,3.5 L,0,Bakı,https://turbo.az/autos/10450133-lexus-lx-600
Toyota,RAV4,90700.0,AZN,2026,2.5 L,0,Bakı,https://turbo.az/autos/10374973-toyota-rav4
GMC,Hummer EV,246500.0,AZN,2024,,2300,Bakı,https://turbo.az/autos/10365803-gmc-hummer-ev
Lexus,ES 250,76500.0,AZN,2022,2.5 L,21000,Bakı,https://turbo.az/autos/10230713-lexus-es-250
Land,Rover Discovery,56666.0,AZN,2019,3.0 L,141000,Bakı,https://turbo.az/autos/10059611-land-rover-discovery
BMW,X7,132600.0,AZN,2020,4.4 L,74000,Bakı,https://turbo.az/autos/10056002-bmw-x7
Lynk,& Co 900,104900.0,AZN,2026,1.5 L,0,Bakı,https://turbo.az/autos/9759474-lynk-co-900
Bentley,Continental GT,88888.0,AZN,2013,4.0 L,71000,Bakı,https://turbo.az/autos/10023381-bentley-continental-gt
Mercedes,V 250,139400.0,AZN,2020,2.0 L,7400,Bakı,https://turbo.az/autos/9531037-mercedes-v-250
Hyundai,Sonata,23900.0,AZN,2016,2.0 L,116014,Sumqayıt,https://turbo.az/autos/10508878-hyundai-sonata
Hyundai,Elantra,16500.0,AZN,2014,1.8 L,261534,Bakı,https://turbo.az/autos/10582042-hyundai-elantra
BMW,M4,153000.0,AZN,2024,3.0 L,20000,Bakı,https://turbo.az/autos/10579684-bmw-m4
Hyundai,Santa Fe,44000.0,AZN,2018,2.0 L,170000,Bakı,https://turbo.az/autos/10635666-hyundai-santa-fe
Hyundai,Santa Fe,33700.0,AZN,2016,2.0 L,165000,Bakı,https://turbo.az/autos/10581016-hyundai-santa-fe
UAZ,Pickup,24500.0,AZN,2025,2.7 L,0,Bakı,https://turbo.az/autos/8093848-uaz-pickup
BMW,520,69999.0,AZN,2023,2.0 L,30000,Bakı,https://turbo.az/autos/10369815-bmw-520
DongFeng,Aeolus L8,49900.0,AZN,2026,1.5 L,0,Bakı,https://turbo.az/autos/10431860-dongfeng-aeolus-l8
Volvo,XC90,67900.0,AZN,2023,2.0 L,30526,Bakı,https://turbo.az/autos/10497677-volvo-xc90
Harley-Davidson,Sportster SuperLow XL883L,11700.0,AZN,2011,,17011,Bakı,https://turbo.az/autos/10314508-harley-davidson-sportster-superlow-xl883l
Toyota,Camry,38800.0,AZN,2021,2.5 L,51000,Bakı,https://turbo.az/autos/10527031-toyota-camry
BMW,X5,124100.0,AZN,2022,3.0 L,49000,Bakı,https://turbo.az/autos/10539293-bmw-x5
Hyundai,Elantra,24850.0,AZN,2020,2.0 L,59546,Bakı,https://turbo.az/autos/10555524-hyundai-elantra
Hyundai,Grandeur,72000.0,AZN,2023,1.6 L,45000,Bakı,https://turbo.az/autos/10572164-hyundai-grandeur
GAZ,12 ZIM,38000.0,AZN,1953,3.5 L,111111,Bakı,https://turbo.az/autos/10593079-gaz-12-zim
BYD,Seal 05,23499.0,AZN,2025,1.5 L,0,Bakı,https://turbo.az/autos/10624535-byd-seal-05
Genesis,G70,49999.0,AZN,2022,2.0 L,40000,Bakı,https://turbo.az/autos/10624738-genesis-g70
BMW,760,24800.0,AZN,2011,6.0 L,264000,Bakı,https://turbo.az/autos/10500542-bmw-760
Changan,Uni-Z,35000.0,AZN,2025,1.5 L,0,Bakı,https://turbo.az/autos/9642287-changan-uni-z
BMW,X5,171700.0,AZN,2023,3.0 L,35000,Bakı,https://turbo.az/autos/10545284-bmw-x5
Mercedes,E 220 d,41000.0,AZN,2017,2.1 L,129000,Bakı,https://turbo.az/autos/10475280-mercedes-e-220-d
Lexus,LX 600,289000.0,AZN,2026,3.5 L,0,Bakı,https://turbo.az/autos/10466529-lexus-lx-600
Mercedes,GLE 320 4MATIC,61200.0,AZN,2016,3.0 L,151000,Bakı,https://turbo.az/autos/10432694-mercedes-gle-320-4matic
BMW,X7,278698.0,AZN,2026,3.0 L,0,Bakı,https://turbo.az/autos/10421551-bmw-x7
Lexus,RX 350h,149600.0,AZN,2026,2.5 L,0,Bakı,https://turbo.az/autos/10307367-lexus-rx-350h
Lexus,LX 500d,263500.0,AZN,2026,3.3 L,0,Bakı,https://turbo.az/autos/10295822-lexus-lx-500d
Lexus,LX 600,293250.0,AZN,2026,3.5 L,0,Bakı,https://turbo.az/autos/10116908-lexus-lx-600
Bentley,Continental GT,399500.0,AZN,2022,4.0 L,4100,Bakı,https://turbo.az/autos/9232773-bentley-continental-gt
Mercedes,S 350,24500.0,AZN,2010,3.5 L,298000,Bakı,https://turbo.az/autos/10077403-mercedes-s-350
Jeep,Wrangler,36900.0,AZN,2015,3.6 L,99000,Bakı,https://turbo.az/autos/9109149-jeep-wrangler
Land,Rover Range Rover,66130.0,AZN,2016,3.0 L,126000,Bakı,https://turbo.az/autos/8609812-land-rover-range-rover
Suzuki,S-Cross,34800.0,AZN,2023,1.4 L,21885,Bakı,https://turbo.az/autos/10152878-suzuki-s-cross
BMW,320,12500.0,AZN,2010,2.0 L,322000,Bakı,https://turbo.az/autos/10528232-bmw-320
Kia,Cerato Koup,18800.0,AZN,2015,2.0 L,121000,Bakı,https://turbo.az/autos/10599377-kia-cerato-koup
Mercedes,E 320,15500.0,AZN,2000,3.2 L,280357,Bakı,https://turbo.az/autos/10635668-mercedes-e-320
Chevrolet,Cruze,15950.0,AZN,2016,1.4 L,260000,Bakı,https://turbo.az/autos/10622605-chevrolet-cruze
Hyundai,Santa Fe,16000.0,AZN,2008,2.7 L,201208,Bakı,https://turbo.az/autos/10635667-hyundai-santa-fe
Li,Auto L9,95000.0,AZN,2025,1.5 L,0,Bakı,https://turbo.az/autos/10139337-li-auto-l9
Kia,Rio,10800.0,AZN,2011,1.4 L,304000,Bakı,https://turbo.az/autos/10635664-kia-rio
Kia,Sportage,31000.0,AZN,2016,2.0 L,185000,Bakı,https://turbo.az/autos/10457998-kia-sportage
LADA,(VAZ) 2107,5300.0,AZN,2003,1.6 L,234569,Bakı,https://turbo.az/autos/10635647-lada-vaz-2107
Land,Rover RR Velar,53900.0,AZN,2018,2.0 L,95000,Bakı,https://turbo.az/autos/10007791-land-rover-rr-velar
GAC,Aion I60,39900.0,AZN,2026,1.5 L,0,Bakı,https://turbo.az/autos/10376195-gac-aion-i60
Kia,KX1,27500.0,AZN,2026,1.4 L,0,Bakı,https://turbo.az/autos/10606900-kia-kx1
Land,Rover Defender,130900.0,AZN,2022,2.0 L,72000,Bakı,https://turbo.az/autos/10631037-land-rover-defender
Land,Rover Defender,131750.0,AZN,2020,2.0 L,52000,Bakı,https://turbo.az/autos/10497295-land-rover-defender
Hyundai,Elantra,24850.0,AZN,2020,2.0 L,59546,Bakı,https://turbo.az/autos/10555524-hyundai-elantra
Hyundai,Santa Fe,34000.0,AZN,2017,2.0 L,131900,Bakı,https://turbo.az/autos/10572960-hyundai-santa-fe
Hyundai,Sonata,21900.0,AZN,2018,1.6 L,123000,Bakı,https://turbo.az/autos/10617141-hyundai-sonata
Genesis,G70,48500.0,AZN,2020,2.0 L,31000,Bakı,https://turbo.az/autos/10619541-genesis-g70
Opel,Astra,12900.0,AZN,2009,1.4 L,249600,Şəki,https://turbo.az/autos/10620233-opel-astra
BMW,740,64500.0,AZN,2019,3.0 L,133000,Bakı,https://turbo.az/autos/10625344-bmw-740
BMW,X7,181900.0,AZN,2023,3.0 L,53290,Bakı,https://turbo.az/autos/10626563-bmw-x7
LADA,(VAZ) 2107,5300.0,AZN,2003,1.6 L,234569,Bakı,https://turbo.az/autos/10635647-lada-vaz-2107
Toyota,RAV4,90700.0,AZN,2026,2.5 L,0,Bakı,https://turbo.az/autos/10605782-toyota-rav4
Hyundai,Accent,18800.0,AZN,2017,1.6 L,109780,Bakı,https://turbo.az/autos/10566738-hyundai-accent
Changan,Qiyuan Q07,47390.0,AZN,2025,1.5 L,0,Bakı,https://turbo.az/autos/10452609-changan-qiyuan-q07
Chevrolet,Cruze,9500.0,AZN,2009,1.6 L,254100,Bakı,https://turbo.az/autos/10555156-chevrolet-cruze
Mazda,CX-60,101900.0,AZN,2026,3.3 L,0,Bakı,https://turbo.az/autos/10600892-mazda-cx-60
Toyota,Corolla,39000.0,AZN,2026,1.8 L,0,Bakı,https://turbo.az/autos/10479418-toyota-corolla
Nissan,Juke,17800.0,AZN,2016,1.6 L,190000,Sumqayıt,https://turbo.az/autos/10635663-nissan-juke
Ford,Fusion (North America),19800.0,AZN,2016,1.5 L,155000,Bakı,https://turbo.az/autos/10602182-ford-fusion-north-america
Kia,Sorento,34500.0,AZN,2015,2.0 L,246000,Bakı,https://turbo.az/autos/10592530-kia-sorento
Kia,Rio,12500.0,AZN,2010,1.5 L,260000,Bakı,https://turbo.az/autos/10624613-kia-rio
Kia,Sorento,35300.0,AZN,2017,2.0 L,235000,Bakı,https://turbo.az/autos/10613224-kia-sorento
Chevrolet,Equinox,19500.0,AZN,2019,1.5 L,171000,Gəncə,https://turbo.az/autos/10528071-chevrolet-equinox
Changan,Qiyuan Q07,37000.0,AZN,2025,1.5 L,0,Bakı,https://turbo.az/autos/10624606-changan-qiyuan-q07
Kia,Sorento,69900.0,AZN,2024,1.6 L,17000,Bakı,https://turbo.az/autos/10601175-kia-sorento
Ford,Fusion (North America),16200.0,AZN,2015,1.5 L,171140,Sumqayıt,https://turbo.az/autos/10580353-ford-fusion-north-america
Kia,Sorento,61900.0,AZN,2023,1.6 L,28000,Bakı,https://turbo.az/autos/10582750-kia-sorento
BMW,325,10200.0,AZN,2002,2.5 L,287800,Bakı,https://turbo.az/autos/10563568-bmw-325
BMW,740,31111.0,AZN,2000,4.4 L,268000,Bakı,https://turbo.az/autos/10630207-bmw-740
Bestune,T77,30000.0,AZN,2026,1.5 L,0,Bakı,https://turbo.az/autos/10147453-bestune-t77
Changan,Oshan X5 Plus,26900.0,AZN,2026,1.5 L,0,Bakı,https://turbo.az/autos/10353684-changan-oshan-x5-plus
Opel,Astra,5800.0,AZN,2006,1.3 L,341752,Bakı,https://turbo.az/autos/10630403-opel-astra
Mercedes,GLS 450 4MATIC,112030.0,AZN,2019,3.0 L,145000,Bakı,https://turbo.az/autos/10593874-mercedes-gls-450-4matic
Tofas,Sahin,3200.0,AZN,2004,1.6 L,96385,Bakı,https://turbo.az/autos/10625068-tofas-sahin
Changan,Qiyuan A06,38500.0,AZN,2025,1.5 L,0,Bakı,https://turbo.az/autos/9982317-changan-qiyuan-a06
Toyota,Corolla Cross,53550.0,AZN,2026,2.0 L,0,Bakı,https://turbo.az/autos/10058608-toyota-corolla-cross
Changan,Deepal S07,40500.0,AZN,2025,1.5 L,0,Bakı,https://turbo.az/autos/10451512-changan-deepal-s07
Changan,Qiyuan Q07,37699.0,AZN,2026,1.5 L,0,Bakı,https://turbo.az/autos/10633055-changan-qiyuan-q07
Chevrolet,Malibu,19900.0,AZN,2019,1.5 L,239000,Bakı,https://turbo.az/autos/10582364-chevrolet-malibu
Chevrolet,Cruze,16500.0,AZN,2017,1.4 L,117000,Bakı,https://turbo.az/autos/10583420-chevrolet-cruze
Fiat,Doblo,12500.0,AZN,2013,1.4 L,260000,Bakı,https://turbo.az/autos/10611603-fiat-doblo
Hyundai,Venue,27666.0,AZN,2023,1.6 L,44600,Bakı,https://turbo.az/autos/10613879-hyundai-venue
Mercedes,E 350 e,161500.0,AZN,2024,2.0 L,12000,Bakı,https://turbo.az/autos/10617858-mercedes-e-350-e
Jeep,Wrangler,100300.0,AZN,2025,2.0 L,35048,Bakı,https://turbo.az/autos/10623982-jeep-wrangler
Kia,Sorento,36500.0,AZN,2018,2.0 L,160000,Bakı,https://turbo.az/autos/10629809-kia-sorento
Hyundai,Tucson,27000.0,AZN,2018,2.4 L,104,Sumqayıt,https://turbo.az/autos/10634640-hyundai-tucson
Hyundai,Sonata,23600.0,AZN,2017,2.0 L,212433,Bakı,https://turbo.az/autos/10617009-hyundai-sonata
Changan,Oshan X5 Plus,26900.0,AZN,2026,1.5 L,0,Bakı,https://turbo.az/autos/10440917-changan-oshan-x5-plus
Mercedes,190,3100.0,AZN,1991,2.0 L,416724,Bakı,https://turbo.az/autos/9768720-mercedes-190
Hyundai,Azera,65900.0,AZN,2024,1.6 L,22000,Bakı,https://turbo.az/autos/10592891-hyundai-azera
Opel,Vectra,6000.0,AZN,1997,1.8 L,40000,Şəki,https://turbo.az/autos/10635662-opel-vectra
Toyota,Land Cruiser Prado,27900.0,AZN,2008,2.7 L,192000,Bakı,https://turbo.az/autos/10295811-toyota-land-cruiser-prado
Mercedes,E 320,18500.0,AZN,2001,3.2 L,237587,Bakı,https://turbo.az/autos/10620924-mercedes-e-320
Kia,K5,34900.0,AZN,2021,1.6 L,71000,Bakı,https://turbo.az/autos/10572482-kia-k5
Mercedes,C 200,12800.0,AZN,2000,2.0 L,228455,Bakı,https://turbo.az/autos/10635453-mercedes-c-200
Toyota,RAV4,43900.0,AZN,2020,2.0 L,87000,Bakı,https://turbo.az/autos/10560469-toyota-rav4
Jeep,Grand Cherokee,31900.0,AZN,2013,3.6 L,218000,Bakı,https://turbo.az/autos/10104647-jeep-grand-cherokee
Volkswagen,Touareg,10500.0,AZN,2004,3.2 L,200000,Sumqayıt,https://turbo.az/autos/10610457-volkswagen-touareg
BMW,X1,26900.0,AZN,2015,2.0 L,108000,Bakı,https://turbo.az/autos/8734919-bmw-x1
Hyundai,Sonata,24500.0,AZN,2016,2.0 L,170346,Bakı,https://turbo.az/autos/10635660-hyundai-sonata
Land,Rover Range Rover,57630.0,AZN,2015,3.0 L,123000,Bakı,https://turbo.az/autos/10411492-land-rover-range-rover
LADA,(VAZ) Niva,5400.0,AZN,2009,1.7 L,96852,Bakı,https://turbo.az/autos/10606034-lada-vaz-niva
GWM,(Great Wall Motor) WEY 07,73900.0,AZN,2025,1.5 L,0,Bakı,https://turbo.az/autos/9481326-gwm-great-wall-motor-wey-07
Zonsen,ZII ZS200-76,500.0,AZN,2025,,22787,Bakı,https://turbo.az/autos/10635659-zonsen-zii-zs200-76
Toyota,Prius,11800.0,AZN,2008,1.5 L,230000,Bakı,https://turbo.az/autos/10631091-toyota-prius
Bestune,T55,28500.0,AZN,2026,1.5 L,0,Bakı,https://turbo.az/autos/9143116-bestune-t55
Mercedes,Sprinter 315,29000.0,AZN,2008,2.2 L,211112,İmişli,https://turbo.az/autos/9708730-mercedes-sprinter-315
Changan,Uni-Z,35200.0,AZN,2025,1.5 L,17500,Bakı,https://turbo.az/autos/10635658-changan-uni-z
BMW,540,65450.0,AZN,2019,3.0 L,120000,Bakı,https://turbo.az/autos/10513204-bmw-540
Mitsubishi,L200,81500.0,AZN,2026,2.4 L,0,Sifarişlə,https://turbo.az/autos/9784171-mitsubishi-l200
SamAuto,HC 45,125000.0,AZN,2026,4.6 L,0,Bakı,https://turbo.az/autos/9558548-samauto-hc-45
DongFeng,Aeolus L8,48900.0,AZN,2026,1.5 L,0,Bakı,https://turbo.az/autos/10431802-dongfeng-aeolus-l8
KAIYI,X3 Pro,26900.0,AZN,2025,1.5 L,0,Bakı,https://turbo.az/autos/10443694-kaiyi-x3-pro
Changan,CS 55 Plus,32000.0,AZN,2025,1.5 L,0,Bakı,https://turbo.az/autos/10588634-changan-cs-55-plus
Chevrolet,Cobalt,17000.0,AZN,2026,1.5 L,0,Bakı,https://turbo.az/autos/9802183-chevrolet-cobalt
Mercedes,ML 350 4MATIC,19900.0,AZN,2008,3.5 L,230000,Bakı,https://turbo.az/autos/10316051-mercedes-ml-350-4matic
Land,Rover Discovery,56000.0,AZN,2019,3.0 L,95126,Bakı,https://turbo.az/autos/10509988-land-rover-discovery
Mercedes,190,5800.0,AZN,1993,2.0 L,423514,Bakı,https://turbo.az/autos/10588709-mercedes-190
Toyota,Camry,43500.0,AZN,2020,2.5 L,89000,Bakı,https://turbo.az/autos/10612940-toyota-camry
Hyundai,Venue,27666.0,AZN,2023,1.6 L,44600,Bakı,https://turbo.az/autos/10613879-hyundai-venue
Opel,Astra,8900.0,AZN,2006,1.6 L,238000,Sumqayıt,https://turbo.az/autos/10632478-opel-astra
Ford,Transit,24900.0,AZN,2009,2.4 L,243406,Bakı,https://turbo.az/autos/10633364-ford-transit
Hyundai,Tucson,42800.0,AZN,2024,2.0 L,28000,Bakı,https://turbo.az/autos/10610628-hyundai-tucson
Bestune,T55,28500.0,AZN,2026,1.5 L,0,Bakı,https://turbo.az/autos/9799929-bestune-t55
Changan,Uni-Z,32700.0,AZN,2026,1.5 L,0,Bakı,https://turbo.az/autos/10632994-changan-uni-z
Changan,Qiyuan Q07,41300.0,AZN,2025,1.5 L,14700,Bakı,https://turbo.az/autos/10560266-changan-qiyuan-q07
Mercedes,Vito 119 CDI,71000.0,AZN,2021,2.1 L,130210,Bakı,https://turbo.az/autos/10485470-mercedes-vito-119-cdi
Ford,Fusion (North America),18500.0,AZN,2017,1.5 L,165105,Sumqayıt,https://turbo.az/autos/10598235-ford-fusion-north-america
BMW,528,24600.0,AZN,2014,2.0 L,167000,Bakı,https://turbo.az/autos/10526549-bmw-528
Ford,Transit,25600.0,AZN,2011,2.2 L,155000,Bakı,https://turbo.az/autos/10540360-ford-transit
Jeep,Grand Cherokee,24900.0,AZN,2012,3.6 L,205000,Bakı,https://turbo.az/autos/10502132-jeep-grand-cherokee
Bestune,B70,30000.0,AZN,2026,1.5 L,0,Bakı,https://turbo.az/autos/10147885-bestune-b70
Ford,Transit,24800.0,AZN,2007,2.4 L,174000,Bakı,https://turbo.az/autos/10593550-ford-transit
Mercedes,A 140,8500.0,AZN,2002,1.4 L,100000,Bakı,https://turbo.az/autos/10635324-mercedes-a-140
BYD,Seal 05,25200.0,AZN,2025,1.5 L,17900,Bakı,https://turbo.az/autos/10635653-byd-seal-05
Mercedes,E 200,9300.0,AZN,1999,2.0 L,348000,Ağstafa,https://turbo.az/autos/10603698-mercedes-e-200
Changan,CS 75 Pro,32900.0,AZN,2026,1.5 L,0,Bakı,https://turbo.az/autos/10600413-changan-cs-75-pro
Kia,Cerato,15900.0,AZN,2011,1.6 L,222444,Sumqayıt,https://turbo.az/autos/10612864-kia-cerato
Kia,Sorento,23200.0,AZN,2009,2.0 L,272267,Bakı,https://turbo.az/autos/10602398-kia-sorento
Hyundai,Elantra,18900.0,AZN,2011,1.8 L,217261,Sumqayıt,https://turbo.az/autos/10627105-hyundai-elantra
Mazda,CX-5,64500.0,AZN,2026,2.0 L,0,Bakı,https://turbo.az/autos/10600882-mazda-cx-5
Mercedes,Vito 111 CDI,22750.0,AZN,2012,2.1 L,300000,Bakı,https://turbo.az/autos/10631667-mercedes-vito-111-cdi
Haojue,DL160,5665.0,AZN,2026,,0,Sifarişlə,https://turbo.az/autos/10560165-haojue-dl160
Daewoo,Gentra,3500.0,AZN,2014,1.5 L,350000,Sumqayıt,https://turbo.az/autos/10618657-daewoo-gentra
Land,Rover Range Rover,34000.0,AZN,2012,5.0 L,166676,Bakı,https://turbo.az/autos/10589636-land-rover-range-rover
Infiniti,QX80,271830.0,AZN,2026,3.5 L,0,Bakı,https://turbo.az/autos/10460810-infiniti-qx80
HOWO,T7H,95000.0,AZN,2026,11 L,0,Bakı,https://turbo.az/autos/9163443-howo-t7h
Mitsubishi,L200,81500.0,AZN,2026,2.4 L,0,Sifarişlə,https://turbo.az/autos/9784171-mitsubishi-l200
Skoda,Rapid,23000.0,AZN,2021,1.6 L,130000,Bakı,https://turbo.az/autos/10564697-skoda-rapid
Toyota,Highlander,65500.0,AZN,2022,2.5 L,100010,Bakı,https://turbo.az/autos/10590052-toyota-highlander
Mercedes,CLA 250 e,75000.0,AZN,2023,1.3 L,72000,Bakı,https://turbo.az/autos/9841526-mercedes-cla-250-e
Ford,Transit,13800.0,AZN,2003,2.4 L,898338,Bakı,https://turbo.az/autos/10126192-ford-transit
BMW,X6,34800.0,AZN,2010,3.0 L,163000,Bakı,https://turbo.az/autos/10249554-bmw-x6
Porsche,Boxster GTS,79900.0,AZN,2014,3.4 L,136000,Bakı,https://turbo.az/autos/10319246-porsche-boxster-gts
Chevrolet,Malibu,18000.0,AZN,2018,1.5 L,227000,Bakı,https://turbo.az/autos/10620860-chevrolet-malibu
Ford,Fusion (North America),19400.0,AZN,2019,1.5 L,137000,Bakı,https://turbo.az/autos/10625819-ford-fusion-north-america
Hyundai,Sonata,25600.0,AZN,2017,2.0 L,87000,Gəncə,https://turbo.az/autos/10633900-hyundai-sonata
Toyota,Avensis,13500.0,AZN,2005,2.0 L,400000,Gəncə,https://turbo.az/autos/10635936-toyota-avensis
Mercedes,C 200,13600.0,AZN,2000,2.0 L,222000,Saatlı,https://turbo.az/autos/10630346-mercedes-c-200
Hyundai,Elantra,19900.0,AZN,2012,1.8 L,250253,Sumqayıt,https://turbo.az/autos/10632775-hyundai-elantra
Infiniti,QX80,95000.0,AZN,2020,5.6 L,67000,Bakı,https://turbo.az/autos/9734009-infiniti-qx80
Renault,Logan,10400.0,AZN,2014,1.6 L,255000,Bakı,https://turbo.az/autos/10409621-renault-logan
Mazda,2,12900.0,AZN,2013,1.5 L,191001,Sumqayıt,https://turbo.az/autos/10635305-mazda-2
JMC,Conquer 4x2,39900.0,AZN,2026,2.9 L,0,Bakı,https://turbo.az/autos/8994402-jmc-conquer-4x2
Nissan,Tiida,16700.0,AZN,2013,1.6 L,86000,Bakı,https://turbo.az/autos/10597954-nissan-tiida
Jeep,Wrangler,65000.0,AZN,2023,2.0 L,90246,Bakı,https://turbo.az/autos/10538391-jeep-wrangler
Ford,Fusion (North America),14900.0,AZN,2014,1.5 L,313822,Bakı,https://turbo.az/autos/10506061-ford-fusion-north-america
Toyota,Land Cruiser Prado,144330.0,AZN,2026,2.4 L,0,Lənkəran,https://turbo.az/autos/9461124-toyota-land-cruiser-prado
LADA,(VAZ) 2107,4500.0,AZN,2005,1.6 L,100000,Bakı,https://turbo.az/autos/10635645-lada-vaz-2107
Mazda,CX-9,44900.0,AZN,2020,2.5 L,135000,Lənkəran,https://turbo.az/autos/10501532-mazda-cx-9
Toyota,Frontlander,44700.0,AZN,2026,2.0 L,0,Bakı,https://turbo.az/autos/10536964-toyota-frontlander
Mercedes,E 220,8300.0,AZN,1998,2.2 L,321223,İmişli,https://turbo.az/autos/10635651-mercedes-e-220
Hyundai,Azera,24800.0,AZN,2013,2.4 L,202000,Bakı,https://turbo.az/autos/10603205-hyundai-azera
Kia,K3,18400.0,AZN,2016,1.6 L,207000,Bakı,https://turbo.az/autos/10603595-kia-k3
Toyota,Land Cruiser Prado,39100.0,AZN,2012,2.7 L,170000,Lənkəran,https://turbo.az/autos/10494238-toyota-land-cruiser-prado
Mercedes,E 300,41500.0,AZN,2016,2.0 L,154000,Bakı,https://turbo.az/autos/9977862-mercedes-e-300
Kia,Optima,28900.0,AZN,2018,2.4 L,122000,Lənkəran,https://turbo.az/autos/10592648-kia-optima
UAZ,Patriot,35500.0,AZN,2026,2.7 L,0,Bakı,https://turbo.az/autos/8093383-uaz-patriot
Toyota,RAV4,62900.0,AZN,2026,2.0 L,0,Lənkəran,https://turbo.az/autos/10518097-toyota-rav4
Chevrolet,Lacetti,9000.0,AZN,2006,1.6 L,313250,Bakı,https://turbo.az/autos/10579868-chevrolet-lacetti
Changan,Qiyuan Q07,37699.0,AZN,2026,1.5 L,0,Bakı,https://turbo.az/autos/10633052-changan-qiyuan-q07
Hyundai,Santa Fe,22500.0,AZN,2011,2.4 L,218321,Sumqayıt,https://turbo.az/autos/9993347-hyundai-santa-fe
Changan,Qiyuan A06,38500.0,AZN,2025,1.5 L,0,Bakı,https://turbo.az/autos/9982317-changan-qiyuan-a06
Changan,CS 55 Plus,34800.0,AZN,2025,1.5 L,0,Sifarişlə,https://turbo.az/autos/10059020-changan-cs-55-plus
CFMOTO,Z10,45900.0,AZN,2026,,0,Bakı,https://turbo.az/autos/10479512-cfmoto-z10
BMW,i8,110500.0,AZN,2016,1.5 L,22700,Bakı,https://turbo.az/autos/10499482-bmw-i8
BMW,530e,62000.0,AZN,2020,2.0 L,107000,Naxçıvan,https://turbo.az/autos/10508633-bmw-530e
Mercedes,GLE 350 4MATIC,92000.0,AZN,2021,2.0 L,63000,Bakı,https://turbo.az/autos/10570066-mercedes-gle-350-4matic
Mercedes,Sprinter 511,46500.0,AZN,2007,2.2 L,490000,Gədəbəy,https://turbo.az/autos/10589586-mercedes-sprinter-511
Audi,A5,22500.0,AZN,2013,2.0 L,181500,Bakı,https://turbo.az/autos/10616432-audi-a5
Lexus,LS 600h L,12500.0,AZN,2007,4.6 L,230000,Bakı,https://turbo.az/autos/10623792-lexus-ls-600h-l
LADA,(VAZ) 2115,8400.0,AZN,2011,1.6 L,350000,Bərdə,https://turbo.az/autos/10624114-lada-vaz-2115
Hyundai,Elantra,25800.0,AZN,2018,2.0 L,109435,Bakı,https://turbo.az/autos/10625399-hyundai-elantra
Toyota,Prius,22500.0,AZN,2016,1.8 L,187653,Bakı,https://turbo.az/autos/10630366-toyota-prius
Kia,Sportage,22600.0,AZN,2012,2.4 L,207000,Gəncə,https://turbo.az/autos/10620522-kia-sportage
Mercedes,C 200,8200.0,AZN,2002,2.0 L,238888,Bakı,https://turbo.az/autos/10483756-mercedes-c-200
BMW,X5,240000.0,AZN,2025,3.0 L,0,Bakı,https://turbo.az/autos/10149494-bmw-x5
Mercedes,Axor 1824,65000.0,AZN,2011,6.4 L,596714,Gəncə,https://turbo.az/autos/10233853-mercedes-axor-1824
LADA,(VAZ) 2107,6700.0,AZN,2009,1.6 L,115000,Tərtər,https://turbo.az/autos/10492950-lada-vaz-2107
Geely,Galaxy M9,59900.0,AZN,2025,1.5 L,0,Bakı,https://turbo.az/autos/10523853-geely-galaxy-m9
BMW,530,45500.0,AZN,2019,2.0 L,85000,Bakı,https://turbo.az/autos/10581554-bmw-530
Toyota,Camry,60500.0,AZN,2026,2.0 L,0,Lənkəran,https://turbo.az/autos/10072991-toyota-camry
Kia,Sportage,23200.0,AZN,2012,2.0 L,168000,Bakı,https://turbo.az/autos/10624393-kia-sportage
Changan,Uni-Z,37200.0,AZN,2025,1.5 L,0,Lənkəran,https://turbo.az/autos/10069845-changan-uni-z
Chery,Tiggo 2,15500.0,AZN,2019,1.5 L,66500,Bakı,https://turbo.az/autos/10624088-chery-tiggo-2
Changan,Qiyuan Q07,37699.0,AZN,2026,1.5 L,0,Bakı,https://turbo.az/autos/10633055-changan-qiyuan-q07
Opel,Vita,4300.0,AZN,1999,1.4 L,185000,Bakı,https://turbo.az/autos/10634432-opel-vita
Nissan,Patrol,241777.0,AZN,2026,3.5 L,0,Bakı,https://turbo.az/autos/10530176-nissan-patrol
BMW,i7 50 xDrive,244000.0,AZN,2026,,0,Sifarişlə,https://turbo.az/autos/10567775-bmw-i7-50-xdrive
Haval,H6,48900.0,AZN,2026,1.5 L,0,Bakı,https://turbo.az/autos/9871062-haval-h6
Mercedes,E 220 d,48500.0,AZN,2018,2.0 L,172000,Bakı,https://turbo.az/autos/10626314-mercedes-e-220-d
Kia,Optima,19400.0,AZN,2012,2.4 L,235000,Mingəçevir,https://turbo.az/autos/10611308-kia-optima
Changan,Qiyuan Q07,39499.0,AZN,2026,1.5 L,0,Bakı,https://turbo.az/autos/10623163-changan-qiyuan-q07
Chevrolet,Equinox,23900.0,AZN,2017,1.5 L,130600,Bakı,https://turbo.az/autos/10559453-chevrolet-equinox
Ford,Fusion (North America),17800.0,AZN,2014,2.0 L,210000,Bakı,https://turbo.az/autos/10613782-ford-fusion-north-america
BMW,530,44900.0,AZN,2019,2.0 L,78000,Bakı,https://turbo.az/autos/10552548-bmw-530
Land,Rover Defender,130777.0,AZN,2020,2.0 L,22300,Bakı,https://turbo.az/autos/10621675-land-rover-defender
Toyota,Land Cruiser,92000.0,AZN,2017,4.0 L,128000,Bakı,https://turbo.az/autos/10635648-toyota-land-cruiser
Mitsubishi,Outlander Sport,43900.0,AZN,2026,1.5 L,0,Sifarişlə,https://turbo.az/autos/9123586-mitsubishi-outlander-sport
Changan,Eado,28500.0,AZN,2025,1.5 L,0,Bakı,https://turbo.az/autos/9961239-changan-eado
ZEEKR,X,61030.0,AZN,2026,,0,Bakı,https://turbo.az/autos/10330527-zeekr-x
Changan,CS 55 Plus,32000.0,AZN,2025,1.5 L,0,Bakı,https://turbo.az/autos/10588634-changan-cs-55-plus
Hyundai,Santa Fe,49700.0,AZN,2021,1.6 L,66000,Bakı,https://turbo.az/autos/10423162-hyundai-santa-fe
Opel,Frontera,13500.0,AZN,2000,2.2 L,240000,Lənkəran,https://turbo.az/autos/10546579-opel-frontera
BMW,430,49500.0,AZN,2019,2.0 L,108000,Bakı,https://turbo.az/autos/10586565-bmw-430
Ford,Transit,49500.0,AZN,2013,2.2 L,152000,Bakı,https://turbo.az/autos/10587409-ford-transit
Kia,Sorento,36900.0,AZN,2017,2.2 L,230000,Gəncə,https://turbo.az/autos/10593267-kia-sorento
Opel,Astra,9900.0,AZN,2006,1.3 L,227664,Bakı,https://turbo.az/autos/10606392-opel-astra
Opel,Astra,10800.0,AZN,2006,1.4 L,132000,Bakı,https://turbo.az/autos/10613329-opel-astra
Kia,Cerato,19555.0,AZN,2014,1.6 L,177000,Bakı,https://turbo.az/autos/10630581-kia-cerato
Toyota,Land Cruiser,92000.0,AZN,2017,4.0 L,128000,Bakı,https://turbo.az/autos/10635648-toyota-land-cruiser
Chevrolet,Trax,17200.0,AZN,2018,1.4 L,153000,Bakı,https://turbo.az/autos/10502082-chevrolet-trax
Mercedes,V 250,43000.0,AZN,2014,2.1 L,306000,Bakı,https://turbo.az/autos/10572660-mercedes-v-250
Kia,K5,34200.0,AZN,2022,1.6 L,73000,Bakı,https://turbo.az/autos/9883952-kia-k5
Hyundai,Sonata,15900.0,AZN,2009,2.0 L,245025,Sumqayıt,https://turbo.az/autos/10580319-hyundai-sonata
Nissan,Juke,19777.0,AZN,2015,1.5 L,65100,Bakı,https://turbo.az/autos/10480426-nissan-juke
Kia,Sorento,34500.0,AZN,2015,2.2 L,234000,Bakı,https://turbo.az/autos/10617082-kia-sorento
BMW,740,253000.0,AZN,2026,3.0 L,0,Sifarişlə,https://turbo.az/autos/10565285-bmw-740
Hyundai,i30,13000.0,AZN,2009,1.6 L,279000,Kürdəmir,https://turbo.az/autos/10632156-hyundai-i30
Haval,H6,48900.0,AZN,2026,1.5 L,0,Bakı,https://turbo.az/autos/9824774-haval-h6
Mercedes,G 63 AMG,113777.0,AZN,2014,5.5 L,114600,Bakı,https://turbo.az/autos/10375460-mercedes-g-63-amg
Hyundai,Elantra,11900.0,AZN,2006,1.6 L,307000,Bakı,https://turbo.az/autos/10631863-hyundai-elantra
Kia,Sorento,27800.0,AZN,2014,2.0 L,184000,Bakı,https://turbo.az/autos/10265735-kia-sorento
Mercedes-Maybach,S 580 4MATIC,357777.0,AZN,2024,4.0 L,14100,Bakı,https://turbo.az/autos/10316773-mercedes-maybach-s-580-4matic
Changan,Qiyuan Q07,48990.0,AZN,2025,1.5 L,0,Bakı,https://turbo.az/autos/10439969-changan-qiyuan-q07
Land,Rover RR Evoque,44777.0,AZN,2020,2.0 L,67500,Bakı,https://turbo.az/autos/10297210-land-rover-rr-evoque
Chevrolet,Cruze,13900.0,AZN,2012,1.4 L,259000,Bakı,https://turbo.az/autos/10606866-chevrolet-cruze
Nissan,Note,19000.0,AZN,2016,1.2 L,95000,Bakı,https://turbo.az/autos/10635256-nissan-note
Nissan,Qashqai,18500.0,AZN,2013,2.0 L,132069,Bakı,https://turbo.az/autos/10576397-nissan-qashqai
JMC,Conquer 4x2,40900.0,AZN,2026,2.9 L,0,Bakı,https://turbo.az/autos/8717118-jmc-conquer-4x2
Toyota,Camry,61000.0,AZN,2026,2.0 L,0,Bakı,https://turbo.az/autos/10370151-toyota-camry
Land,Rover RR Sport,48700.0,AZN,2016,3.0 L,151777,Sumqayıt,https://turbo.az/autos/10082102-land-rover-rr-sport
Changan,Uni-V iDD,28900.0,AZN,2025,1.5 L,31000,Bakı,https://turbo.az/autos/10635646-changan-uni-v-idd
Changan,Uni-Z,37000.0,AZN,2025,1.5 L,0,Bakı,https://turbo.az/autos/9316998-changan-uni-z
ZEEKR,007 GT,84150.0,AZN,2026,,0,Bakı,https://turbo.az/autos/9797859-zeekr-007-gt
Mercedes,GLS 450 4MATIC,227134.0,AZN,2025,3.0 L,0,Bakı,https://turbo.az/autos/9832465-mercedes-gls-450-4matic
Mercedes,GLC 200 4MATIC,161231.0,AZN,2026,2.0 L,0,Bakı,https://turbo.az/autos/10506138-mercedes-glc-200-4matic
Changan,CS 55 Plus,30500.0,AZN,2026,1.5 L,0,Bakı,https://turbo.az/autos/10600982-changan-cs-55-plus
Toyota,Auris,14800.0,AZN,2014,1.4 L,208000,Bakı,https://turbo.az/autos/10240683-toyota-auris
Hyundai,Tucson,44800.0,AZN,2023,1.6 L,63000,Bakı,https://turbo.az/autos/10439194-hyundai-tucson
Toyota,Camry,49000.0,AZN,2022,2.5 L,87500,Bakı,https://turbo.az/autos/10591529-toyota-camry
Kia,Rio,9500.0,AZN,2008,1.5 L,400000,Bakı,https://turbo.az/autos/10598266-kia-rio
Mercedes,C 240,11500.0,AZN,1998,2.4 L,284800,Bakı,https://turbo.az/autos/10612326-mercedes-c-240
Changan,Qiyuan Q07,40900.0,AZN,2025,1.5 L,7000,Bakı,https://turbo.az/autos/10616975-changan-qiyuan-q07
Volkswagen,Passat,16500.0,AZN,2015,1.8 L,143000,Bakı,https://turbo.az/autos/10620531-volkswagen-passat
Kia,Optima,27800.0,AZN,2018,2.0 L,135000,Bakı,https://turbo.az/autos/10630304-kia-optima
Changan,Qiyuan Q07,44499.0,AZN,2025,1.5 L,0,Bakı,https://turbo.az/autos/10192893-changan-qiyuan-q07
Hyundai,Tucson,25800.0,AZN,2017,2.0 L,120640,Sumqayıt,https://turbo.az/autos/10217857-hyundai-tucson
JAECOO,J7 SHS,48900.0,AZN,2025,1.5 L,0,Bakı,https://turbo.az/autos/10051114-jaecoo-j7-shs
Lexus,RX 350,63000.0,AZN,2018,3.5 L,68500,Bakı,https://turbo.az/autos/10513277-lexus-rx-350
Mercedes,E 300 de,75777.0,AZN,2020,2.0 L,99600,Bakı,https://turbo.az/autos/10586181-mercedes-e-300-de
Toyota,Prius,11700.0,AZN,2007,1.5 L,247000,Bakı,https://turbo.az/autos/10605134-toyota-prius
JAECOO,J8,59900.0,AZN,2026,1.5 L,0,Bakı,https://turbo.az/autos/10396718-jaecoo-j8
Audi,Q8,68777.0,AZN,2019,3.0 L,155200,Bakı,https://turbo.az/autos/10367445-audi-q8
Lynk,& Co 06,42900.0,AZN,2026,1.5 L,0,Bakı,https://turbo.az/autos/8965631-lynk-co-06
BMW,iX,171000.0,AZN,2025,,0,Bakı,https://turbo.az/autos/9961918-bmw-ix
BMW,X7,177777.0,AZN,2023,3.0 L,51500,Bakı,https://turbo.az/autos/10422730-bmw-x7
BMW,X1,116000.0,AZN,2025,1.5 L,0,Bakı,https://turbo.az/autos/10213204-bmw-x1
Mercedes,V 250,45777.0,AZN,2014,2.1 L,417500,Bakı,https://turbo.az/autos/10607296-mercedes-v-250
BENDA,LFC 700 Pro,19000.0,AZN,2026,,2500,Bakı,https://turbo.az/autos/10560537-benda-lfc-700-pro
Mercedes,E 300 4MATIC,42900.0,AZN,2017,2.0 L,115000,Bakı,https://turbo.az/autos/10635644-mercedes-e-300-4matic
Kia,Forte,26500.0,AZN,2021,2.0 L,86200,Sumqayıt,https://turbo.az/autos/10632924-kia-forte
Hyundai,Azera,21990.0,AZN,2013,2.4 L,185000,Bakı,https://turbo.az/autos/10590146-hyundai-azera
Volkswagen,Transporter,38777.0,AZN,2018,2.0 L,52800,Bakı,https://turbo.az/autos/10255786-volkswagen-transporter
LADA,(VAZ) Priora,7600.0,AZN,2009,1.6 L,249000,Bakı,https://turbo.az/autos/10604854-lada-vaz-priora
LADA,(VAZ) 2107,4700.0,AZN,2003,1.6 L,135000,Bakı,https://turbo.az/autos/10627529-lada-vaz-2107
Hyundai,Elantra,23500.0,AZN,2019,2.0 L,123919,Bakı,https://turbo.az/autos/10635643-hyundai-elantra
Changan,Uni-Z,32400.0,AZN,2025,1.5 L,0,Bakı,https://turbo.az/autos/10090920-changan-uni-z
Mercedes,E 250,22500.0,AZN,2012,2.1 L,205665,Sumqayıt,https://turbo.az/autos/10595638-mercedes-e-250
Volkswagen,Touareg,26500.0,AZN,2011,3.6 L,239000,Bakı,https://turbo.az/autos/10495505-volkswagen-touareg
Mercedes,SL 63 AMG,431342.0,AZN,2024,4.0 L,0,Bakı,https://turbo.az/autos/8930930-mercedes-sl-63-amg
Lynk,& Co 06,42900.0,AZN,2026,1.5 L,0,Bakı,https://turbo.az/autos/8965631-lynk-co-06
Fiat,500,16500.0,AZN,2017,1.2 L,54000,Bakı,https://turbo.az/autos/9839183-fiat-500
Toyota,Land Cruiser Prado,118490.0,AZN,2024,2.4 L,49300,Bakı,https://turbo.az/autos/10469179-toyota-land-cruiser-prado
Ford,Fusion (North America),17900.0,AZN,2019,1.5 L,75000,Bakı,https://turbo.az/autos/10331436-ford-fusion-north-america
Kia,Sportage,23000.0,AZN,2012,2.0 L,215000,Bakı,https://turbo.az/autos/10418750-kia-sportage
Mercedes,C 200,68850.0,AZN,2022,1.5 L,65000,Bakı,https://turbo.az/autos/10484978-mercedes-c-200
Hyundai,Grandeur,34800.0,AZN,2017,2.2 L,168000,Bakı,https://turbo.az/autos/10589214-hyundai-grandeur
Hyundai,Grandeur,71500.0,AZN,2024,1.6 L,43000,Bakı,https://turbo.az/autos/10606941-hyundai-grandeur
Hyundai,Elantra,18700.0,AZN,2014,1.8 L,186684,Naxçıvan,https://turbo.az/autos/10614148-hyundai-elantra
Can-Am,Ryker,27000.0,AZN,2019,,18500,Bakı,https://turbo.az/autos/10624666-can-am-ryker
Mercedes,S 63 AMG 4MATIC,96900.0,AZN,2015,5.5 L,70000,Bakı,https://turbo.az/autos/10635294-mercedes-s-63-amg-4matic
BMW,X5,49900.0,AZN,2017,2.0 L,152000,Bakı,https://turbo.az/autos/10526229-bmw-x5
BMW,X5,89777.0,AZN,2020,3.0 L,139400,Bakı,https://turbo.az/autos/10465363-bmw-x5
GAZ,GAZel Next A21R32-30,31000.0,AZN,2021,2.4 L,54000,Bakı,https://turbo.az/autos/10634449-gaz-gazel-next-a21r32-30
Kia,Optima,17400.0,AZN,2013,2.0 L,147000,Bakı,https://turbo.az/autos/10608208-kia-optima
BMW,528,8800.0,AZN,1999,2.8 L,475000,Gəncə,https://turbo.az/autos/10635640-bmw-528
Mercedes,C 180,8900.0,AZN,1998,1.8 L,406368,Bakı,https://turbo.az/autos/10635439-mercedes-c-180
Changan,Uni-Z,33000.0,AZN,2025,1.5 L,0,Bakı,https://turbo.az/autos/10578337-changan-uni-z
DFSK,Glory 330 S Cargo,25400.0,AZN,2025,1.5 L,0,Bakı,https://turbo.az/autos/9959306-dfsk-glory-330-s-cargo
Changan,Eado,28500.0,AZN,2025,1.5 L,0,Bakı,https://turbo.az/autos/9961239-changan-eado
Toyota,Land Cruiser,128800.0,AZN,2021,3.5 L,100000,Bakı,https://turbo.az/autos/10465603-toyota-land-cruiser
Kia,Sorento,39600.0,AZN,2018,2.0 L,157000,Bakı,https://turbo.az/autos/10608581-kia-sorento
CFMOTO,CFORCE C4,12400.0,AZN,2026,,0,Bakı,https://turbo.az/autos/10625359-cfmoto-cforce-c4
Mercedes,E 270,13900.0,AZN,2003,2.7 L,288777,Sumqayıt,https://turbo.az/autos/10092237-mercedes-e-270
Ford,Transit,17900.0,AZN,2011,2.2 L,181000,Naxçıvan,https://turbo.az/autos/10635639-ford-transit
Changan,Uni-T,35800.0,AZN,2025,1.5 L,0,Bakı,https://turbo.az/autos/10578303-changan-uni-t
Mercedes,G 63 AMG,321777.0,AZN,2020,4.0 L,49600,Bakı,https://turbo.az/autos/10341709-mercedes-g-63-amg
DFSK,Fengon 380,26700.0,AZN,2025,1.5 L,0,Bakı,https://turbo.az/autos/9959359-dfsk-fengon-380
Nissan,Sunny,11300.0,AZN,2007,1.6 L,330000,Bakı,https://turbo.az/autos/10274240-nissan-sunny
Kia,Sorento,36000.0,AZN,2017,2.0 L,142000,Bakı,https://turbo.az/autos/10610892-kia-sorento
Toyota,Land Cruiser,65777.0,AZN,2014,4.5 L,192200,Bakı,https://turbo.az/autos/9989249-toyota-land-cruiser
BMW,330e,71400.0,AZN,2023,2.0 L,55000,Bakı,https://turbo.az/autos/10564411-bmw-330e
LADA,(VAZ) 2115,6700.0,AZN,2009,1.6 L,200000,Mingəçevir,https://turbo.az/autos/10617425-lada-vaz-2115
BAW,212,56900.0,AZN,2026,2.0 L,0,Bakı,https://turbo.az/autos/10301203-baw-212
Ford,Fusion (North America),17800.0,AZN,2014,2.0 L,274000,Bakı,https://turbo.az/autos/10549770-ford-fusion-north-america
Changan,Qiyuan Q07,47900.0,AZN,2025,1.5 L,0,Xırdalan,https://turbo.az/autos/10194751-changan-qiyuan-q07
Mercedes,GLC 200 4MATIC,161678.0,AZN,2026,2.0 L,0,Bakı,https://turbo.az/autos/10506141-mercedes-glc-200-4matic
Kia,Sorento,48900.0,AZN,2023,1.6 L,112000,Bakı,https://turbo.az/autos/10626197-kia-sorento
Mercedes,GLS 450 4MATIC,150450.0,AZN,2021,3.0 L,78000,Bakı,https://turbo.az/autos/10634644-mercedes-gls-450-4matic
Mercedes,0403,120000.0,AZN,2005,12 L,520000,Bakı,https://turbo.az/autos/10181112-mercedes-0403
LADA,(VAZ) Niva,19300.0,AZN,2021,1.7 L,43800,Bakı,https://turbo.az/autos/10562469-lada-vaz-niva
Hyundai,Sonata,20000.0,AZN,2015,2.4 L,225000,Bakı,https://turbo.az/autos/10574310-hyundai-sonata
Toyota,Highlander,62500.0,AZN,2021,2.5 L,39600,Bakı,https://turbo.az/autos/10579677-toyota-highlander
BMW,X5,19600.0,AZN,2006,4.8 L,280000,Bakı,https://turbo.az/autos/10595318-bmw-x5
Changan,Qiyuan Q05,27900.0,AZN,2024,1.5 L,28000,Bakı,https://turbo.az/autos/10608424-changan-qiyuan-q05
Hyundai,Venue,27666.0,AZN,2023,1.6 L,44600,Bakı,https://turbo.az/autos/10613879-hyundai-venue
Hyundai,Tucson,15400.0,AZN,2007,2.0 L,218875,Bakı,https://turbo.az/autos/10634143-hyundai-tucson
Toyota,Prius,11800.0,AZN,2006,1.5 L,316000,Bakı,https://turbo.az/autos/10631016-toyota-prius
Haval,Raptor,64900.0,AZN,2026,1.5 L,0,Bakı,https://turbo.az/autos/10529728-haval-raptor
Cadillac,Escalade,207400.0,AZN,2023,3.0 L,49000,Bakı,https://turbo.az/autos/10627128-cadillac-escalade
Toyota,Land Cruiser Prado,80750.0,AZN,2018,3.0 L,144000,Bakı,https://turbo.az/autos/10398199-toyota-land-cruiser-prado
Opel,Vectra,4200.0,AZN,1998,2.0 L,228000,Bakı,https://turbo.az/autos/10628389-opel-vectra
Chevrolet,Equinox,22200.0,AZN,2018,1.5 L,135000,Bakı,https://turbo.az/autos/10630715-chevrolet-equinox
Haval,H9,71900.0,AZN,2026,2.0 L,0,Bakı,https://turbo.az/autos/10465307-haval-h9
Porsche,Cayenne,105400.0,AZN,2021,3.0 L,60000,Bakı,https://turbo.az/autos/10629435-porsche-cayenne
Haval,H5,58900.0,AZN,2026,2.0 L,0,Bakı,https://turbo.az/autos/10465233-haval-h5
Kia,Optima,22700.0,AZN,2012,2.0 L,280000,Sumqayıt,https://turbo.az/autos/10635635-kia-optima
Toyota,Land Cruiser Prado,32800.0,AZN,2010,2.7 L,186000,Bakı,https://turbo.az/autos/10615544-toyota-land-cruiser-prado
Porsche,Panamera 4,133450.0,AZN,2022,2.9 L,55000,Bakı,https://turbo.az/autos/10621018-porsche-panamera-4
Voyah,Dream,80750.0,AZN,2023,1.5 L,79000,Bakı,https://turbo.az/autos/10602135-voyah-dream
LADA,(VAZ) 2107,7500.0,AZN,2007,1.6 L,59000,Salyan,https://turbo.az/autos/10553268-lada-vaz-2107
Changan,Qiyuan Q07,47000.0,AZN,2025,1.5 L,0,Bakı,https://turbo.az/autos/10518923-changan-qiyuan-q07
Changan,Uni-Z,35500.0,AZN,2025,1.5 L,0,Bakı,https://turbo.az/autos/9679744-changan-uni-z
Changan,Uni-Z,37500.0,AZN,2026,1.5 L,0,Bakı,https://turbo.az/autos/10598181-changan-uni-z
Mitsubishi,Pajero io,6500.0,AZN,1999,1.8 L,378000,Bakı,https://turbo.az/autos/10634608-mitsubishi-pajero-io
Opel,Astra,8200.0,AZN,1998,1.6 L,400000,Bakı,https://turbo.az/autos/10630463-opel-astra
Porsche,Taycan Turbo S,101150.0,AZN,2020,,58000,Bakı,https://turbo.az/autos/10580408-porsche-taycan-turbo-s
Toyota,Corolla,13600.0,AZN,2005,1.4 L,189355,Bakı,https://turbo.az/autos/10595479-toyota-corolla
Lexus,NX 300,37900.0,AZN,2018,2.0 L,140000,Bakı,https://turbo.az/autos/10599914-lexus-nx-300
Hyundai,Elantra,23700.0,AZN,2019,2.0 L,128000,Bakı,https://turbo.az/autos/10603958-hyundai-elantra
Changan,Uni-Z,37500.0,AZN,2026,1.5 L,0,Bakı,https://turbo.az/autos/10598187-changan-uni-z
Iveco,Daily 50C15,99500.0,AZN,2026,3.0 L,0,Bakı,https://turbo.az/autos/10497336-iveco-daily-50c15
Nissan,Note,16900.0,AZN,2018,1.2 L,38000,Bakı,https://turbo.az/autos/10497381-nissan-note
Changan,Deepal S09,73500.0,AZN,2025,1.5 L,0,Bakı,https://turbo.az/autos/10530003-changan-deepal-s09
BMW,X5,233000.0,AZN,2026,3.0 L,0,Bakı,https://turbo.az/autos/10563190-bmw-x5
Mercedes,E 200,28000.0,AZN,2015,2.0 L,230000,Bakı,https://turbo.az/autos/10472667-mercedes-e-200
Kia,Rio X-Line,23500.0,AZN,2020,1.6 L,79000,Bakı,https://turbo.az/autos/10549353-kia-rio-x-line
Kia,Sorento,25500.0,AZN,2013,2.0 L,220000,Bakı,https://turbo.az/autos/10580389-kia-sorento
BMW,528,32500.0,AZN,2015,2.0 L,100000,Bakı,https://turbo.az/autos/10609130-bmw-528
Mercedes,CLA 250,25500.0,AZN,2016,2.0 L,259104,Bakı,https://turbo.az/autos/10609699-mercedes-cla-250
Chevrolet,Equinox,23400.0,AZN,2018,1.5 L,164352,Bakı,https://turbo.az/autos/10612088-chevrolet-equinox
BMW,328,22500.0,AZN,2013,2.0 L,280000,Bakı,https://turbo.az/autos/10626406-bmw-328
LADA,(VAZ) 2107,4800.0,AZN,2009,1.5 L,266652,Şamaxı,https://turbo.az/autos/10631425-lada-vaz-2107
Mercedes,C 200,8800.0,AZN,2001,2.0 L,218484,Bakı,https://turbo.az/autos/10571329-mercedes-c-200
Hyundai,Sonata,25600.0,AZN,2018,2.0 L,329916,Bakı,https://turbo.az/autos/10630288-hyundai-sonata
BMW,530e,65000.0,AZN,2021,2.0 L,95000,Bakı,https://turbo.az/autos/10514281-bmw-530e
Mercedes,C 240,8600.0,AZN,2003,2.6 L,245450,Bakı,https://turbo.az/autos/10621896-mercedes-c-240
Jeep,Wrangler,73800.0,AZN,2023,2.0 L,42000,Bakı,https://turbo.az/autos/10603222-jeep-wrangler
Land,Rover Range Rover,80000.0,AZN,2018,3.0 L,173000,Bakı,https://turbo.az/autos/10068205-land-rover-range-rover
Chevrolet,Equinox,26900.0,AZN,2019,2.0 L,82200,Bakı,https://turbo.az/autos/10579973-chevrolet-equinox
Nissan,March,14300.0,AZN,2015,1.2 L,75000,Bakı,https://turbo.az/autos/10550710-nissan-march
Nissan,March,14600.0,AZN,2016,1.2 L,49000,Bakı,https://turbo.az/autos/10550703-nissan-march
Nissan,March,14600.0,AZN,2016,1.2 L,33500,Bakı,https://turbo.az/autos/10510277-nissan-march
Nissan,March,14400.0,AZN,2016,1.2 L,63000,Bakı,https://turbo.az/autos/10497541-nissan-march
BMW,S 1000 RR,45400.0,AZN,2020,,5800,Bakı,https://turbo.az/autos/10583994-bmw-s-1000-rr
Volvo,XC90,75900.0,AZN,2022,2.0 L,58000,Bakı,https://turbo.az/autos/10577327-volvo-xc90
LADA,(VAZ) 2106,6800.0,AZN,2000,1.6 L,85000,Bakı,https://turbo.az/autos/10626526-lada-vaz-2106
Mercedes,C 300,29500.0,AZN,2015,2.0 L,216000,Bakı,https://turbo.az/autos/10481702-mercedes-c-300
Volkswagen,Touareg,12000.0,AZN,2005,3.2 L,200000,Qazax,https://turbo.az/autos/10635633-volkswagen-touareg
Changan,Uni-Z,33499.0,AZN,2025,1.5 L,0,Bakı,https://turbo.az/autos/10593684-changan-uni-z
Land,Rover Range Rover,266900.0,AZN,2024,3.0 L,20000,Bakı,https://turbo.az/autos/10631814-land-rover-range-rover
Jeep,Grand Cherokee,21900.0,AZN,2013,3.6 L,255000,Bakı,https://turbo.az/autos/10544024-jeep-grand-cherokee
Changan,Uni-Z,34999.0,AZN,2025,1.5 L,0,Bakı,https://turbo.az/autos/10621796-changan-uni-z
Mercedes,C 200,11500.0,AZN,2000,2.0 L,926000,Bakı,https://turbo.az/autos/10592013-mercedes-c-200
Mercedes,GLS 450 4MATIC,195500.0,AZN,2024,3.0 L,19000,Bakı,https://turbo.az/autos/10632754-mercedes-gls-450-4matic
Toyota,Corolla,14600.0,AZN,2008,1.4 L,380000,Şirvan,https://turbo.az/autos/10599989-toyota-corolla
BAW,212,45500.0,AZN,2024,2.0 L,19000,Bakı,https://turbo.az/autos/10618292-baw-212
Lynk,& Co 900,104900.0,AZN,2026,1.5 L,0,Bakı,https://turbo.az/autos/9759474-lynk-co-900
Mercedes,E 300,39999.0,AZN,2016,2.0 L,207800,Bakı,https://turbo.az/autos/10522252-mercedes-e-300
Avatr,07,72900.0,AZN,2026,1.5 L,0,Bakı,https://turbo.az/autos/10527552-avatr-07
Kia,Morning,14500.0,AZN,2016,1.0 L,49800,Bakı,https://turbo.az/autos/10599962-kia-morning
BMW,428,40000.0,AZN,2015,2.0 L,150000,Bakı,https://turbo.az/autos/9888017-bmw-428
Jeep,Wrangler,64000.0,AZN,2023,2.0 L,41000,Bakı,https://turbo.az/autos/10275610-jeep-wrangler
Mercedes,E 250,27900.0,AZN,2015,2.1 L,202000,Bakı,https://turbo.az/autos/10534436-mercedes-e-250
Jeep,Wrangler,60000.0,AZN,2022,2.0 L,39000,Bakı,https://turbo.az/autos/10552154-jeep-wrangler
BMW,530,40000.0,AZN,2017,2.0 L,134700,Bakı,https://turbo.az/autos/10596197-bmw-530
Kia,Optima,27800.0,AZN,2018,2.0 L,135000,Bakı,https://turbo.az/autos/10630304-kia-optima
Toyota,Camry,39500.0,AZN,2019,2.5 L,110500,Bakı,https://turbo.az/autos/10633320-toyota-camry
Hyundai,Tucson,15400.0,AZN,2007,2.0 L,218875,Bakı,https://turbo.az/autos/10634143-hyundai-tucson
BAW,212,45500.0,AZN,2024,2.0 L,19000,Bakı,https://turbo.az/autos/10618292-baw-212
Mercedes,E 240,12700.0,AZN,1999,2.4 L,300000,Bakı,https://turbo.az/autos/10590088-mercedes-e-240
Kia,Sorento,41800.0,AZN,2018,2.2 L,183500,Bakı,https://turbo.az/autos/10624642-kia-sorento
Mitsubishi,Outlander,17700.0,AZN,2010,3.0 L,182800,Bakı,https://turbo.az/autos/10630565-mitsubishi-outlander
BMW,X5,20300.0,AZN,2006,3.0 L,291570,Bakı,https://turbo.az/autos/10616243-bmw-x5
Opel,Signum,4950.0,AZN,2006,1.9 L,150000,Gəncə,https://turbo.az/autos/10513761-opel-signum
Changan,Qiyuan Q07,39299.0,AZN,2026,1.5 L,0,Bakı,https://turbo.az/autos/10626239-changan-qiyuan-q07
Mercedes,208 D,9300.0,AZN,1992,2.4 L,586870,Quba,https://turbo.az/autos/10635630-mercedes-208-d
Opel,Astra,10300.0,AZN,2006,1.4 L,250000,Bakı,https://turbo.az/autos/10624364-opel-astra
JMC,Grand Avenue,53500.0,AZN,2026,2.3 L,0,Bakı,https://turbo.az/autos/8509271-jmc-grand-avenue
JMC,Vigus Plus,43900.0,AZN,2025,2.0 L,0,Bakı,https://turbo.az/autos/8509154-jmc-vigus-plus
BMW,i5,111350.0,AZN,2023,,22000,Bakı,https://turbo.az/autos/10190287-bmw-i5
Toyota,RAV4,26500.0,AZN,2013,2.0 L,206500,Bakı,https://turbo.az/autos/10602870-toyota-rav4
Changan,CS 55 Plus,30900.0,AZN,2026,1.5 L,0,Bakı,https://turbo.az/autos/10635615-changan-cs-55-plus
Hyundai,Santa Fe,37400.0,AZN,2020,2.0 L,62100,Bakı,https://turbo.az/autos/10635629-hyundai-santa-fe
Mercedes,E 220 d,56950.0,AZN,2019,2.0 L,51044,Bakı,https://turbo.az/autos/10379693-mercedes-e-220-d
Toyota,Highlander,74290.0,AZN,2022,2.5 L,53200,Bakı,https://turbo.az/autos/10606361-toyota-highlander
Mercedes,CLE 53 AMG 4MATIC+,236628.0,AZN,2026,3.0 L,0,Bakı,https://turbo.az/autos/10420193-mercedes-cle-53-amg-4matic
BMW,X5,186150.0,AZN,2023,3.0 L,24200,Bakı,https://turbo.az/autos/10598855-bmw-x5
Nissan,Note,17800.0,AZN,2017,1.2 L,35000,Bakı,https://turbo.az/autos/10610412-nissan-note
Nissan,Note,17600.0,AZN,2018,1.2 L,49000,Bakı,https://turbo.az/autos/10607918-nissan-note
Nissan,Note,15400.0,AZN,2015,1.2 L,88000,Bakı,https://turbo.az/autos/10591049-nissan-note
Nissan,Note,15600.0,AZN,2015,1.2 L,81000,Bakı,https://turbo.az/autos/10590934-nissan-note
Nissan,Note,15400.0,AZN,2015,1.2 L,68000,Bakı,https://turbo.az/autos/10510270-nissan-note
Changan,Uni-K iDD,49900.0,AZN,2025,1.5 L,0,Bakı,https://turbo.az/autos/9444596-changan-uni-k-idd
Changan,Deepal S09,72300.0,AZN,2025,1.5 L,0,Bakı,https://turbo.az/autos/10254912-changan-deepal-s09
Changan,Oshan X5 Plus,24460.0,AZN,2026,1.5 L,0,Sifarişlə,https://turbo.az/autos/10548237-changan-oshan-x5-plus
Kia,Sorento,49900.0,AZN,2021,1.6 L,93000,Bakı,https://turbo.az/autos/10601295-kia-sorento
BMW,530,25500.0,AZN,2013,3.0 L,319000,Bakı,https://turbo.az/autos/9592810-bmw-530
Voyah,Free,50500.0,AZN,2024,1.5 L,28000,Bakı,https://turbo.az/autos/10473102-voyah-free
Land,Rover RR Velar,63000.0,AZN,2019,2.0 L,87000,Bakı,https://turbo.az/autos/10569085-land-rover-rr-velar
Hyundai,Santa Fe,40300.0,AZN,2018,2.0 L,157500,Bakı,https://turbo.az/autos/10583282-hyundai-santa-fe
Hyundai,Sonata,25500.0,AZN,2018,1.7 L,262000,Bakı,https://turbo.az/autos/10597842-hyundai-sonata
KamAz,55111,12500.0,AZN,1992,11 L,242000,Qəbələ,https://turbo.az/autos/10600223-kamaz-55111
Hyundai,Santa Fe,27800.0,AZN,2013,2.0 L,261000,Bakı,https://turbo.az/autos/10613059-hyundai-santa-fe
Hyundai,Accent,18900.0,AZN,2018,1.6 L,126000,Bakı,https://turbo.az/autos/10631783-hyundai-accent
Nissan,Note,15600.0,AZN,2016,1.2 L,83000,Bakı,https://turbo.az/autos/10510260-nissan-note
Mercedes,S 500 4MATIC,168300.0,AZN,2020,3.0 L,48500,Bakı,https://turbo.az/autos/10553262-mercedes-s-500-4matic
Nissan,Note,16800.0,AZN,2017,1.2 L,45000,Bakı,https://turbo.az/autos/10498823-nissan-note
Nissan,Note,16800.0,AZN,2016,1.2 L,48000,Bakı,https://turbo.az/autos/10498732-nissan-note
Nissan,Note,16600.0,AZN,2016,1.2 L,74000,Bakı,https://turbo.az/autos/10498716-nissan-note
Ford,Transit,19300.0,AZN,2008,2.2 L,170000,Bakı,https://turbo.az/autos/10608794-ford-transit
Toyota,Camry,13000.0,AZN,2007,2.4 L,305000,Bakı,https://turbo.az/autos/9613507-toyota-camry
Hyundai,Grandeur,77000.0,AZN,2024,1.6 L,30000,Bakı,https://turbo.az/autos/10455446-hyundai-grandeur
Kia,KX1,27500.0,AZN,2026,1.4 L,0,Bakı,https://turbo.az/autos/10606900-kia-kx1
Toyota,Prius,10900.0,AZN,2007,1.5 L,331212,Bakı,https://turbo.az/autos/10626361-toyota-prius
Suzuki,GSX-8R,26700.0,AZN,2026,0.8 L,0,Sifarişlə,https://turbo.az/autos/9145915-suzuki-gsx-8r
Suzuki,GSX-S1000GT,37900.0,AZN,2026,,0,Sifarişlə,https://turbo.az/autos/10450093-suzuki-gsx-s1000gt
Lexus,GX 460,49999.0,AZN,2013,4.6 L,216400,Bakı,https://turbo.az/autos/10293809-lexus-gx-460
BMW,520,69999.0,AZN,2023,2.0 L,30000,Bakı,https://turbo.az/autos/10369815-bmw-520
Opel,Astra,10500.0,AZN,2005,1.4 L,390000,Gəncə,https://turbo.az/autos/10635620-opel-astra
Skoda,Octavia,26900.0,AZN,2023,1.6 L,104000,Bakı,https://turbo.az/autos/10274477-skoda-octavia
Kia,K2500,39400.0,AZN,2025,2.5 L,0,Bakı,https://turbo.az/autos/9925690-kia-k2500
Suzuki,Grand Vitara,40000.0,AZN,2023,1.5 L,31000,Bakı,https://turbo.az/autos/10595558-suzuki-grand-vitara
LADA,(VAZ) 2107,2300.0,AZN,1998,1.6 L,25000,Bakı,https://turbo.az/autos/10635597-lada-vaz-2107
Kia,Carens,51900.0,AZN,2026,1.5 L,0,Bakı,https://turbo.az/autos/10608125-kia-carens
Mercedes,C 240,8500.0,AZN,2003,2.6 L,248484,Bakı,https://turbo.az/autos/10616604-mercedes-c-240
GWM,(Great Wall Motor) WEY 80,79900.0,AZN,2025,1.5 L,17000,Bakı,https://turbo.az/autos/10508917-gwm-great-wall-motor-wey-80
Chevrolet,Cruze,13000.0,AZN,2015,1.4 L,231013,Bakı,https://turbo.az/autos/10630545-chevrolet-cruze
Mercedes,V 250,132600.0,AZN,2021,2.1 L,47000,Bakı,https://turbo.az/autos/10620758-mercedes-v-250
ZEEKR,9X,186150.0,AZN,2026,2.0 L,0,Bakı,https://turbo.az/autos/10051821-zeekr-9x
BYD,Yuan Up,41400.0,AZN,2026,1.5 L,0,Bakı,https://turbo.az/autos/10339026-byd-yuan-up
BMW,iX3,177264.0,AZN,2026,,0,Bakı,https://turbo.az/autos/10440428-bmw-ix3
Nissan,Patrol,130050.0,AZN,2023,4.0 L,57000,Bakı,https://turbo.az/autos/10588166-nissan-patrol
Hyundai,Tucson,25400.0,AZN,2016,2.0 L,82300,Bakı,https://turbo.az/autos/9744777-hyundai-tucson
Changan,Uni-Z,34000.0,AZN,2025,1.5 L,39000,Bakı,https://turbo.az/autos/10343339-changan-uni-z
Mercedes,E 320,15000.0,AZN,1999,3.2 L,264000,Şəki,https://turbo.az/autos/10563441-mercedes-e-320
MG,GT,19700.0,AZN,2022,1.5 L,101600,Bakı,https://turbo.az/autos/10593557-mg-gt
Changan,Uni-Z,32900.0,AZN,2025,1.5 L,0,Bakı,https://turbo.az/autos/10598117-changan-uni-z
LADA,(VAZ) Niva Travel,17800.0,AZN,2022,1.7 L,47000,Bakı,https://turbo.az/autos/10600557-lada-vaz-niva-travel
Changan,Uni-Z,36000.0,AZN,2025,1.5 L,38700,Bakı,https://turbo.az/autos/10602000-changan-uni-z
Opel,Astra,11900.0,AZN,2006,1.3 L,354000,Bakı,https://turbo.az/autos/10629227-opel-astra
Mercedes,V 250,132600.0,AZN,2021,2.1 L,47000,Bakı,https://turbo.az/autos/10620758-mercedes-v-250
JMC,Vigus Plus,43900.0,AZN,2025,2.0 L,0,Bakı,https://turbo.az/autos/9944920-jmc-vigus-plus
Toyota,Land Cruiser Prado,25900.0,AZN,2008,2.7 L,227000,Bərdə,https://turbo.az/autos/10635617-toyota-land-cruiser-prado
JMC,Grand Avenue Pro,75900.0,AZN,2026,2.3 L,0,Bakı,https://turbo.az/autos/9780128-jmc-grand-avenue-pro
Porsche,Macan,147000.0,AZN,2025,2.0 L,4100,Bakı,https://turbo.az/autos/10635623-porsche-macan
Toyota,Camry,78030.0,AZN,2026,2.5 L,0,Bakı,https://turbo.az/autos/9064626-toyota-camry
Mercedes,E 220,13500.0,AZN,2000,2.2 L,754000,Bakı,https://turbo.az/autos/10635592-mercedes-e-220
Toyota,Corolla Cross,44700.0,AZN,2026,2.0 L,0,Bakı,https://turbo.az/autos/10476749-toyota-corolla-cross
Mercedes,C 250,8200.0,AZN,1998,2.5 L,248104,Bakı,https://turbo.az/autos/10541311-mercedes-c-250
Opel,Vectra,3600.0,AZN,1997,1.6 L,471619,Bakı,https://turbo.az/autos/10633257-opel-vectra
Chevrolet,Cruze,15500.0,AZN,2014,1.4 L,111000,Bakı,https://turbo.az/autos/10417391-chevrolet-cruze
Toyota,Land Cruiser Prado,36500.0,AZN,2012,2.7 L,200000,Bakı,https://turbo.az/autos/10538507-toyota-land-cruiser-prado
Mercedes,C 240,8500.0,AZN,2001,2.6 L,255555,Bakı,https://turbo.az/autos/10577224-mercedes-c-240
Toyota,Camry,23500.0,AZN,2012,2.5 L,224000,Bakı,https://turbo.az/autos/10577968-toyota-camry
JAC,JS8,29500.0,AZN,2026,1.5 L,0,Bakı,https://turbo.az/autos/9568637-jac-js8
Mercedes,C 240,8800.0,AZN,2001,2.6 L,319484,Bakı,https://turbo.az/autos/10616609-mercedes-c-240
Mercedes,C 240,7700.0,AZN,1998,2.4 L,294994,Bakı,https://turbo.az/autos/10577231-mercedes-c-240
Hyundai,Elantra,23000.0,AZN,2015,1.8 L,28324,Ağstafa,https://turbo.az/autos/10574083-hyundai-elantra
Changan,Qiyuan Q07,43800.0,AZN,2025,1.5 L,0,Bakı,https://turbo.az/autos/10584989-changan-qiyuan-q07
Changan,Uni-Z,33400.0,AZN,2025,1.5 L,0,Bakı,https://turbo.az/autos/10090319-changan-uni-z
Changan,Uni-Z,35000.0,AZN,2025,1.5 L,0,Bakı,https://turbo.az/autos/10625346-changan-uni-z
Toyota,Prius,12300.0,AZN,2009,1.5 L,368000,Bakı,https://turbo.az/autos/10635614-toyota-prius
Ford,Transit,19800.0,AZN,2010,2.2 L,197854,Bakı,https://turbo.az/autos/10618927-ford-transit
Kia,Sportage,22800.0,AZN,2011,2.0 L,145388,Gəncə,https://turbo.az/autos/10121827-kia-sportage
ZEEKR,9X,159630.0,AZN,2026,2.0 L,0,Bakı,https://turbo.az/autos/10051802-zeekr-9x
GAC,S7,56900.0,AZN,2025,1.5 L,0,Bakı,https://turbo.az/autos/10161162-gac-s7
GWM,(Great Wall Motor) Wingle 5,37900.0,AZN,2026,2.0 L,0,Bakı,https://turbo.az/autos/10192087-gwm-great-wall-motor-wingle-5
Haval,H6,56900.0,AZN,2026,1.5 L,0,Bakı,https://turbo.az/autos/10516396-haval-h6
ZEEKR,001,56000.0,AZN,2023,,27000,Bakı,https://turbo.az/autos/10521174-zeekr-001
Land,Rover RR Velar,54900.0,AZN,2018,2.0 L,133000,Bakı,https://turbo.az/autos/10550425-land-rover-rr-velar
Kia,Forte,22800.0,AZN,2020,2.0 L,123950,Bakı,https://turbo.az/autos/10585486-kia-forte
BMW,428,38900.0,AZN,2015,2.0 L,128000,Bakı,https://turbo.az/autos/10616673-bmw-428
Porsche,Cayenne Turbo,115600.0,AZN,2018,4.0 L,94000,Bakı,https://turbo.az/autos/10618169-porsche-cayenne-turbo
Hyundai,Elantra,17900.0,AZN,2015,1.8 L,145000,Bakı,https://turbo.az/autos/10621421-hyundai-elantra
Kia,Sorento,26800.0,AZN,2015,2.0 L,337962,Bakı,https://turbo.az/autos/10624024-kia-sorento
BMW,528,25900.0,AZN,2015,2.0 L,226200,Bakı,https://turbo.az/autos/10624154-bmw-528
Changan,Uni-Z,35200.0,AZN,2025,1.5 L,0,Bakı,https://turbo.az/autos/10199740-changan-uni-z
BMW,540,12000.0,AZN,1999,4.4 L,325000,Bakı,https://turbo.az/autos/10635607-bmw-540
Hyundai,Elantra,19500.0,AZN,2014,1.8 L,198170,Bakı,https://turbo.az/autos/10635612-hyundai-elantra
LADA,(VAZ) 2107,6100.0,AZN,2007,1.6 L,25555,Gəncə,https://turbo.az/autos/10343654-lada-vaz-2107
Changan,Eado,11700.0,AZN,2015,1.6 L,156000,Bakı,https://turbo.az/autos/10630100-changan-eado
Ford,Transit,31400.0,AZN,2008,2.4 L,191000,Bakı,https://turbo.az/autos/10619137-ford-transit
Hyundai,Santa Fe,31900.0,AZN,2013,2.0 L,123000,Bakı,https://turbo.az/autos/10611689-hyundai-santa-fe
Changan,Oshan X5 Plus,25300.0,AZN,2025,1.5 L,0,Bakı,https://turbo.az/autos/10585680-changan-oshan-x5-plus
Kia,Optima,25200.0,AZN,2016,2.0 L,156000,Bakı,https://turbo.az/autos/10628179-kia-optima
Lynk,& Co 900,94500.0,AZN,2025,1.5 L,0,Bakı,https://turbo.az/autos/9868813-lynk-co-900
Changan,CS 75 Plus,35000.0,AZN,2026,1.5 L,0,Bakı,https://turbo.az/autos/10635606-changan-cs-75-plus
Kia,K5,27000.0,AZN,2021,1.6 L,117000,Bakı,https://turbo.az/autos/10617328-kia-k5
Toyota,RAV4,46900.0,AZN,2022,2.0 L,93000,Bakı,https://turbo.az/autos/10631993-toyota-rav4
Changan,CS 55 Plus,29800.0,AZN,2026,1.5 L,0,Bakı,https://turbo.az/autos/10600817-changan-cs-55-plus
Land,Rover Discovery,23800.0,AZN,2011,3.0 L,317000,Bakı,https://turbo.az/autos/10607192-land-rover-discovery
Changan,Oshan X5 Plus,28300.0,AZN,2026,1.5 L,0,Bakı,https://turbo.az/autos/10570390-changan-oshan-x5-plus
Mercedes,S 500 4MATIC,166666.0,AZN,2020,3.0 L,147500,Bakı,https://turbo.az/autos/10308895-mercedes-s-500-4matic
Changan,Uni-Z,32800.0,AZN,2025,1.5 L,0,Bakı,https://turbo.az/autos/10620854-changan-uni-z
Toyota,Aqua,16000.0,AZN,2016,1.5 L,194000,Bakı,https://turbo.az/autos/10635604-toyota-aqua
Changan,Qiyuan Q07,36800.0,AZN,2026,1.5 L,0,Bakı,https://turbo.az/autos/10625348-changan-qiyuan-q07
Changan,Uni-Z,33800.0,AZN,2025,1.5 L,0,Bakı,https://turbo.az/autos/10620826-changan-uni-z
Mercedes,CLS 500,11500.0,AZN,2005,5.0 L,250000,Bakı,https://turbo.az/autos/10635603-mercedes-cls-500
Nissan,Note,14300.0,AZN,2014,1.2 L,95105,Sumqayıt,https://turbo.az/autos/10234677-nissan-note
BMW,740,64500.0,AZN,2019,3.0 L,133000,Bakı,https://turbo.az/autos/10625344-bmw-740
Changan,CS 55 Plus,33300.0,AZN,2026,1.5 L,0,Sifarişlə,https://turbo.az/autos/10181237-changan-cs-55-plus
Leapmotor,T03,14900.0,AZN,2023,,89500,Bakı,https://turbo.az/autos/10373735-leapmotor-t03
JAECOO,J8,75000.0,AZN,2026,1.5 L,0,Sifarişlə,https://turbo.az/autos/10457707-jaecoo-j8
Toyota,RAV4,66500.0,AZN,2025,2.5 L,16500,Gəncə,https://turbo.az/autos/10618181-toyota-rav4
BMW,X5,79000.0,AZN,2021,2.0 L,56000,Bakı,https://turbo.az/autos/10377062-bmw-x5
Kia,Sorento,61000.0,AZN,2022,2.2 L,84700,Hacıqabul,https://turbo.az/autos/10428109-kia-sorento
BMW,320,24900.0,AZN,2013,2.0 L,209000,Bakı,https://turbo.az/autos/10559524-bmw-320
Hyundai,Sonata,25500.0,AZN,2018,1.7 L,262000,Bakı,https://turbo.az/autos/10597842-hyundai-sonata
Chevrolet,Aveo,14000.0,AZN,2015,1.6 L,168000,Bakı,https://turbo.az/autos/10611748-chevrolet-aveo
Chevrolet,Cruze,11300.0,AZN,2013,1.4 L,298142,Bakı,https://turbo.az/autos/10623042-chevrolet-cruze
Land,Rover Range Rover,76500.0,AZN,2019,3.0 L,181856,Bakı,https://turbo.az/autos/10627443-land-rover-range-rover
Hyundai,Grandeur,71999.0,AZN,2023,1.6 L,39993,Bakı,https://turbo.az/autos/10628854-hyundai-grandeur
BMW,740,64500.0,AZN,2019,3.0 L,133000,Bakı,https://turbo.az/autos/10625344-bmw-740
Mercedes,E 220,8200.0,AZN,1998,2.2 L,321123,İmişli,https://turbo.az/autos/10635579-mercedes-e-220
Mercedes,Sprinter 515,36500.0,AZN,2007,2.2 L,136000,Bakı,https://turbo.az/autos/10447480-mercedes-sprinter-515
Kia,K3,19500.0,AZN,2017,1.6 L,210000,Bakı,https://turbo.az/autos/10615520-kia-k3
Volkswagen,Passat,11700.0,AZN,2010,1.8 L,194000,Bakı,https://turbo.az/autos/10630308-volkswagen-passat
Fiat,Doblo,8000.0,AZN,2012,1.4 L,350000,Bakı,https://turbo.az/autos/10559695-fiat-doblo
Mercedes,ML 350 4MATIC,20000.0,AZN,2008,3.5 L,277000,Bakı,https://turbo.az/autos/10537185-mercedes-ml-350-4matic
Ford,Transit,28900.0,AZN,2008,2.4 L,179000,Bakı,https://turbo.az/autos/10529078-ford-transit
Ford,Transit,32900.0,AZN,2011,2.4 L,171000,Bakı,https://turbo.az/autos/10355852-ford-transit
Ford,Transit,34900.0,AZN,2015,2.2 L,159000,Bakı,https://turbo.az/autos/10447502-ford-transit
Mercedes,Sprinter 315,31900.0,AZN,2009,2.2 L,237000,Bakı,https://turbo.az/autos/10616119-mercedes-sprinter-315
Ford,Transit,36900.0,AZN,2011,2.4 L,148000,Bakı,https://turbo.az/autos/10056829-ford-transit
Fiat,Doblo,12800.0,AZN,2014,1.4 L,320000,Xırdalan,https://turbo.az/autos/10590684-fiat-doblo
Mercedes,Sprinter 315,29700.0,AZN,2008,2.2 L,234000,Bakı,https://turbo.az/autos/10631981-mercedes-sprinter-315
Hyundai,Solaris,11800.0,AZN,2014,1.6 L,650000,Bakı,https://turbo.az/autos/10623935-hyundai-solaris
Ford,Transit,30400.0,AZN,2011,2.4 L,145000,Bakı,https://turbo.az/autos/10532397-ford-transit
Ford,Fusion (North America),17500.0,AZN,2016,1.5 L,158000,Bakı,https://turbo.az/autos/10539937-ford-fusion-north-america
Ford,Transit,24400.0,AZN,2010,2.2 L,164000,Bakı,https://turbo.az/autos/10596824-ford-transit
GAZ,69,13000.0,AZN,1972,2.1 L,55000,Bakı,https://turbo.az/autos/10499210-gaz-69
Chevrolet,Equinox,19700.0,AZN,2018,1.5 L,238183,Bakı,https://turbo.az/autos/10608691-chevrolet-equinox
Mercedes,Sprinter 315,29900.0,AZN,2007,2.2 L,296000,Bakı,https://turbo.az/autos/10635040-mercedes-sprinter-315
BMW,650,61000.0,AZN,2013,4.4 L,98000,Bakı,https://turbo.az/autos/10635602-bmw-650
Chevrolet,Cruze,10900.0,AZN,2015,1.4 L,300000,Şəmkir,https://turbo.az/autos/10633718-chevrolet-cruze
BMW,320d,29300.0,AZN,2015,2.0 L,225000,Bakı,https://turbo.az/autos/10509147-bmw-320d
Changan,Oshan X5 Plus,26999.0,AZN,2025,1.5 L,0,Bakı,https://turbo.az/autos/10212926-changan-oshan-x5-plus
Mercedes,EQE 500 4MATIC SUV,93500.0,AZN,2024,,0,Bakı,https://turbo.az/autos/10278545-mercedes-eqe-500-4matic-suv
Jeep,Wrangler,70000.0,AZN,2023,2.0 L,101000,Bakı,https://turbo.az/autos/10549695-jeep-wrangler
Hyundai,Tucson,28600.0,AZN,2019,2.0 L,58261,Bakı,https://turbo.az/autos/10581760-hyundai-tucson
Tesla,Model 3,46500.0,AZN,2024,,22222,Bakı,https://turbo.az/autos/10543388-tesla-model-3
Lexus,LX 570,72000.0,AZN,2013,5.7 L,159000,Bakı,https://turbo.az/autos/10569072-lexus-lx-570
BMW,X5,89800.0,AZN,2020,3.0 L,85000,Bakı,https://turbo.az/autos/10576473-bmw-x5
Toyota,Camry,49000.0,AZN,2022,2.5 L,87500,Bakı,https://turbo.az/autos/10591529-toyota-camry
BMW,740,10500.0,AZN,1995,4.0 L,400000,Bakı,https://turbo.az/autos/10604027-bmw-740
BMW,330,44540.0,AZN,2020,2.0 L,102000,Bakı,https://turbo.az/autos/10623980-bmw-330
BMW,325,7700.0,AZN,2000,2.5 L,270000,Bakı,https://turbo.az/autos/10628993-bmw-325
BMW,330,35500.0,AZN,2018,2.0 L,84000,Bakı,https://turbo.az/autos/10629834-bmw-330
BMW,X5,47600.0,AZN,2017,2.0 L,151614,Sumqayıt,https://turbo.az/autos/10576150-bmw-x5
Ford,Transit,29900.0,AZN,2011,2.4 L,149000,Bakı,https://turbo.az/autos/10548154-ford-transit
Changan,Oshan X5 Plus,26990.0,AZN,2026,1.5 L,0,Bakı,https://turbo.az/autos/10240692-changan-oshan-x5-plus
Hyundai,Sonata,31500.0,AZN,2021,1.6 L,183000,Sumqayıt,https://turbo.az/autos/10626860-hyundai-sonata
Opel,Astra,9900.0,AZN,2006,1.4 L,240000,Sumqayıt,https://turbo.az/autos/10627860-opel-astra
Chevrolet,Cruze,13800.0,AZN,2016,1.4 L,202000,Sumqayıt,https://turbo.az/autos/10612323-chevrolet-cruze
Volkswagen,Passat,5800.0,AZN,2004,1.8 L,400000,Bakı,https://turbo.az/autos/10578383-volkswagen-passat
Toyota,Camry,60800.0,AZN,2026,2.0 L,0,Bakı,https://turbo.az/autos/10499215-toyota-camry
Toyota,Prius,12600.0,AZN,2008,1.5 L,295000,Bakı,https://turbo.az/autos/10621441-toyota-prius
Tofas,Sahin,2900.0,AZN,2005,1.6 L,84547,Bakı,https://turbo.az/autos/10635600-tofas-sahin
BMW,530,49000.0,AZN,2018,2.0 L,127943,Bakı,https://turbo.az/autos/10616573-bmw-530
Chevrolet,Malibu,18500.0,AZN,2019,1.5 L,207000,Bakı,https://turbo.az/autos/10620657-chevrolet-malibu
KamAz,5511,12000.0,AZN,1989,11 L,120000,Bakı,https://turbo.az/autos/10635599-kamaz-5511
LADA,(VAZ) Niva,10900.0,AZN,2014,1.7 L,151000,Bakı,https://turbo.az/autos/10554303-lada-vaz-niva
Mercedes,E 220,20700.0,AZN,2007,2.2 L,217500,Bakı,https://turbo.az/autos/10592229-mercedes-e-220
Chevrolet,Equinox,19900.0,AZN,2020,1.5 L,180000,Bakı,https://turbo.az/autos/10558322-chevrolet-equinox
Kia,K5,42500.0,AZN,2022,2.0 L,55000,Bakı,https://turbo.az/autos/10536390-kia-k5
Hyundai,Santa Fe,40300.0,AZN,2018,2.0 L,157500,Bakı,https://turbo.az/autos/10583282-hyundai-santa-fe
Ford,Fusion (North America),14300.0,AZN,2014,1.5 L,330000,Bakı,https://turbo.az/autos/10633908-ford-fusion-north-america
Changan,Uni-V,28900.0,AZN,2024,1.5 L,68900,Bakı,https://turbo.az/autos/10635598-changan-uni-v
Chevrolet,Equinox,25400.0,AZN,2021,1.5 L,92063,Bakı,https://turbo.az/autos/10587397-chevrolet-equinox
Toyota,RAV4,62999.0,AZN,2026,2.0 L,0,Bakı,https://turbo.az/autos/10526882-toyota-rav4
Hyundai,Tucson,22800.0,AZN,2018,2.0 L,170000,Bakı,https://turbo.az/autos/10612439-hyundai-tucson
Changan,Uni-Z,34999.0,AZN,2025,1.5 L,0,Sifarişlə,https://turbo.az/autos/10012454-changan-uni-z
DFSK,Fengon 380,26700.0,AZN,2025,1.5 L,0,Bakı,https://turbo.az/autos/9959359-dfsk-fengon-380
Porsche,Cayenne,246200.0,AZN,2025,3.0 L,0,Bakı,https://turbo.az/autos/10350355-porsche-cayenne
Changan,Qiyuan Q07,37900.0,AZN,2025,1.5 L,0,Bakı,https://turbo.az/autos/10596672-changan-qiyuan-q07
Isuzu,Re-Max,36000.0,AZN,2026,2.5 L,0,Bakı,https://turbo.az/autos/10628604-isuzu-re-max
Volkswagen,Passat,5900.0,AZN,2002,1.8 L,364000,Bakı,https://turbo.az/autos/10420821-volkswagen-passat
Mitsubishi,L200,17500.0,AZN,2010,2.5 L,620000,Bakı,https://turbo.az/autos/10461227-mitsubishi-l200
Hyundai,Elantra,23000.0,AZN,2015,1.8 L,28324,Ağstafa,https://turbo.az/autos/10574083-hyundai-elantra
Mercedes,E 350 e,161500.0,AZN,2024,2.0 L,12000,Bakı,https://turbo.az/autos/10617858-mercedes-e-350-e
LADA,(VAZ) 2107,4400.0,AZN,2001,1.6 L,97000,Bakı,https://turbo.az/autos/10618298-lada-vaz-2107
BMW,320,30900.0,AZN,2017,2.0 L,150000,Bakı,https://turbo.az/autos/10619291-bmw-320
Toyota,Land Cruiser,42000.0,AZN,2011,4.0 L,152500,Bakı,https://turbo.az/autos/10629888-toyota-land-cruiser
Audi,A6,38000.0,AZN,2017,2.0 L,82000,Bakı,https://turbo.az/autos/10634628-audi-a6
Mercedes,C 220,8500.0,AZN,1999,2.2 L,255555,Bakı,https://turbo.az/autos/10635595-mercedes-c-220
Nissan,Sunny,14750.0,AZN,2010,1.6 L,217400,Bakı,https://turbo.az/autos/10565222-nissan-sunny
Opel,Astra,5500.0,AZN,2006,1.7 L,540000,Bakı,https://turbo.az/autos/10630856-opel-astra
Ford,Fusion (North America),13800.0,AZN,2013,1.5 L,277000,Bakı,https://turbo.az/autos/10519079-ford-fusion-north-america
Volkswagen,Polo,12500.0,AZN,2009,1.4 L,310000,Qax,https://turbo.az/autos/10635596-volkswagen-polo
BMW,330,52000.0,AZN,2021,2.0 L,49000,Bakı,https://turbo.az/autos/10621695-bmw-330
JETOUR,T2 i-DM,66500.0,AZN,2025,1.5 L,0,Bakı,https://turbo.az/autos/10551380-jetour-t2-i-dm
Hongqi,H9,60690.0,AZN,2023,2.0 L,30000,Bakı,https://turbo.az/autos/10602254-hongqi-h9
BMW,528,28900.0,AZN,2016,2.0 L,198000,Bakı,https://turbo.az/autos/10421711-bmw-528
Changan,Qiyuan Q05,31900.0,AZN,2025,1.5 L,0,Bakı,https://turbo.az/autos/10047740-changan-qiyuan-q05
Changan,Deepal S07,49900.0,AZN,2025,1.5 L,0,Bakı,https://turbo.az/autos/9114600-changan-deepal-s07
Toyota,Frontlander,43999.0,AZN,2025,2.0 L,0,Bakı,https://turbo.az/autos/10051668-toyota-frontlander
LADA,(VAZ) 2109,2250.0,AZN,1990,1.5 L,290000,Quba,https://turbo.az/autos/10635594-lada-vaz-2109
Changan,Qiyuan Q07,40100.0,AZN,2025,1.5 L,0,Bakı,https://turbo.az/autos/10342007-changan-qiyuan-q07
Land,Rover Range Rover,234600.0,AZN,2023,3.0 L,80000,Bakı,https://turbo.az/autos/10590808-land-rover-range-rover
Volkswagen,Passat CC,12999.0,AZN,2013,2.0 L,205000,Bakı,https://turbo.az/autos/10596588-volkswagen-passat-cc
Mercedes,200 D,5500.0,AZN,1990,2.0 L,450600,Salyan,https://turbo.az/autos/10574141-mercedes-200-d
DongFeng,YiPai 008,61900.0,AZN,2025,1.5 L,0,Bakı,https://turbo.az/autos/10085485-dongfeng-yipai-008
Ford,Fusion (North America),18900.0,AZN,2018,1.5 L,205000,Bakı,https://turbo.az/autos/10509759-ford-fusion-north-america
Opel,Vectra,7600.0,AZN,2000,1.8 L,320000,Bakı,https://turbo.az/autos/10605414-opel-vectra
BMW,428,33000.0,AZN,2015,2.0 L,152000,Bakı,https://turbo.az/autos/10511250-bmw-428
GWM,(Great Wall Motor) Tank 500,84999.0,AZN,2023,2.0 L,21000,Bakı,https://turbo.az/autos/8152531-gwm-great-wall-motor-tank-500
Changan,CS 55 Plus,31800.0,AZN,2025,1.5 L,0,Bakı,https://turbo.az/autos/9992879-changan-cs-55-plus
BMW,iX3,67800.0,AZN,2024,,19000,Bakı,https://turbo.az/autos/10391491-bmw-ix3
Audi,A6,97495.0,AZN,2025,2.0 L,0,Bakı,https://turbo.az/autos/9767494-audi-a6
Changan,Deepal S09,76300.0,AZN,2025,1.5 L,0,Bakı,https://turbo.az/autos/10147485-changan-deepal-s09
Changan,Qiyuan Q07,40000.0,AZN,2025,1.5 L,0,Sumqayıt,https://turbo.az/autos/10529518-changan-qiyuan-q07
BYD,Yuan Plus,44800.0,AZN,2025,,0,Bakı,https://turbo.az/autos/10620572-byd-yuan-plus
Geely,Monjaro,45000.0,AZN,2025,1.5 L,47000,Bakı,https://turbo.az/autos/10198777-geely-monjaro
Ford,Transit,22500.0,AZN,2010,2.4 L,224000,Sumqayıt,https://turbo.az/autos/10403222-ford-transit
BMW,530,15500.0,AZN,2007,3.0 L,196000,Bakı,https://turbo.az/autos/10498461-bmw-530
BMW,X3,62050.0,AZN,2022,2.0 L,65500,Bakı,https://turbo.az/autos/10538639-bmw-x3
Chevrolet,Cruze,15500.0,AZN,2015,1.4 L,254000,Bakı,https://turbo.az/autos/10588169-chevrolet-cruze
Toyota,Land Cruiser Prado,27900.0,AZN,2008,2.7 L,218000,Bakı,https://turbo.az/autos/10599198-toyota-land-cruiser-prado
Porsche,Cayenne Turbo,34000.0,AZN,2011,4.8 L,157000,Bakı,https://turbo.az/autos/10633555-porsche-cayenne-turbo
Hyundai,Santa Fe,20800.0,AZN,2007,2.2 L,184787,Salyan,https://turbo.az/autos/10633842-hyundai-santa-fe
Hyundai,Sonata,14300.0,AZN,2008,2.4 L,240000,Bakı,https://turbo.az/autos/10635591-hyundai-sonata
Changan,Qiyuan Q07,44300.0,AZN,2025,1.5 L,0,Bakı,https://turbo.az/autos/10380171-changan-qiyuan-q07
Land,Rover Defender,160650.0,AZN,2022,3.0 L,92000,Bakı,https://turbo.az/autos/10594496-land-rover-defender
Land,Rover Defender,179999.0,AZN,2023,3.0 L,63300,Bakı,https://turbo.az/autos/10294525-land-rover-defender
BYD,Leopard 5,75500.0,AZN,2025,1.5 L,8300,Bakı,https://turbo.az/autos/10481973-byd-leopard-5
Toyota,Prius,10800.0,AZN,2008,1.5 L,513000,Gəncə,https://turbo.az/autos/10635590-toyota-prius
Bentley,Bentayga,766174.0,AZN,2025,4.0 L,0,Bakı,https://turbo.az/autos/10283053-bentley-bentayga
Land,Rover Range Rover,72000.0,AZN,2017,3.0 L,145000,Bakı,https://turbo.az/autos/10529911-land-rover-range-rover
Denza,N9,114800.0,AZN,2025,2.0 L,7500,Bakı,https://turbo.az/autos/10445099-denza-n9
Hyundai,Accent,10300.0,AZN,2007,1.5 L,330000,Bakı,https://turbo.az/autos/10621878-hyundai-accent
GWM,(Great Wall Motor) Tank 700,158800.0,AZN,2025,3.0 L,4000,Bakı,https://turbo.az/autos/10445047-gwm-great-wall-motor-tank-700
Volkswagen,Passat,6700.0,AZN,2004,1.8 L,374500,Bakı,https://turbo.az/autos/10623409-volkswagen-passat
Hyundai,Accent,11900.0,AZN,2007,1.4 L,239000,Bakı,https://turbo.az/autos/10635589-hyundai-accent
Toyota,Corolla,12200.0,AZN,2005,1.4 L,305000,Şəmkir,https://turbo.az/autos/10599612-toyota-corolla
Mercedes,Sprinter 315,28500.0,AZN,2007,2.2 L,313000,Bakı,https://turbo.az/autos/10601693-mercedes-sprinter-315
LADA,(VAZ) 2114,9400.0,AZN,2012,1.6 L,197628,Gədəbəy,https://turbo.az/autos/10581045-lada-vaz-2114
Mercedes,Sprinter 515,31500.0,AZN,2007,2.5 L,196000,Gəncə,https://turbo.az/autos/10635588-mercedes-sprinter-515
Volkswagen,ID.4 Crozz,30999.0,AZN,2024,,34000,Bakı,https://turbo.az/autos/10558304-volkswagen-id-4-crozz
Geely,Galaxy M9,57341.0,AZN,2026,1.5 L,0,Sifarişlə,https://turbo.az/autos/10401460-geely-galaxy-m9
Ford,Transit Connect,14000.0,AZN,2009,1.8 L,240056,Bakı,https://turbo.az/autos/10540248-ford-transit-connect
DongFeng,Aeolus Shine GS,30900.0,AZN,2025,1.5 L,0,Bakı,https://turbo.az/autos/10185958-dongfeng-aeolus-shine-gs
Changan,Oshan X5 Plus,26995.0,AZN,2026,1.5 L,0,Bakı,https://turbo.az/autos/10449868-changan-oshan-x5-plus
BAW,212,63900.0,AZN,2026,2.0 L,0,Bakı,https://turbo.az/autos/10253259-baw-212
Ford,Transit,28000.0,AZN,2007,2.4 L,178250,Bakı,https://turbo.az/autos/9333795-ford-transit
Toyota,Camry,76330.0,AZN,2026,2.5 L,0,Bakı,https://turbo.az/autos/8923220-toyota-camry
Toyota,RAV4,83980.0,AZN,2026,2.5 L,0,Bakı,https://turbo.az/autos/10368979-toyota-rav4
Khazar,LD,18500.0,AZN,2025,1.7 L,10500,Bakı,https://turbo.az/autos/10601107-khazar-ld
Voyah,Dream,80750.0,AZN,2023,1.5 L,79000,Bakı,https://turbo.az/autos/10602135-voyah-dream
Haval,H6,33000.0,AZN,2025,1.5 L,8000,Bakı,https://turbo.az/autos/10524181-haval-h6
BMW,X5,36900.0,AZN,2016,2.0 L,145000,Bakı,https://turbo.az/autos/10531162-bmw-x5
Ford,Transit,21800.0,AZN,2004,2.4 L,487265,Bakı,https://turbo.az/autos/10542532-ford-transit
Dodge,Durango,22000.0,AZN,2012,3.6 L,257000,Bakı,https://turbo.az/autos/10543698-dodge-durango
Nissan,Sunny,13000.0,AZN,2011,1.6 L,260000,Bakı,https://turbo.az/autos/10611203-nissan-sunny
Geely,Okavango,49900.0,AZN,2024,1.8 L,19474,Quba,https://turbo.az/autos/10618194-geely-okavango
Chevrolet,Equinox,21900.0,AZN,2019,1.5 L,83000,Bakı,https://turbo.az/autos/10628955-chevrolet-equinox
Hyundai,Elantra,16400.0,AZN,2012,1.8 L,174490,Gəncə,https://turbo.az/autos/10629377-hyundai-elantra
Volkswagen,Lavida,21600.0,AZN,2022,1.5 L,92000,Bakı,https://turbo.az/autos/9856646-volkswagen-lavida
Mercedes,CLA 250 e,75000.0,AZN,2024,1.3 L,11000,Bakı,https://turbo.az/autos/10635586-mercedes-cla-250-e
BMW,X5,53000.0,AZN,2015,4.4 L,170028,Bakı,https://turbo.az/autos/10606089-bmw-x5
Ford,Transit,8300.0,AZN,1996,2.5 L,378000,Salyan,https://turbo.az/autos/10635583-ford-transit
Hyundai,Elantra,17800.0,AZN,2014,1.8 L,208000,Bakı,https://turbo.az/autos/10635587-hyundai-elantra
Ford,Transit,18800.0,AZN,2001,2.0 L,638000,Sumqayıt,https://turbo.az/autos/10626253-ford-transit
Haval,H6,40900.0,AZN,2026,1.5 L,0,Bakı,https://turbo.az/autos/10134368-haval-h6
DongFeng,Aeolus Mage HEV,38900.0,AZN,2026,1.5 L,0,Bakı,https://turbo.az/autos/9056575-dongfeng-aeolus-mage-hev
BMW,330,59330.0,AZN,2021,2.0 L,105000,Bakı,https://turbo.az/autos/10535332-bmw-330
Haval,Raptor,52900.0,AZN,2026,2.0 L,0,Bakı,https://turbo.az/autos/10498889-haval-raptor
LADA,(VAZ) 2107,5900.0,AZN,2009,1.6 L,12000,Gəncə,https://turbo.az/autos/10628070-lada-vaz-2107
Mercedes,Sprinter 315,12800.0,AZN,1996,2.9 L,559631,Şəmkir,https://turbo.az/autos/10635582-mercedes-sprinter-315
Changan,Oshan X5 Plus,26990.0,AZN,2026,1.5 L,0,Bakı,https://turbo.az/autos/10427398-changan-oshan-x5-plus
Hyundai,Genesis,34000.0,AZN,2015,3.0 L,188000,Şəmkir,https://turbo.az/autos/10635576-hyundai-genesis
Changan,Deepal SL03,31900.0,AZN,2025,1.5 L,0,Bakı,https://turbo.az/autos/10452748-changan-deepal-sl03
BAW,212,59900.0,AZN,2026,2.0 L,0,Bakı,https://turbo.az/autos/10385420-baw-212
BMW,528,28500.0,AZN,2014,2.0 L,208000,Bakı,https://turbo.az/autos/10635585-bmw-528
BMW,318,5600.0,AZN,1996,1.8 L,325325,Şəmkir,https://turbo.az/autos/10635578-bmw-318
Changan,Uni-Z,37280.0,AZN,2025,1.5 L,0,Bakı,https://turbo.az/autos/10582394-changan-uni-z
BAW,212,59900.0,AZN,2026,2.0 L,0,Bakı,https://turbo.az/autos/10388475-baw-212
Volkswagen,Touareg,16900.0,AZN,2008,4.2 L,215000,Bakı,https://turbo.az/autos/10608571-volkswagen-touareg
Changan,Uni-Z,33600.0,AZN,2025,1.5 L,0,Bakı,https://turbo.az/autos/10582377-changan-uni-z
Changan,Uni-Z,32800.0,AZN,2025,1.5 L,0,Bakı,https://turbo.az/autos/10582367-changan-uni-z
Land,Rover Range Rover,73100.0,AZN,2014,5.0 L,164000,Bakı,https://turbo.az/autos/9269719-land-rover-range-rover
Seres,Aito M9,120700.0,AZN,2024,1.5 L,0,Bakı,https://turbo.az/autos/8669769-seres-aito-m9
Kia,K5,45900.0,AZN,2026,1.5 L,0,Bakı,https://turbo.az/autos/10542335-kia-k5
Toyota,Camry,51760.0,AZN,2026,2.0 L,0,Sifarişlə,https://turbo.az/autos/10580350-toyota-camry
Hyundai,Elantra,22800.0,AZN,2016,2.0 L,108000,Bakı,https://turbo.az/autos/10591033-hyundai-elantra
Hyundai,Sonata,23500.0,AZN,2015,2.0 L,178000,Bakı,https://turbo.az/autos/10474812-hyundai-sonata
Hyundai,i30,17900.0,AZN,2015,1.6 L,220000,Bakı,https://turbo.az/autos/10563049-hyundai-i30
Hyundai,Elantra,22600.0,AZN,2017,2.0 L,156106,Bakı,https://turbo.az/autos/10570737-hyundai-elantra
Hyundai,Elantra,16700.0,AZN,2014,1.8 L,273588,Bakı,https://turbo.az/autos/10589325-hyundai-elantra
Hyundai,Santa Fe,27200.0,AZN,2013,2.4 L,127000,Gəncə,https://turbo.az/autos/10614528-hyundai-santa-fe
BMW,330,34888.0,AZN,2017,2.0 L,88888,Bakı,https://turbo.az/autos/10620511-bmw-330
BYD,Leopard 5,72000.0,AZN,2025,1.5 L,56000,Bakı,https://turbo.az/autos/10626300-byd-leopard-5
Hyundai,Accent,21000.0,AZN,2019,1.4 L,101000,Bakı,https://turbo.az/autos/10633899-hyundai-accent
BAW,212,59900.0,AZN,2026,2.0 L,0,Bakı,https://turbo.az/autos/10266102-baw-212
Changan,Qiyuan Q07,40900.0,AZN,2025,1.5 L,7000,Bakı,https://turbo.az/autos/10616975-changan-qiyuan-q07
Kia,Optima,24500.0,AZN,2017,2.0 L,151000,Bakı,https://turbo.az/autos/10600220-kia-optima
Mercedes,C 220,11900.0,AZN,2000,2.2 L,287455,Sumqayıt,https://turbo.az/autos/10635580-mercedes-c-220
DongFeng,Aeolus Mage EV,33900.0,AZN,2025,,0,Bakı,https://turbo.az/autos/8899488-dongfeng-aeolus-mage-ev
Chevrolet,Equinox,32800.0,AZN,2022,1.5 L,48000,Bakı,https://turbo.az/autos/10453912-chevrolet-equinox
Chevrolet,Equinox,22900.0,AZN,2018,1.5 L,149000,Bakı,https://turbo.az/autos/10612953-chevrolet-equinox
BAW,212,59900.0,AZN,2026,2.0 L,0,Bakı,https://turbo.az/autos/10224790-baw-212
Changan,CS 55 Plus,28900.0,AZN,2025,1.5 L,0,Sifarişlə,https://turbo.az/autos/10455041-changan-cs-55-plus
Kia,Sorento,29500.0,AZN,2015,2.0 L,220000,Bakı,https://turbo.az/autos/10582749-kia-sorento
Hyundai,Sonata,10500.0,AZN,2007,2.4 L,214523,Sumqayıt,https://turbo.az/autos/10619070-hyundai-sonata
Ford,Transit,25000.0,AZN,2011,2.4 L,586000,Xırdalan,https://turbo.az/autos/10635577-ford-transit
Voyah,Dream,134300.0,AZN,2025,1.5 L,0,Bakı,https://turbo.az/autos/10417727-voyah-dream
Voyah,Free,69500.0,AZN,2025,1.5 L,0,Bakı,https://turbo.az/autos/10417777-voyah-free
Changan,Nevo Q07,45900.0,AZN,2025,1.5 L,0,Bakı,https://turbo.az/autos/10177792-changan-nevo-q07
BAW,212,71900.0,AZN,2026,2.0 L,0,Bakı,https://turbo.az/autos/10536280-baw-212
Hyundai,Elantra,18400.0,AZN,2015,1.8 L,202533,Bakı,https://turbo.az/autos/10625327-hyundai-elantra
Mercedes,E 220,18999.0,AZN,2009,2.1 L,340000,Bakı,https://turbo.az/autos/10467952-mercedes-e-220
Hyundai,Santa Fe,32800.0,AZN,2015,2.0 L,158128,Bakı,https://turbo.az/autos/10613509-hyundai-santa-fe
LADA,(VAZ) 2115,4900.0,AZN,2006,1.6 L,225000,Gəncə,https://turbo.az/autos/10619913-lada-vaz-2115
Toyota,RAV4,59900.0,AZN,2024,2.5 L,10600,Xırdalan,https://turbo.az/autos/10632033-toyota-rav4
DongFeng,YiPai 008,61900.0,AZN,2025,1.5 L,0,Bakı,https://turbo.az/autos/9883280-dongfeng-yipai-008
Honda,Accord,16700.0,AZN,2012,2.4 L,268000,Bakı,https://turbo.az/autos/10635574-honda-accord
Chevrolet,Cruze,16200.0,AZN,2016,1.4 L,95500,Gəncə,https://turbo.az/autos/10576195-chevrolet-cruze
Toyota,Corolla Cross,53550.0,AZN,2026,2.0 L,0,Bakı,https://turbo.az/autos/9680521-toyota-corolla-cross
Mercedes,GLC 300 4MATIC,44500.0,AZN,2018,2.0 L,101000,Bakı,https://turbo.az/autos/10343534-mercedes-glc-300-4matic
Land,Rover Defender,118660.0,AZN,2022,2.0 L,94000,Bakı,https://turbo.az/autos/10609190-land-rover-defender
Hyundai,Sonata,31500.0,AZN,2021,1.6 L,183000,Sumqayıt,https://turbo.az/autos/10626860-hyundai-sonata
Hyundai,Elantra,27500.0,AZN,2024,1.5 L,70000,Bakı,https://turbo.az/autos/10416249-hyundai-elantra
Mercedes,GLS 450 4MATIC,109650.0,AZN,2020,3.0 L,131000,Bakı,https://turbo.az/autos/10539380-mercedes-gls-450-4matic
Hyundai,Sonata,18200.0,AZN,2010,2.4 L,300000,Bakı,https://turbo.az/autos/10583338-hyundai-sonata
KamAz,55111,12500.0,AZN,1992,11 L,242000,Qəbələ,https://turbo.az/autos/10600223-kamaz-55111
Toyota,RAV4,26500.0,AZN,2013,2.0 L,206500,Bakı,https://turbo.az/autos/10602870-toyota-rav4
GAZ,GAZel (3302-18),6000.0,AZN,1994,2.4 L,284004,Bakı,https://turbo.az/autos/10614269-gaz-gazel-3302-18
BMW,X6 M,31000.0,AZN,2012,4.4 L,202000,Bakı,https://turbo.az/autos/10619482-bmw-x6-m
Toyota,Corolla,13700.0,AZN,2005,1.4 L,235000,Beyləqan,https://turbo.az/autos/10620139-toyota-corolla
Chevrolet,Cruze,16200.0,AZN,2016,1.4 L,95500,Gəncə,https://turbo.az/autos/10576195-chevrolet-cruze
Mercedes,190,3300.0,AZN,1991,2.0 L,369851,Şirvan,https://turbo.az/autos/10621411-mercedes-190
Kia,Rio,15900.0,AZN,2015,1.6 L,209215,Gəncə,https://turbo.az/autos/10619370-kia-rio
LADA,(VAZ) Priora,7000.0,AZN,2008,1.6 L,335860,Bərdə,https://turbo.az/autos/10635572-lada-vaz-priora
Hyundai,Sonata,18000.0,AZN,2012,2.0 L,230000,Bakı,https://turbo.az/autos/10635569-hyundai-sonata
Jeep,Compass,16900.0,AZN,2012,2.4 L,245000,Bakı,https://turbo.az/autos/9018326-jeep-compass
Nissan,X-Trail,32000.0,AZN,2020,2.0 L,93000,Masallı,https://turbo.az/autos/10573866-nissan-x-trail
GWM,(Great Wall Motor) Tank 300,69900.0,AZN,2026,2.0 L,0,Bakı,https://turbo.az/autos/10360116-gwm-great-wall-motor-tank-300
Haval,H6,40900.0,AZN,2026,1.5 L,0,Bakı,https://turbo.az/autos/10255486-haval-h6
Hyundai,Santa Fe,19800.0,AZN,2008,2.0 L,121192,Bakı,https://turbo.az/autos/10635568-hyundai-santa-fe
LADA,(VAZ) 2107,3100.0,AZN,1996,1.6 L,11129,Biləsuvar,https://turbo.az/autos/10626204-lada-vaz-2107
Hyundai,Sonata,33000.0,AZN,2020,1.6 L,128000,Bakı,https://turbo.az/autos/10553240-hyundai-sonata
Renault,Dokker,15900.0,AZN,2019,1.6 L,203000,Bakı,https://turbo.az/autos/7681132-renault-dokker
Hyundai,Tucson,41900.0,AZN,2024,1.6 L,17500,Sumqayıt,https://turbo.az/autos/10635567-hyundai-tucson
Changan,Uni-Z,33500.0,AZN,2025,1.5 L,0,Sumqayıt,https://turbo.az/autos/9710512-changan-uni-z
Peugeot,308,11900.0,AZN,2013,1.6 L,169400,Bakı,https://turbo.az/autos/6233166-peugeot-308
LADA,(VAZ) Priora,9800.0,AZN,2009,1.6 L,223542,Şəmkir,https://turbo.az/autos/10635556-lada-vaz-priora
Voyah,Free,69500.0,AZN,2025,1.5 L,0,Bakı,https://turbo.az/autos/10417825-voyah-free
DongFeng,Aeolus L8,49900.0,AZN,2026,1.5 L,0,Bakı,https://turbo.az/autos/10431860-dongfeng-aeolus-l8
Lynk,& Co 08,63900.0,AZN,2026,1.5 L,0,Bakı,https://turbo.az/autos/9364880-lynk-co-08
LADA,(VAZ) 2107,5900.0,AZN,2010,1.7 L,76682,Bakı,https://turbo.az/autos/10635563-lada-vaz-2107
Hyundai,Grandeur,12500.0,AZN,2008,2.7 L,300000,Bakı,https://turbo.az/autos/10612306-hyundai-grandeur
Toyota,Camry,42800.0,AZN,2022,2.5 L,78000,Bakı,https://turbo.az/autos/10615732-toyota-camry
Hyundai,Elantra,19906.0,AZN,2013,1.8 L,249000,Bakı,https://turbo.az/autos/10457715-hyundai-elantra
JETOUR,Dashing,39900.0,AZN,2024,1.6 L,0,Bakı,https://turbo.az/autos/10059727-jetour-dashing
BMW,X7,276000.0,AZN,2026,3.0 L,0,Bakı,https://turbo.az/autos/10440898-bmw-x7
Denza,N9,114800.0,AZN,2025,2.0 L,7500,Bakı,https://turbo.az/autos/10445099-denza-n9
BMW,X5,44700.0,AZN,2015,3.0 L,157200,Bakı,https://turbo.az/autos/10623960-bmw-x5
Lexus,GX 460,56000.0,AZN,2011,4.6 L,73000,Bakı,https://turbo.az/autos/10348221-lexus-gx-460
BMW,530e,42000.0,AZN,2018,2.0 L,95000,Bakı,https://turbo.az/autos/10459726-bmw-530e
Toyota,Land Cruiser Prado,28800.0,AZN,2010,2.7 L,196000,Bakı,https://turbo.az/autos/10499600-toyota-land-cruiser-prado
Tofas,Sahin,3700.0,AZN,2006,1.6 L,90000,Bakı,https://turbo.az/autos/10554617-tofas-sahin
Kia,Ceed,11000.0,AZN,2010,1.6 L,350000,Bakı,https://turbo.az/autos/10582800-kia-ceed
Chevrolet,Niva,10500.0,AZN,2012,1.7 L,244000,Şəmkir,https://turbo.az/autos/10601597-chevrolet-niva
Audi,A4,7200.0,AZN,2007,2.0 L,272000,Bakı,https://turbo.az/autos/10615096-audi-a4
Can-Am,Spyder RT,45050.0,AZN,2022,,12000,Bakı,https://turbo.az/autos/10630181-can-am-spyder-rt
Hyundai,Santa Fe,26300.0,AZN,2013,2.0 L,132012,Gəncə,https://turbo.az/autos/10557509-hyundai-santa-fe
Land,Rover Range Rover,59500.0,AZN,2016,3.0 L,145000,Bakı,https://turbo.az/autos/10571304-land-rover-range-rover
Changan,Nevo Q05,28500.0,AZN,2024,1.5 L,35000,Bakı,https://turbo.az/autos/10635566-changan-nevo-q05
Nissan,Altima,11900.0,AZN,2008,2.5 L,272000,Bakı,https://turbo.az/autos/8028053-nissan-altima
Ford,Mustang,45900.0,AZN,2022,2.3 L,36000,Bakı,https://turbo.az/autos/10494074-ford-mustang
Volkswagen,Transporter,45730.0,AZN,2018,2.0 L,235000,Bakı,https://turbo.az/autos/7356938-volkswagen-transporter
Land,Rover Discovery,19000.0,AZN,2008,2.7 L,315000,Bakı,https://turbo.az/autos/10585530-land-rover-discovery
Toyota,Corolla Cross,41900.0,AZN,2026,2.0 L,0,Bakı,https://turbo.az/autos/10484130-toyota-corolla-cross
DongFeng,Aeolus L8,48900.0,AZN,2026,1.5 L,0,Bakı,https://turbo.az/autos/10431802-dongfeng-aeolus-l8
GWM,(Great Wall Motor) Voleex C30,13000.0,AZN,2019,1.5 L,185000,Bakı,https://turbo.az/autos/10635561-gwm-great-wall-motor-voleex-c30
Honda,CR-V,23900.0,AZN,2012,2.4 L,151000,Bakı,https://turbo.az/autos/9310574-honda-cr-v
Mercedes,CLA 250,27700.0,AZN,2016,2.0 L,81000,Bakı,https://turbo.az/autos/10527070-mercedes-cla-250
Mitsubishi,L200,73000.0,AZN,2024,2.4 L,0,Bakı,https://turbo.az/autos/8258453-mitsubishi-l200
Renault,Megane,9800.0,AZN,2012,1.6 L,352000,Bakı,https://turbo.az/autos/10589905-renault-megane
Kia,Forte,17300.0,AZN,2014,2.0 L,192872,Bakı,https://turbo.az/autos/10343204-kia-forte
Toyota,Camry,61900.0,AZN,2026,2.0 L,0,Bakı,https://turbo.az/autos/10462699-toyota-camry
M-Hero,817,115600.0,AZN,2026,1.5 L,0,Bakı,https://turbo.az/autos/10294264-m-hero-817
Land,Rover RR Evoque,28900.0,AZN,2016,2.0 L,168000,Bakı,https://turbo.az/autos/10598190-land-rover-rr-evoque
Toyota,FJ Cruiser,29900.0,AZN,2008,4.0 L,160000,Bakı,https://turbo.az/autos/10568748-toyota-fj-cruiser
Mercedes,GL 500 4MATIC,44030.0,AZN,2014,4.7 L,173000,Bakı,https://turbo.az/autos/9850610-mercedes-gl-500-4matic
Changan,Qiyuan Q07,37900.0,AZN,2025,1.5 L,0,Bakı,https://turbo.az/autos/10521165-changan-qiyuan-q07
Hyundai,Elantra,30900.0,AZN,2023,2.0 L,64000,Bakı,https://turbo.az/autos/10598540-hyundai-elantra
Hyundai,Santa Fe,33900.0,AZN,2018,2.0 L,151700,Bakı,https://turbo.az/autos/10603170-hyundai-santa-fe
Hyundai,Sonata,34000.0,AZN,2022,2.0 L,78000,Bakı,https://turbo.az/autos/10571630-hyundai-sonata
Li,Auto L7,93330.0,AZN,2025,1.5 L,0,Bakı,https://turbo.az/autos/9223310-li-auto-l7
DongFeng,YiPai 008,61900.0,AZN,2025,1.5 L,0,Bakı,https://turbo.az/autos/9853739-dongfeng-yipai-008
GWM,(Great Wall Motor) Poer,50900.0,AZN,2026,2.0 L,0,Bakı,https://turbo.az/autos/9995424-gwm-great-wall-motor-poer
Isuzu,Re-Max,36000.0,AZN,2026,2.5 L,0,Bakı,https://turbo.az/autos/10628594-isuzu-re-max
Changan,Uni-Z,36000.0,AZN,2025,1.5 L,0,Xırdalan,https://turbo.az/autos/10251165-changan-uni-z
Kia,Carens,20900.0,AZN,2017,1.7 L,288000,Bakı,https://turbo.az/autos/10483212-kia-carens
Land,Rover Range Rover,65500.0,AZN,2017,3.0 L,160934,Gəncə,https://turbo.az/autos/10520596-land-rover-range-rover
Hyundai,Elantra,22800.0,AZN,2017,2.0 L,83000,Bakı,https://turbo.az/autos/10597973-hyundai-elantra
Chevrolet,Cruze,13200.0,AZN,2014,1.4 L,280510,Gəncə,https://turbo.az/autos/10613606-chevrolet-cruze
Opel,Astra,10500.0,AZN,2006,1.3 L,341217,Sumqayıt,https://turbo.az/autos/10619497-opel-astra
Chevrolet,Equinox,22500.0,AZN,2018,1.5 L,128125,Bakı,https://turbo.az/autos/10623713-chevrolet-equinox
Nissan,Sentra,15800.0,AZN,2014,1.6 L,236000,Bakı,https://turbo.az/autos/10630800-nissan-sentra
Subaru,XV,30430.0,AZN,2019,2.0 L,107932,Bakı,https://turbo.az/autos/7943521-subaru-xv
BMW,X3,55930.0,AZN,2018,2.0 L,128000,Bakı,https://turbo.az/autos/9209395-bmw-x3
Ford,Transit,29800.0,AZN,2010,2.2 L,150400,Bakı,https://turbo.az/autos/10551196-ford-transit
Chevrolet,Equinox,24500.0,AZN,2019,1.5 L,151278,Bakı,https://turbo.az/autos/10595348-chevrolet-equinox
Mercedes,GLE 53 AMG 4MATIC+ Coupe,136000.0,AZN,2020,3.0 L,39000,Bakı,https://turbo.az/autos/10546575-mercedes-gle-53-amg-4matic-coupe
Porsche,Cayenne GTS,44030.0,AZN,2014,4.8 L,195000,Bakı,https://turbo.az/autos/8613780-porsche-cayenne-gts
Kia,Carens,19900.0,AZN,2014,2.0 L,147500,Bakı,https://turbo.az/autos/10345868-kia-carens
Renault,Grand Scenic,6900.0,AZN,2008,1.5 L,350000,Bakı,https://turbo.az/autos/10621492-renault-grand-scenic
BYD,Leopard 7,82800.0,AZN,2026,1.5 L,0,Bakı,https://turbo.az/autos/10612948-byd-leopard-7
Hyundai,Elantra,22600.0,AZN,2017,2.0 L,156106,Bakı,https://turbo.az/autos/10570737-hyundai-elantra
Fiat,500,13900.0,AZN,2015,1.4 L,26000,Bakı,https://turbo.az/autos/10431784-fiat-500
Nissan,Navara,23900.0,AZN,2014,2.5 L,254991,Bakı,https://turbo.az/autos/9974614-nissan-navara
Mitsubishi,Pajero,12800.0,AZN,2001,3.0 L,390000,Bakı,https://turbo.az/autos/10601195-mitsubishi-pajero
Land,Rover RR Sport,74290.0,AZN,2018,3.0 L,78000,Bakı,https://turbo.az/autos/8816319-land-rover-rr-sport
Hyundai,Elantra,31900.0,AZN,2022,2.0 L,62000,Bakı,https://turbo.az/autos/10345784-hyundai-elantra
Hyundai,Tucson,20300.0,AZN,2012,2.0 L,242000,Bakı,https://turbo.az/autos/10486081-hyundai-tucson
Mercedes,GLB 250 4MATIC,59901.0,AZN,2020,2.0 L,47000,Bakı,https://turbo.az/autos/9940292-mercedes-glb-250-4matic
Skoda,Kamiq,25900.0,AZN,2021,1.5 L,70900,Bakı,https://turbo.az/autos/7112986-skoda-kamiq
Volkswagen,Transporter,38930.0,AZN,2018,2.0 L,137000,Bakı,https://turbo.az/autos/7744055-volkswagen-transporter
Hyundai,Santa Fe,38700.0,AZN,2021,2.5 L,67000,Bakı,https://turbo.az/autos/10560365-hyundai-santa-fe
Hyundai,Elantra,16700.0,AZN,2014,1.8 L,273588,Bakı,https://turbo.az/autos/10589325-hyundai-elantra
Volkswagen,Multivan,49130.0,AZN,2019,2.0 L,101000,Bakı,https://turbo.az/autos/8770354-volkswagen-multivan
Toyota,Prius,8900.0,AZN,2008,1.5 L,399000,Bakı,https://turbo.az/autos/10610946-toyota-prius
Toyota,Corolla,33800.0,AZN,2024,1.8 L,83000,Bakı,https://turbo.az/autos/10622094-toyota-corolla
JAC,JS4,22000.0,AZN,2026,1.5 L,0,Bakı,https://turbo.az/autos/9713770-jac-js4
Changan,Qiyuan Q05,32299.0,AZN,2025,1.5 L,0,Bakı,https://turbo.az/autos/9836504-changan-qiyuan-q05
Audi,Q8,177067.0,AZN,2025,3.0 L,0,Bakı,https://turbo.az/autos/10300867-audi-q8
Changan,Deepal S07,40500.0,AZN,2025,1.5 L,0,Bakı,https://turbo.az/autos/10451512-changan-deepal-s07
Nissan,X-Trail,26000.0,AZN,2014,2.5 L,106000,Bakı,https://turbo.az/autos/9152732-nissan-x-trail
Mitsubishi,Grandis,6500.0,AZN,2003,2.4 L,333000,Lənkəran,https://turbo.az/autos/10508141-mitsubishi-grandis
Hyundai,Grandeur,72000.0,AZN,2023,1.6 L,45000,Bakı,https://turbo.az/autos/10572164-hyundai-grandeur
Land,Rover Defender,161500.0,AZN,2023,3.0 L,65000,Bakı,https://turbo.az/autos/10593886-land-rover-defender
BMW,430,30300.0,AZN,2018,2.0 L,88000,Bakı,https://turbo.az/autos/10614596-bmw-430
Ford,Fusion (North America),20800.0,AZN,2019,1.5 L,170000,Bakı,https://turbo.az/autos/10627260-ford-fusion-north-america
Honda,Insight,11800.0,AZN,2011,1.3 L,250000,Bakı,https://turbo.az/autos/10632987-honda-insight
Hyundai,Santa Fe,26800.0,AZN,2016,2.0 L,129000,Gəncə,https://turbo.az/autos/10634005-hyundai-santa-fe
Mitsubishi,Outlander Sport,45730.0,AZN,2025,1.5 L,0,Bakı,https://turbo.az/autos/9280233-mitsubishi-outlander-sport
BYD,Destroyer 05,28800.0,AZN,2025,1.5 L,24000,Bakı,https://turbo.az/autos/10516595-byd-destroyer-05
Hyundai,Sonata,34900.0,AZN,2020,2.0 L,90000,Bakı,https://turbo.az/autos/9821663-hyundai-sonata
DAF,XF 460 FT,29000.0,AZN,2012,12 L,1000000,Sumqayıt,https://turbo.az/autos/10547917-daf-xf-460-ft
Changan,Eado,31900.0,AZN,2026,1.5 L,0,Bakı,https://turbo.az/autos/10477485-changan-eado
Land,Rover RR Sport,21700.0,AZN,2006,4.4 L,132000,Bakı,https://turbo.az/autos/9172501-land-rover-rr-sport
Avatr,12,79900.0,AZN,2026,1.5 L,0,Bakı,https://turbo.az/autos/10632870-avatr-12
Hyundai,Accent,11700.0,AZN,2007,1.6 L,301500,Sumqayıt,https://turbo.az/autos/10616952-hyundai-accent
Hyundai,Grandeur,21000.0,AZN,2012,3.0 L,221795,Bakı,https://turbo.az/autos/10592801-hyundai-grandeur
Changan,Uni-V,37900.0,AZN,2026,1.5 L,0,Bakı,https://turbo.az/autos/10345621-changan-uni-v
Seres,Aito M7,80070.0,AZN,2025,1.5 L,0,Bakı,https://turbo.az/autos/10463076-seres-aito-m7
Toyota,Camry,41700.0,AZN,2021,2.5 L,128116,Bakı,https://turbo.az/autos/10607796-toyota-camry
Toyota,Frontlander,47300.0,AZN,2026,2.0 L,0,Bakı,https://turbo.az/autos/10529133-toyota-frontlander
Toyota,Corolla,40900.0,AZN,2026,1.8 L,0,Bakı,https://turbo.az/autos/10439721-toyota-corolla
Toyota,RAV4,63900.0,AZN,2026,2.0 L,0,Bakı,https://turbo.az/autos/10350596-toyota-rav4
Mercedes,C 200,7300.0,AZN,1994,2.0 L,495122,Yevlax,https://turbo.az/autos/10635558-mercedes-c-200
Lynk,& Co 900,104900.0,AZN,2026,1.5 L,0,Bakı,https://turbo.az/autos/10572436-lynk-co-900
Ford,Transit,20900.0,AZN,2008,2.4 L,215281,Bakı,https://turbo.az/autos/10601262-ford-transit
Seres,Aito M5,64090.0,AZN,2025,1.5 L,0,Bakı,https://turbo.az/autos/10524341-seres-aito-m5
Honda,Insight,12000.0,AZN,2010,1.3 L,325232,Bakı,https://turbo.az/autos/10635562-honda-insight
BMW,535,26500.0,AZN,2013,3.0 L,208000,Bakı,https://turbo.az/autos/10620882-bmw-535
ZEEKR,9X,188700.0,AZN,2026,2.0 L,0,Sifarişlə,https://turbo.az/autos/10186217-zeekr-9x
Porsche,Macan,98600.0,AZN,2022,2.0 L,34300,Bakı,https://turbo.az/autos/10565950-porsche-macan
Mazda,3,49200.0,AZN,2026,2.0 L,0,Sifarişlə,https://turbo.az/autos/10054577-mazda-3
Changan,CS 55 Plus,31800.0,AZN,2025,1.5 L,0,Bakı,https://turbo.az/autos/9992879-changan-cs-55-plus
Changan,CS 75 Plus,34000.0,AZN,2026,1.5 L,0,Sifarişlə,https://turbo.az/autos/10181100-changan-cs-75-plus
JAC,JS4,22000.0,AZN,2026,1.5 L,0,Xırdalan,https://turbo.az/autos/10391772-jac-js4
BMW,X5,233000.0,AZN,2026,3.0 L,0,Bakı,https://turbo.az/autos/10563163-bmw-x5
BMW,X5,84800.0,AZN,2019,3.0 L,99000,Bakı,https://turbo.az/autos/10275603-bmw-x5
BMW,428,33000.0,AZN,2015,2.0 L,152000,Bakı,https://turbo.az/autos/10511250-bmw-428
Hyundai,Grandeur,72000.0,AZN,2023,1.6 L,45000,Bakı,https://turbo.az/autos/10572164-hyundai-grandeur
Mitsubishi,Pajero,25600.0,AZN,2011,3.5 L,168000,Bakı,https://turbo.az/autos/10608835-mitsubishi-pajero
Land,Rover Range Rover,96050.0,AZN,2019,3.0 L,158000,Bakı,https://turbo.az/autos/10609352-land-rover-range-rover
Land,Rover Defender,209100.0,AZN,2023,2.0 L,10000,Bakı,https://turbo.az/autos/10621491-land-rover-defender
Kia,Rio,17000.0,AZN,2014,1.4 L,114000,Bakı,https://turbo.az/autos/10631374-kia-rio
Chevrolet,Lacetti,8999.0,AZN,2008,1.6 L,305000,Bakı,https://turbo.az/autos/10633803-chevrolet-lacetti
Changan,Qiyuan Q07,46900.0,AZN,2025,1.5 L,0,Bakı,https://turbo.az/autos/10001617-changan-qiyuan-q07
Hyundai,Grand Santa Fe,32800.0,AZN,2014,2.2 L,190000,Bərdə,https://turbo.az/autos/10635548-hyundai-grand-santa-fe
Mazda,EZ-60,54600.0,AZN,2026,,0,Sifarişlə,https://turbo.az/autos/10556585-mazda-ez-60
Mazda,3,49200.0,AZN,2026,2.0 L,0,Sifarişlə,https://turbo.az/autos/9023661-mazda-3
Hyundai,Elantra,29300.0,AZN,2026,1.5 L,0,Sifarişlə,https://turbo.az/autos/10528610-hyundai-elantra
Changan,CS 75 Plus,39000.0,AZN,2026,1.5 L,0,Sifarişlə,https://turbo.az/autos/10556579-changan-cs-75-plus
Changan,CS 75 Pro,33800.0,AZN,2026,1.5 L,0,Sifarişlə,https://turbo.az/autos/10479808-changan-cs-75-pro
Changan,Uni-Z,33300.0,AZN,2025,1.5 L,0,Sifarişlə,https://turbo.az/autos/10300951-changan-uni-z
Li,Auto L7,85800.0,AZN,2025,1.5 L,0,Sifarişlə,https://turbo.az/autos/10231534-li-auto-l7
ZEEKR,8X,148600.0,AZN,2026,2.0 L,0,Sifarişlə,https://turbo.az/autos/10254220-zeekr-8x
Toyota,RAV4,57500.0,AZN,2026,2.0 L,0,Sifarişlə,https://turbo.az/autos/10096555-toyota-rav4
Changan,CS 55 Plus,33300.0,AZN,2026,1.5 L,0,Sifarişlə,https://turbo.az/autos/10181237-changan-cs-55-plus
Changan,Qiyuan Q05,26200.0,AZN,2026,,0,Sifarişlə,https://turbo.az/autos/10087440-changan-qiyuan-q05
Changan,CS 55 Plus,32300.0,AZN,2026,1.5 L,0,Sifarişlə,https://turbo.az/autos/10282131-changan-cs-55-plus
Changan,CS 55 Plus,32300.0,AZN,2026,1.5 L,0,Sifarişlə,https://turbo.az/autos/10074684-changan-cs-55-plus
Ford,Transit,26200.0,AZN,2010,2.4 L,282000,Bakı,https://turbo.az/autos/10471175-ford-transit
Suzuki,SV 650,15990.0,AZN,2025,0.6 L,0,Bakı,https://turbo.az/autos/9375957-suzuki-sv-650
Renault,Fluence,8500.0,AZN,2013,1.6 L,300000,Bakı,https://turbo.az/autos/10635557-renault-fluence
Changan,Uni-Z,36900.0,AZN,2025,1.5 L,0,Bakı,https://turbo.az/autos/10238951-changan-uni-z
Mazda,3,49200.0,AZN,2026,2.0 L,0,Sifarişlə,https://turbo.az/autos/10329554-mazda-3
Hyundai,Santa Fe,26800.0,AZN,2014,2.4 L,220000,Bakı,https://turbo.az/autos/10343249-hyundai-santa-fe
Hyundai,Santa Fe,29000.0,AZN,2014,2.2 L,224760,Bakı,https://turbo.az/autos/10619228-hyundai-santa-fe
Lynk,& Co 09,84900.0,AZN,2025,2.0 L,0,Bakı,https://turbo.az/autos/10232718-lynk-co-09
LADA,(VAZ) Priora,6900.0,AZN,2011,1.8 L,230000,Gəncə,https://turbo.az/autos/10620719-lada-vaz-priora
Lynk,& Co 06,42900.0,AZN,2026,1.5 L,0,Bakı,https://turbo.az/autos/8965631-lynk-co-06
Changan,Qiyuan Q07,48199.0,AZN,2025,1.5 L,0,Bakı,https://turbo.az/autos/9625374-changan-qiyuan-q07
Denza,N9,116999.0,AZN,2025,2.0 L,7400,Bakı,https://turbo.az/autos/10432708-denza-n9
Changan,Oshan X5 Plus,27200.0,AZN,2026,1.5 L,0,Bakı,https://turbo.az/autos/10532501-changan-oshan-x5-plus
Ford,Fusion (North America),17900.0,AZN,2019,1.5 L,75000,Bakı,https://turbo.az/autos/10331436-ford-fusion-north-america
Toyota,Corolla,35500.0,AZN,2025,1.8 L,0,Bakı,https://turbo.az/autos/10507689-toyota-corolla
Mercedes,Vito 116 CDI,53500.0,AZN,2019,2.1 L,293000,Sumqayıt,https://turbo.az/autos/10568889-mercedes-vito-116-cdi
Hyundai,Sonata,20000.0,AZN,2015,2.4 L,225000,Bakı,https://turbo.az/autos/10574310-hyundai-sonata
Ford,Transit,49500.0,AZN,2013,2.2 L,152000,Bakı,https://turbo.az/autos/10587409-ford-transit
Kia,Sorento,32500.0,AZN,2015,2.0 L,373000,Lənkəran,https://turbo.az/autos/10603359-kia-sorento
BMW,525,24900.0,AZN,2012,2.0 L,305000,Quba,https://turbo.az/autos/10609180-bmw-525
Hyundai,Elantra,17800.0,AZN,2014,1.8 L,180729,Bakı,https://turbo.az/autos/10627803-hyundai-elantra
Changan,Deepal S09,89900.0,AZN,2025,1.5 L,0,Bakı,https://turbo.az/autos/9821224-changan-deepal-s09
Changan,Uni-Z,33500.0,AZN,2025,1.5 L,0,Bakı,https://turbo.az/autos/9404311-changan-uni-z
Suzuki,V-Strom 800 RQ,25990.0,AZN,2025,0.8 L,0,Bakı,https://turbo.az/autos/9004270-suzuki-v-strom-800-rq
Mitsubishi,Outlander,26900.0,AZN,2016,2.4 L,232000,Bakı,https://turbo.az/autos/8738910-mitsubishi-outlander
Mercedes,C 300,29700.0,AZN,2016,2.0 L,132000,Bakı,https://turbo.az/autos/10497556-mercedes-c-300
Chevrolet,Aveo,6900.0,AZN,2006,1.2 L,314200,Tərtər,https://turbo.az/autos/10635554-chevrolet-aveo
Changan,CS 55 Plus,29500.0,AZN,2026,1.5 L,0,Bakı,https://turbo.az/autos/10590926-changan-cs-55-plus
Opel,Astra,11160.0,AZN,2010,1.3 L,353211,Bakı,https://turbo.az/autos/10635540-opel-astra
Mercedes,C 220,8500.0,AZN,1995,2.2 L,320000,Gəncə,https://turbo.az/autos/10635493-mercedes-c-220
Lynk,& Co 06,42900.0,AZN,2026,1.5 L,0,Bakı,https://turbo.az/autos/10603337-lynk-co-06
Toyota,Corolla,39200.0,AZN,2026,1.8 L,0,Bakı,https://turbo.az/autos/10514371-toyota-corolla
Changan,CS 55 Plus,29500.0,AZN,2026,1.5 L,0,Bakı,https://turbo.az/autos/10595378-changan-cs-55-plus
Hyundai,Elantra,22700.0,AZN,2019,2.0 L,78000,Sumqayıt,https://turbo.az/autos/10590987-hyundai-elantra
Audi,A8,38900.0,AZN,2014,4.0 L,169000,Bakı,https://turbo.az/autos/9697126-audi-a8
Changan,Qiyuan Q07,45900.0,AZN,2025,1.5 L,0,Sifarişlə,https://turbo.az/autos/10498282-changan-qiyuan-q07
Lynk,& Co 900,86500.0,AZN,2025,1.5 L,0,Sifarişlə,https://turbo.az/autos/10493757-lynk-co-900
Changan,Uni-Z,35400.0,AZN,2026,1.5 L,0,Sifarişlə,https://turbo.az/autos/10226401-changan-uni-z
Changan,Qiyuan Q07,40700.0,AZN,2025,1.5 L,0,Sifarişlə,https://turbo.az/autos/10493711-changan-qiyuan-q07
Changan,CS 75,33800.0,AZN,2026,1.5 L,0,Sifarişlə,https://turbo.az/autos/10181166-changan-cs-75
Toyota,Corolla,37300.0,AZN,2026,1.8 L,0,Sifarişlə,https://turbo.az/autos/10257577-toyota-corolla
Changan,CS 75 Plus,34000.0,AZN,2026,1.5 L,0,Sifarişlə,https://turbo.az/autos/10181100-changan-cs-75-plus
Toyota,Corolla Cross,37800.0,AZN,2026,2.0 L,0,Sifarişlə,https://turbo.az/autos/10395098-toyota-corolla-cross
Changan,Deepal G318,55900.0,AZN,2025,1.5 L,0,Sifarişlə,https://turbo.az/autos/10153892-changan-deepal-g318
Toyota,Camry,49100.0,AZN,2026,2.0 L,0,Sifarişlə,https://turbo.az/autos/10229085-toyota-camry
Changan,Uni-Z,34899.0,AZN,2025,1.5 L,0,Bakı,https://turbo.az/autos/9773775-changan-uni-z
DongFeng,Z9,71900.0,AZN,2026,1.5 L,0,Sifarişlə,https://turbo.az/autos/9824539-dongfeng-z9
Hyundai,Venue,34900.0,AZN,2026,1.6 L,0,Bakı,https://turbo.az/autos/9921671-hyundai-venue
Lynk,& Co 900,113900.0,AZN,2026,2.0 L,0,Bakı,https://turbo.az/autos/10591130-lynk-co-900
Toyota,Camry,13000.0,AZN,2007,2.4 L,305000,Bakı,https://turbo.az/autos/9613507-toyota-camry
Nissan,Tiida,11400.0,AZN,2007,1.5 L,154000,Bakı,https://turbo.az/autos/10324101-nissan-tiida
Changan,Deepal S07,42000.0,AZN,2025,1.5 L,17000,Bakı,https://turbo.az/autos/10507811-changan-deepal-s07
Mercedes,Vito,23800.0,AZN,2009,2.1 L,288000,Bakı,https://turbo.az/autos/10554544-mercedes-vito
Tesla,Model 3,25500.0,AZN,2020,,149000,Bakı,https://turbo.az/autos/10581705-tesla-model-3
BMW,325,16500.0,AZN,1995,2.5 L,250000,Bakı,https://turbo.az/autos/10586458-bmw-325
BMW,330,36550.0,AZN,2017,2.0 L,56062,Balakən,https://turbo.az/autos/10613846-bmw-330
Hyundai,Accent,19800.0,AZN,2020,1.6 L,296119,Bakı,https://turbo.az/autos/10635524-hyundai-accent
Changan,Uni-V,35200.0,AZN,2026,1.5 L,0,Sifarişlə,https://turbo.az/autos/10181368-changan-uni-v
Changan,Oshan X5 Plus,25500.0,AZN,2026,1.5 L,0,Bakı,https://turbo.az/autos/10596217-changan-oshan-x5-plus
Changan,Oshan X5 Plus,26400.0,AZN,2026,1.5 L,0,Sifarişlə,https://turbo.az/autos/10130395-changan-oshan-x5-plus
Toyota,Camry,61400.0,AZN,2026,2.0 L,0,Bakı,https://turbo.az/autos/10630390-toyota-camry
Mercedes,E 240,13900.0,AZN,2002,2.6 L,262000,Bakı,https://turbo.az/autos/10444166-mercedes-e-240
Toyota,Camry,77900.0,AZN,2026,2.5 L,0,Bakı,https://turbo.az/autos/10630375-toyota-camry
Mercedes,E 220 d,41900.0,AZN,2016,2.0 L,185000,Bakı,https://turbo.az/autos/10445668-mercedes-e-220-d
Lynk,& Co 06,42900.0,AZN,2026,1.5 L,0,Bakı,https://turbo.az/autos/9456445-lynk-co-06
Hyundai,Santa Fe,34800.0,AZN,2017,2.0 L,220000,Bakı,https://turbo.az/autos/10630692-hyundai-santa-fe
Changan,Uni-K iDD,41900.0,AZN,2024,1.5 L,14500,Bakı,https://turbo.az/autos/10036639-changan-uni-k-idd
Mercedes,E 300,192020.0,AZN,2026,2.0 L,0,Bakı,https://turbo.az/autos/10412932-mercedes-e-300
Changan,Deepal S07,51900.0,AZN,2025,1.5 L,0,Bakı,https://turbo.az/autos/10238927-changan-deepal-s07
Changan,Qiyuan Q05,30900.0,AZN,2025,1.5 L,7700,Bakı,https://turbo.az/autos/10615841-changan-qiyuan-q05
Changan,Deepal S07,43800.0,AZN,2025,1.5 L,0,Bakı,https://turbo.az/autos/10582410-changan-deepal-s07
GWM,(Great Wall Motor) WEY 07,73900.0,AZN,2025,1.5 L,0,Bakı,https://turbo.az/autos/9541869-gwm-great-wall-motor-wey-07
Hyundai,Accent,19500.0,AZN,2019,1.6 L,172200,Lənkəran,https://turbo.az/autos/10574786-hyundai-accent
Toyota,Camry,15700.0,AZN,2007,2.4 L,347618,Bakı,https://turbo.az/autos/10557366-toyota-camry
Lynk,& Co 06,42900.0,AZN,2026,1.5 L,0,Bakı,https://turbo.az/autos/8965672-lynk-co-06
Skoda,Karoq,39900.0,AZN,2022,1.6 L,30500,Bakı,https://turbo.az/autos/7160809-skoda-karoq
Kia,Cerato,14800.0,AZN,2011,1.6 L,323000,Bakı,https://turbo.az/autos/10600674-kia-cerato
Kia,Optima,23400.0,AZN,2016,2.0 L,168000,Bakı,https://turbo.az/autos/10634533-kia-optima
Toyota,Highlander,65500.0,AZN,2022,2.5 L,100010,Bakı,https://turbo.az/autos/10590052-toyota-highlander
Hyundai,ix35,18700.0,AZN,2011,2.0 L,217000,Bakı,https://turbo.az/autos/10611020-hyundai-ix35
Hyundai,Tucson L,49900.0,AZN,2025,2.0 L,0,Bakı,https://turbo.az/autos/9671008-hyundai-tucson-l
Changan,Eado,26499.0,AZN,2025,1.5 L,0,Bakı,https://turbo.az/autos/9994500-changan-eado
MG,RX8,41900.0,AZN,2021,2.0 L,26200,Bakı,https://turbo.az/autos/10517984-mg-rx8
Nissan,Sunny,14700.0,AZN,2014,1.5 L,292000,Bakı,https://turbo.az/autos/10573589-nissan-sunny
Toyota,RAV4,62000.0,AZN,2026,2.0 L,0,Bakı,https://turbo.az/autos/10631271-toyota-rav4
Opel,Corsa,10500.0,AZN,2014,1.4 L,243000,Bakı,https://turbo.az/autos/10296078-opel-corsa
DongFeng,YiPai 008,54000.0,AZN,2025,1.5 L,9300,Bakı,https://turbo.az/autos/10514723-dongfeng-yipai-008
Opel,Astra,10300.0,AZN,2008,1.3 L,338800,Bakı,https://turbo.az/autos/10516523-opel-astra
Changan,Uni-V,29500.0,AZN,2024,1.5 L,24000,Gəncə,https://turbo.az/autos/10549316-changan-uni-v
Hyundai,Santa Fe,43500.0,AZN,2019,2.0 L,99000,Bakı,https://turbo.az/autos/10591786-hyundai-santa-fe
Hyundai,Elantra,25000.0,AZN,2021,1.6 L,103000,Bakı,https://turbo.az/autos/10609097-hyundai-elantra
Fiat,500L,15400.0,AZN,2015,1.4 L,117711,Bakı,https://turbo.az/autos/10626194-fiat-500l
Li,Auto L7,75800.0,AZN,2024,1.5 L,33000,Bakı,https://turbo.az/autos/10631777-li-auto-l7
Lynk,& Co 08,63900.0,AZN,2025,1.5 L,0,Bakı,https://turbo.az/autos/9996780-lynk-co-08
Hyundai,Sonata,53900.0,AZN,2026,2.5 L,0,Bakı,https://turbo.az/autos/10352829-hyundai-sonata
Infiniti,FX35,16500.0,AZN,2007,3.5 L,250000,Bakı,https://turbo.az/autos/10486174-infiniti-fx35
Toyota,Frontlander,44000.0,AZN,2026,2.0 L,0,Bakı,https://turbo.az/autos/10621590-toyota-frontlander
Hyundai,Palisade,109900.0,AZN,2026,2.5 L,0,Bakı,https://turbo.az/autos/10112101-hyundai-palisade
Opel,Astra,12500.0,AZN,2005,1.4 L,232331,İsmayıllı,https://turbo.az/autos/10635553-opel-astra
Lynk,& Co 08,59900.0,AZN,2025,1.5 L,0,Bakı,https://turbo.az/autos/9584383-lynk-co-08
Li,Auto L9,78030.0,AZN,2023,1.5 L,49700,Bakı,https://turbo.az/autos/9603871-li-auto-l9
Kia,Sportage,37200.0,AZN,2023,1.6 L,99700,Bakı,https://turbo.az/autos/10587429-kia-sportage
Toyota,Camry,78030.0,AZN,2026,2.5 L,0,Lənkəran,https://turbo.az/autos/10274914-toyota-camry
Voyah,Taishan,134300.0,AZN,2026,1.5 L,0,Bakı,https://turbo.az/autos/10445520-voyah-taishan
Chevrolet,Equinox,20700.0,AZN,2020,1.5 L,90700,Bakı,https://turbo.az/autos/10625287-chevrolet-equinox
General,Auto MSKU1405117,20400.0,AZN,2026,,0,Bakı,https://turbo.az/autos/10506628-general-auto-msku1405117
Hyundai,Palisade,109900.0,AZN,2026,2.5 L,0,Bakı,https://turbo.az/autos/10350008-hyundai-palisade
Hyundai,Santa Fe,49500.0,AZN,2022,1.6 L,58130,Sumqayıt,https://turbo.az/autos/10607056-hyundai-santa-fe
Avatr,07,63900.0,AZN,2026,1.5 L,500,Bakı,https://turbo.az/autos/10398241-avatr-07
Nissan,Kicks,30500.0,AZN,2023,1.6 L,69500,Bakı,https://turbo.az/autos/10623190-nissan-kicks
Kia,Seltos,26800.0,AZN,2020,1.6 L,28700,Bakı,https://turbo.az/autos/10589775-kia-seltos
Toyota,Frontlander,37900.0,AZN,2024,2.0 L,9700,Bakı,https://turbo.az/autos/10616487-toyota-frontlander
GWM,(Great Wall Motor) Hover M2,4400.0,AZN,2012,1.5 L,215300,Bakı,https://turbo.az/autos/10619759-gwm-great-wall-motor-hover-m2
Dnepr,K-750,5800.0,AZN,1969,,109000,Bakı,https://turbo.az/autos/10581383-dnepr-k-750
Lynk,& Co 900,104900.0,AZN,2025,1.5 L,0,Bakı,https://turbo.az/autos/9838480-lynk-co-900
DongFeng,Nammi Box,22900.0,AZN,2024,,0,Bakı,https://turbo.az/autos/8901448-dongfeng-nammi-box
Kia,Sorento,28700.0,AZN,2016,2.0 L,120600,Bakı,https://turbo.az/autos/10625273-kia-sorento
Haojue,KA150,3915.0,AZN,2026,0.2 L,0,Sifarişlə,https://turbo.az/autos/9998548-haojue-ka150
Changan,Qiyuan Q07,41750.0,AZN,2025,1.5 L,0,Sifarişlə,https://turbo.az/autos/10351203-changan-qiyuan-q07
Changan,Deepal S07,40500.0,AZN,2025,1.5 L,0,Bakı,https://turbo.az/autos/10451512-changan-deepal-s07
BMW,330e,71400.0,AZN,2023,2.0 L,55000,Bakı,https://turbo.az/autos/10564411-bmw-330e
Baic,X3,19000.0,AZN,2020,1.5 L,64100,Bakı,https://turbo.az/autos/10271401-baic-x3
Toyota,Highlander,78500.0,AZN,2020,3.5 L,91000,Bakı,https://turbo.az/autos/10561598-toyota-highlander
Hyundai,Sonata,41000.0,AZN,2022,2.0 L,46500,Bakı,https://turbo.az/autos/10604145-hyundai-sonata
Hyundai,Sonata,24500.0,AZN,2016,2.0 L,190385,Bakı,https://turbo.az/autos/10609502-hyundai-sonata
BMW,X7,190000.0,AZN,2023,3.0 L,37500,Bakı,https://turbo.az/autos/10617710-bmw-x7
Chevrolet,Malibu,18000.0,AZN,2018,1.5 L,227000,Bakı,https://turbo.az/autos/10620860-chevrolet-malibu
Opel,Astra,8200.0,AZN,1998,1.6 L,400000,Bakı,https://turbo.az/autos/10630463-opel-astra
Kia,Sorento,32000.0,AZN,2014,2.0 L,210671,Bakı,https://turbo.az/autos/10631781-kia-sorento
Mercedes,C 220,6200.0,AZN,1994,2.2 L,250000,Şəki,https://turbo.az/autos/10635549-mercedes-c-220
Chevrolet,Equinox,22200.0,AZN,2020,1.5 L,121000,Bakı,https://turbo.az/autos/10571444-chevrolet-equinox
Chevrolet,Equinox,20900.0,AZN,2017,1.5 L,155000,Bakı,https://turbo.az/autos/10577200-chevrolet-equinox
Changan,Eado,28700.0,AZN,2026,1.5 L,0,Bakı,https://turbo.az/autos/10583490-changan-eado
Hyundai,Santa Fe,27200.0,AZN,2013,2.4 L,127000,Gəncə,https://turbo.az/autos/10614528-hyundai-santa-fe
GAZ,GAZel Sadko Next C41A23,62500.0,AZN,2025,4.4 L,0,Bakı,https://turbo.az/autos/7738125-gaz-gazel-sadko-next-c41a23
Changan,Oshan X5 Plus,26600.0,AZN,2026,1.5 L,0,Bakı,https://turbo.az/autos/10453379-changan-oshan-x5-plus
Mercedes,S 400,57500.0,AZN,2015,3.0 L,143000,Bakı,https://turbo.az/autos/10591090-mercedes-s-400
GAZ,GAZel (330232-744),33500.0,AZN,2025,2.7 L,0,Bakı,https://turbo.az/autos/7247033-gaz-gazel-330232-744
Changan,Qiyuan Q07,41900.0,AZN,2025,1.5 L,2100,Bakı,https://turbo.az/autos/10624323-changan-qiyuan-q07
Opel,Astra,10700.0,AZN,2008,1.4 L,320000,Göyçay,https://turbo.az/autos/10448452-opel-astra
Mercedes,S 350 d,93500.0,AZN,2018,3.0 L,165000,Bakı,https://turbo.az/autos/9430732-mercedes-s-350-d
Toyota,RAV4,62000.0,AZN,2026,2.0 L,0,Bakı,https://turbo.az/autos/10391252-toyota-rav4
Toyota,Corolla,39500.0,AZN,2026,1.8 L,0,Bakı,https://turbo.az/autos/10441240-toyota-corolla
Porsche,Macan,52000.0,AZN,2018,2.0 L,88514,Bakı,https://turbo.az/autos/10497126-porsche-macan
GAZ,GAZel (33027),26500.0,AZN,2025,2.7 L,10593,Bakı,https://turbo.az/autos/9297054-gaz-gazel-33027
GAZ,GAZel (33027),26500.0,AZN,2024,2.7 L,0,Bakı,https://turbo.az/autos/6989508-gaz-gazel-33027
Kia,Niro,30500.0,AZN,2021,1.6 L,62000,Bakı,https://turbo.az/autos/10444963-kia-niro
GAZ,GAZel Next A31R22,42500.0,AZN,2025,2.5 L,0,Bakı,https://turbo.az/autos/7264468-gaz-gazel-next-a31r22
GAZ,GAZel (330273),41500.0,AZN,2023,2.7 L,0,Bakı,https://turbo.az/autos/7246370-gaz-gazel-330273
GAZ,GAZel (3302-744),29000.0,AZN,2025,2.7 L,0,Bakı,https://turbo.az/autos/7192708-gaz-gazel-3302-744
GAZ,231073,38500.0,AZN,2025,2.7 L,0,Bakı,https://turbo.az/autos/7088906-gaz-231073
Ford,Transit,18800.0,AZN,2008,2.2 L,176000,Bakı,https://turbo.az/autos/10612587-ford-transit
GAZ,GAZel (330202-740),29800.0,AZN,2025,2.7 L,0,Bakı,https://turbo.az/autos/7394309-gaz-gazel-330202-740
Hyundai,Santa Fe,59800.0,AZN,2024,1.6 L,700,Bakı,https://turbo.az/autos/9967684-hyundai-santa-fe
Mini,Cooper SE,70708.0,AZN,2025,,0,Bakı,https://turbo.az/autos/10221724-mini-cooper-se
Changan,Uni-Z,34800.0,AZN,2025,1.5 L,0,Bakı,https://turbo.az/autos/10532591-changan-uni-z
ZEEKR,8X,150450.0,AZN,2026,2.0 L,0,Bakı,https://turbo.az/autos/10549609-zeekr-8x
Ravon,Nexia R3,23400.0,AZN,2020,1.5 L,150000,Bakı,https://turbo.az/autos/9561402-ravon-nexia-r3
BMW,528,31200.0,AZN,2015,2.0 L,171000,Bakı,https://turbo.az/autos/10101967-bmw-528
Porsche,Macan,98600.0,AZN,2022,2.0 L,34300,Bakı,https://turbo.az/autos/10565950-porsche-macan
Kia,Sorento,48000.0,AZN,2023,1.6 L,162000,Bakı,https://turbo.az/autos/10589409-kia-sorento
Cadillac,ATS,22700.0,AZN,2017,2.0 L,162000,Bakı,https://turbo.az/autos/10594474-cadillac-ats
Kia,Optima,15700.0,AZN,2011,2.0 L,185000,Bakı,https://turbo.az/autos/10612046-kia-optima
Kia,Rio,15900.0,AZN,2015,1.6 L,209215,Gəncə,https://turbo.az/autos/10619370-kia-rio
Volkswagen,Jetta,9250.0,AZN,2007,2.5 L,304233,Bakı,https://turbo.az/autos/10625964-volkswagen-jetta
GAZ,221717,58500.0,AZN,2023,2.7 L,0,Bakı,https://turbo.az/autos/6989447-gaz-221717
GAZ,GAZel Next A22R32,48500.0,AZN,2025,2.5 L,0,Bakı,https://turbo.az/autos/7003530-gaz-gazel-next-a22r32
GAZ,GAZel Next A31R32,43500.0,AZN,2025,2.8 L,0,Bakı,https://turbo.az/autos/7239328-gaz-gazel-next-a31r32
GAZ,GAZel NEXT A68R52 CITY LINE,74500.0,AZN,2025,2.5 L,0,Bakı,https://turbo.az/autos/7393776-gaz-gazel-next-a68r52-city-line
MAN,19.414,19000.0,AZN,1999,6.5 L,650964,Bakı,https://turbo.az/autos/10635499-man-19-414
GAZ,GAZel Next A65R52,63500.0,AZN,2025,2.5 L,0,Bakı,https://turbo.az/autos/6989788-gaz-gazel-next-a65r52
GAZ,GAZel Next A21R32-30,41500.0,AZN,2025,2.5 L,0,Bakı,https://turbo.az/autos/7467609-gaz-gazel-next-a21r32-30
GAZ,27527-745,35500.0,AZN,2023,2.7 L,0,Bakı,https://turbo.az/autos/7246860-gaz-27527-745
Kia,Sorento,32800.0,AZN,2014,2.0 L,176000,Bakı,https://turbo.az/autos/10635546-kia-sorento
GAZ,GAZel (322173),45000.0,AZN,2025,2.7 L,0,Bakı,https://turbo.az/autos/7239409-gaz-gazel-322173
GAZ,GAZel Next A21R22-30,40500.0,AZN,2025,2.5 L,0,Bakı,https://turbo.az/autos/7003473-gaz-gazel-next-a21r22-30
BMW,X6,242000.0,AZN,2025,3.0 L,0,Bakı,https://turbo.az/autos/10474627-bmw-x6
GAZ,"31105 ""Volga""",7200.0,AZN,2004,2.4 L,252000,Lənkəran,https://turbo.az/autos/10635527-gaz-31105-volga
Volkswagen,Scirocco,14000.0,AZN,2010,2.0 L,180000,Bakı,https://turbo.az/autos/10601930-volkswagen-scirocco
Skoda,Octavia,46900.0,AZN,2024,1.5 L,0,Bakı,https://turbo.az/autos/9997011-skoda-octavia
Changan,Uni-Z,34300.0,AZN,2026,1.5 L,0,Bakı,https://turbo.az/autos/10601301-changan-uni-z
BMW,X7,276000.0,AZN,2026,3.0 L,0,Bakı,https://turbo.az/autos/10440898-bmw-x7
Kia,Sportage,45500.0,AZN,2025,2.0 L,6035,Bakı,https://turbo.az/autos/10219984-kia-sportage
Changan,Oshan X5 Plus,27900.0,AZN,2026,1.5 L,0,Bakı,https://turbo.az/autos/10601321-changan-oshan-x5-plus
LADA,(VAZ) 2107,4400.0,AZN,2007,1.6 L,215041,Bakı,https://turbo.az/autos/10599208-lada-vaz-2107
Lynk,& Co 900,89000.0,AZN,2025,1.5 L,1400,Bakı,https://turbo.az/autos/10350023-lynk-co-900
LADA,(VAZ) Niva,22500.0,AZN,2026,1.7 L,0,Bakı,https://turbo.az/autos/10478557-lada-vaz-niva
Mercedes,190,4400.0,AZN,1988,2.0 L,222000,Gəncə,https://turbo.az/autos/10635528-mercedes-190
Changan,Qiyuan A07,32699.0,AZN,2025,1.5 L,0,Bakı,https://turbo.az/autos/10632557-changan-qiyuan-a07
Suzuki,Baleno,31450.0,AZN,2024,1.5 L,0,Bakı,https://turbo.az/autos/8951793-suzuki-baleno
KYC,V5,32900.0,AZN,2026,1.5 L,0,Bakı,https://turbo.az/autos/10203420-kyc-v5
JMC,D60,68000.0,AZN,2026,2.9 L,0,Bakı,https://turbo.az/autos/10309863-jmc-d60
Chevrolet,Cruze,15500.0,AZN,2016,1.4 L,158000,Bakı,https://turbo.az/autos/10584489-chevrolet-cruze
Hyundai,Tucson,25400.0,AZN,2016,2.0 L,82300,Bakı,https://turbo.az/autos/9744777-hyundai-tucson
BMW,X7,93500.0,AZN,2019,3.0 L,124000,Bakı,https://turbo.az/autos/10415573-bmw-x7
Hyundai,Elantra,24850.0,AZN,2020,2.0 L,59546,Bakı,https://turbo.az/autos/10555524-hyundai-elantra
Mercedes,Vito,18500.0,AZN,2010,2.1 L,375000,Bakı,https://turbo.az/autos/10606809-mercedes-vito
Haval,H6,25500.0,AZN,2020,2.0 L,111000,Bakı,https://turbo.az/autos/10621161-haval-h6
Mercedes,E 280,9100.0,AZN,2000,2.8 L,400000,Balakən,https://turbo.az/autos/10622005-mercedes-e-280
Opel,Omega,2700.0,AZN,1997,2.0 L,270000,Bakı,https://turbo.az/autos/10624375-opel-omega
Jeep,Wrangler,35500.0,AZN,2011,3.8 L,134000,Bakı,https://turbo.az/autos/10627254-jeep-wrangler
GAZ,Gazon C41R33,48500.0,AZN,2025,4.4 L,0,Bakı,https://turbo.az/autos/7246288-gaz-gazon-c41r33
Changan,Oshan X5 Plus,27900.0,AZN,2026,1.5 L,0,Bakı,https://turbo.az/autos/10601331-changan-oshan-x5-plus
Changan,Qiyuan A07,32600.0,AZN,2025,1.5 L,0,Bakı,https://turbo.az/autos/10623603-changan-qiyuan-a07
Toyota,Corolla Cross,41600.0,AZN,2026,2.0 L,0,Bakı,https://turbo.az/autos/10451579-toyota-corolla-cross
Audi,A6,20400.0,AZN,2011,2.8 L,270000,Bakı,https://turbo.az/autos/10627725-audi-a6
Chevrolet,Cobalt,15800.0,AZN,2025,1.5 L,100000,Bakı,https://turbo.az/autos/10613682-chevrolet-cobalt
Lexus,GS 200t,39900.0,AZN,2016,2.0 L,102000,Bakı,https://turbo.az/autos/10471750-lexus-gs-200t
Changan,Oshan X5 Plus,27900.0,AZN,2026,1.5 L,0,Bakı,https://turbo.az/autos/10568827-changan-oshan-x5-plus
Lynk,& Co 900,107900.0,AZN,2025,2.0 L,0,Bakı,https://turbo.az/autos/10230302-lynk-co-900
BMW,530,43300.0,AZN,2017,2.0 L,120000,Bakı,https://turbo.az/autos/10512090-bmw-530
Changan,Qiyuan Q07,39499.0,AZN,2026,1.5 L,0,Bakı,https://turbo.az/autos/10623647-changan-qiyuan-q07
Changan,Uni-Z,32999.0,AZN,2025,1.5 L,0,Bakı,https://turbo.az/autos/10529630-changan-uni-z
Changan,CS 75 Pro,32500.0,AZN,2026,1.5 L,0,Bakı,https://turbo.az/autos/10568564-changan-cs-75-pro
Hyundai,Santa Fe,34000.0,AZN,2017,2.0 L,131900,Bakı,https://turbo.az/autos/10572960-hyundai-santa-fe
BYD,Destroyer 05,24799.0,AZN,2025,1.5 L,0,Bakı,https://turbo.az/autos/10003778-byd-destroyer-05
Mercedes,190,5800.0,AZN,1992,2.0 L,700000,Qusar,https://turbo.az/autos/10635469-mercedes-190
Ford,Transit,18800.0,AZN,2009,2.2 L,173000,Bakı,https://turbo.az/autos/10595807-ford-transit
Changan,Qiyuan Q05,32300.0,AZN,2025,1.5 L,0,Bakı,https://turbo.az/autos/10633086-changan-qiyuan-q05
Changan,CS 75 Pro,32500.0,AZN,2026,1.5 L,0,Bakı,https://turbo.az/autos/10555865-changan-cs-75-pro
Toyota,Frontlander,44500.0,AZN,2026,2.0 L,0,Bakı,https://turbo.az/autos/10635541-toyota-frontlander
